ticker,ex_date,dividend
AAK.ST,2006-11-13,4.833333
AAK.ST,2007-05-22,0.666667
AAK.ST,2008-05-22,0.666667
AAK.ST,2009-05-20,0.666667
AAK.ST,2010-05-21,0.708333
AAK.ST,2011-05-18,0.75
AAK.ST,2012-05-16,0.791667
AAK.ST,2013-05-06,0.875
AAK.ST,2014-05-09,1.0
AAK.ST,2015-05-06,1.125
AAK.ST,2016-05-12,1.291667
AAK.ST,2017-05-18,1.458333
AAK.ST,2018-05-31,1.625
AAK.ST,2019-05-16,1.85
AAK.ST,2020-11-27,2.1
AAK.ST,2021-05-10,2.3
AAK.ST,2022-05-19,2.5
AAK.ST,2023-05-05,2.75
AAK.ST,2024-05-10,3.7
AAK.ST,2025-05-09,5.0
AAK.ST,2026-05-11,9.35
ABB.ST,2006-05-09,1.405752
ABB.ST,2007-05-08,2.811504
ABB.ST,2008-07-28,5.623008
ABB.ST,2009-07-28,5.623008
ABB.ST,2010-07-12,5.974446
ABB.ST,2011-05-03,7.02876
ABB.ST,2012-04-30,7.6144896
ABB.ST,2013-04-29,7.9659276
ABB.ST,2014-05-05,8.200219
ABB.ST,2015-05-05,6.44303
ABB.ST,2016-07-11,8.668804
ABB.ST,2017-04-19,8.903095
ABB.ST,2018-04-04,9.137387
ABB.ST,2019-05-06,9.37168
ABB.ST,2020-03-30,9.37168
ABB.ST,2021-03-29,9.37168
ABB.ST,2022-03-28,9.605971
ABB.ST,2023-03-27,9.840263
ABB.ST,2024-03-25,10.191702
ABB.ST,2025-03-31,10.543139
ABB.ST,2026-03-23,11.0117235
ADDT-B.ST,2002-08-21,0.1
ADDT-B.ST,2003-08-20,0.125
ADDT-B.ST,2006-08-23,0.333333
ADDT-B.ST,2007-08-28,0.5
ADDT-B.ST,2008-08-26,0.583333
ADDT-B.ST,2009-08-25,0.416667
ADDT-B.ST,2010-08-25,0.416667
ADDT-B.ST,2011-08-24,0.583333
ADDT-B.ST,2012-08-30,0.666667
ADDT-B.ST,2013-08-29,0.666667
ADDT-B.ST,2014-08-28,0.75
ADDT-B.ST,2015-08-28,0.8125
ADDT-B.ST,2016-09-01,0.8125
ADDT-B.ST,2017-09-01,0.875
ADDT-B.ST,2018-08-31,1.0
ADDT-B.ST,2019-08-30,1.25
ADDT-B.ST,2020-08-31,1.0
ADDT-B.ST,2021-08-27,1.2
ADDT-B.ST,2022-08-26,1.8
ADDT-B.ST,2023-08-24,2.5
ADDT-B.ST,2024-08-23,2.8
ADDT-B.ST,2025-08-28,3.2
ALIG.ST,2016-05-12,1.368226
ALIG.ST,2017-05-12,1.194521
ALIG.ST,2018-05-17,1.717123
ALIG.ST,2019-05-10,2.053082
ALIG.ST,2020-05-08,1.306507
ALIG.ST,2021-05-07,2.239726
ALIG.ST,2022-05-06,2.463699
ALIG.ST,2023-05-05,1.82
ALIG.ST,2024-04-30,2.5
ALIG.ST,2025-05-02,3.0
ALIG.ST,2026-05-07,3.3
ALIV-SDB.ST,2000-02-01,1.0467709
ALIV-SDB.ST,2000-05-04,1.0467709
ALIV-SDB.ST,2000-08-08,1.0467709
ALIV-SDB.ST,2000-11-07,1.10748
ALIV-SDB.ST,2001-01-30,1.0467709
ALIV-SDB.ST,2001-05-08,1.0467709
ALIV-SDB.ST,2001-08-07,1.0467709
ALIV-SDB.ST,2001-11-06,1.0467709
ALIV-SDB.ST,2002-02-05,1.0467709
ALIV-SDB.ST,2002-05-06,1.0467709
ALIV-SDB.ST,2002-08-06,1.0467709
ALIV-SDB.ST,2002-11-05,1.0467709
ALIV-SDB.ST,2003-08-05,1.237093
ALIV-SDB.ST,2003-11-05,1.427415
ALIV-SDB.ST,2004-02-03,1.427415
ALIV-SDB.ST,2004-05-04,1.90322
ALIV-SDB.ST,2004-08-10,1.90322
ALIV-SDB.ST,2004-11-09,1.90322
ALIV-SDB.ST,2005-02-01,2.379025
ALIV-SDB.ST,2005-05-02,2.379025
ALIV-SDB.ST,2006-01-31,3.045152
ALIV-SDB.ST,2006-08-08,3.3306348
ALIV-SDB.ST,2006-11-07,3.520957
ALIV-SDB.ST,2007-01-30,2.6
ALIV-SDB.ST,2007-05-08,2.63
ALIV-SDB.ST,2007-08-07,2.61
ALIV-SDB.ST,2007-11-06,2.5
ALIV-SDB.ST,2008-05-06,2.47
ALIV-SDB.ST,2008-08-05,2.5063
ALIV-SDB.ST,2008-11-04,3.17
ALIV-SDB.ST,2009-02-03,1.75668
ALIV-SDB.ST,2010-08-03,2.13
ALIV-SDB.ST,2010-11-02,2.34
ALIV-SDB.ST,2011-02-01,3.80644
ALIV-SDB.ST,2011-05-03,4.091923
ALIV-SDB.ST,2011-08-16,4.2822447
ALIV-SDB.ST,2011-11-15,4.2822447
ALIV-SDB.ST,2012-02-13,4.2822447
ALIV-SDB.ST,2012-05-21,4.472567
ALIV-SDB.ST,2012-08-20,4.472567
ALIV-SDB.ST,2012-11-19,4.75805
ALIV-SDB.ST,2013-02-19,4.75805
ALIV-SDB.ST,2013-05-20,4.75805
ALIV-SDB.ST,2013-08-19,4.75805
ALIV-SDB.ST,2013-11-18,4.75805
ALIV-SDB.ST,2014-02-18,4.948372
ALIV-SDB.ST,2014-05-19,4.948372
ALIV-SDB.ST,2014-08-18,5.1386943
ALIV-SDB.ST,2014-11-18,5.1386943
ALIV-SDB.ST,2015-02-18,5.1386943
ALIV-SDB.ST,2015-05-19,5.329016
ALIV-SDB.ST,2015-08-19,5.329016
ALIV-SDB.ST,2015-11-17,5.329016
ALIV-SDB.ST,2016-02-17,5.329016
ALIV-SDB.ST,2016-05-17,4.7774
ALIV-SDB.ST,2016-08-17,4.8846
ALIV-SDB.ST,2016-11-15,5.3032
ALIV-SDB.ST,2017-02-14,5.18
ALIV-SDB.ST,2017-11-21,5.70966
ALIV-SDB.ST,2018-02-21,5.70966
ALIV-SDB.ST,2018-05-22,5.899982
ALIV-SDB.ST,2018-08-21,5.899982
ALIV-SDB.ST,2018-11-20,5.899982
ALIV-SDB.ST,2019-02-21,5.899982
ALIV-SDB.ST,2019-05-21,5.899982
ALIV-SDB.ST,2019-08-20,5.899982
ALIV-SDB.ST,2019-11-19,5.899982
ALIV-SDB.ST,2020-02-19,5.899982
ALIV-SDB.ST,2021-05-27,5.899982
ALIV-SDB.ST,2021-09-08,5.899982
ALIV-SDB.ST,2021-11-26,6.090304
ALIV-SDB.ST,2022-03-07,6.090304
ALIV-SDB.ST,2022-05-23,6.090304
ALIV-SDB.ST,2022-09-06,6.090304
ALIV-SDB.ST,2022-11-21,6.2806263
ALIV-SDB.ST,2023-03-07,6.2806263
ALIV-SDB.ST,2023-05-24,6.2806263
ALIV-SDB.ST,2023-09-06,6.2806263
ALIV-SDB.ST,2023-11-27,6.470948
ALIV-SDB.ST,2024-03-11,6.470948
ALIV-SDB.ST,2024-05-22,6.470948
ALIV-SDB.ST,2024-09-03,6.470948
ALIV-SDB.ST,2024-12-02,6.6612697
ALIV-SDB.ST,2025-03-06,6.6612697
ALIV-SDB.ST,2025-05-20,6.6612697
ALIV-SDB.ST,2025-09-04,8.088685
ALIV-SDB.ST,2025-11-20,8.279007
ALIV-SDB.ST,2026-03-03,8.279007
ALIV-SDB.ST,2026-05-19,8.279007
ALLEI.ST,2023-05-03,1.4
ALLEI.ST,2024-05-03,2.0
ALLEI.ST,2025-04-29,2.3
ALLEI.ST,2026-04-30,2.5
ANOD-B.ST,2007-04-27,0.825
ANOD-B.ST,2008-04-25,0.25
ANOD-B.ST,2009-04-29,0.375
ANOD-B.ST,2010-04-28,0.375
ANOD-B.ST,2011-05-05,0.375
ANOD-B.ST,2012-05-04,0.5625
ANOD-B.ST,2013-05-08,0.5625
ANOD-B.ST,2014-05-08,0.5625
ANOD-B.ST,2015-05-07,0.5625
ANOD-B.ST,2016-04-29,0.5625
ANOD-B.ST,2017-05-05,0.5625
ANOD-B.ST,2018-04-27,0.5625
ANOD-B.ST,2019-05-08,0.625
ANOD-B.ST,2020-05-08,0.75
ANOD-B.ST,2021-05-07,0.625
ANOD-B.ST,2022-05-05,0.75
ANOD-B.ST,2023-05-05,1.0
ANOD-B.ST,2024-05-08,1.0
ANOD-B.ST,2025-05-08,1.15
ANOD-B.ST,2026-05-08,1.15
ARJO-B.ST,2018-05-07,0.5
ARJO-B.ST,2019-05-08,0.55
ARJO-B.ST,2020-06-30,0.65
ARJO-B.ST,2021-04-28,0.85
ARJO-B.ST,2022-04-25,1.15
ARJO-B.ST,2023-04-21,0.85
ARJO-B.ST,2024-04-19,0.9
ARJO-B.ST,2025-04-30,0.95
ARJO-B.ST,2026-04-23,0.95
ASSA-B.ST,2000-05-04,0.25
ASSA-B.ST,2001-05-07,0.3
ASSA-B.ST,2002-04-30,0.333333
ASSA-B.ST,2003-03-27,0.416667
ASSA-B.ST,2004-04-28,0.416667
ASSA-B.ST,2005-04-28,0.866667
ASSA-B.ST,2006-04-26,1.083333
ASSA-B.ST,2007-04-27,1.083333
ASSA-B.ST,2008-04-25,1.2
ASSA-B.ST,2009-04-24,1.2
ASSA-B.ST,2010-04-23,1.2
ASSA-B.ST,2011-05-02,1.333333
ASSA-B.ST,2012-04-26,0.5
ASSA-B.ST,2013-04-26,1.7
ASSA-B.ST,2014-05-08,1.9
ASSA-B.ST,2015-05-08,2.166667
ASSA-B.ST,2016-04-28,2.65
ASSA-B.ST,2017-04-27,3.0
ASSA-B.ST,2018-04-27,3.3
ASSA-B.ST,2019-04-26,3.5
ASSA-B.ST,2020-04-30,2.0
ASSA-B.ST,2020-11-25,1.85
ASSA-B.ST,2021-04-29,1.95
ASSA-B.ST,2021-11-22,1.95
ASSA-B.ST,2022-04-28,2.1
ASSA-B.ST,2022-11-21,2.1
ASSA-B.ST,2023-04-27,2.4
ASSA-B.ST,2023-11-10,2.4
ASSA-B.ST,2024-04-25,2.7
ASSA-B.ST,2024-11-08,2.7
ASSA-B.ST,2025-04-24,2.95
ASSA-B.ST,2025-11-10,2.95
ASSA-B.ST,2026-04-29,3.2
ATCO-A.ST,2003-04-30,0.239583
ATCO-A.ST,2004-04-28,0.3125
ATCO-A.ST,2005-04-28,0.375
ATCO-A.ST,2006-04-28,0.53125
ATCO-A.ST,2007-04-27,0.59375
ATCO-A.ST,2008-04-25,0.75
ATCO-A.ST,2009-04-28,0.75
ATCO-A.ST,2010-04-29,0.75
ATCO-A.ST,2012-04-30,1.25
ATCO-A.ST,2013-04-30,1.375
ATCO-A.ST,2014-04-30,1.375
ATCO-A.ST,2015-04-29,0.75
ATCO-A.ST,2015-10-29,0.75
ATCO-A.ST,2016-04-27,0.7875
ATCO-A.ST,2016-10-28,0.7875
ATCO-A.ST,2017-04-27,0.85
ATCO-A.ST,2017-10-27,0.85
ATCO-A.ST,2018-04-25,1.75
ATCO-A.ST,2018-05-09,2.0
ATCO-A.ST,2019-04-26,0.7875
ATCO-A.ST,2019-10-25,0.7875
ATCO-A.ST,2020-04-24,0.875
ATCO-A.ST,2020-11-27,0.875
ATCO-A.ST,2021-04-28,0.9125
ATCO-A.ST,2021-10-22,0.9125
ATCO-A.ST,2022-04-27,0.95
ATCO-A.ST,2022-10-20,0.95
ATCO-A.ST,2023-04-28,1.15
ATCO-A.ST,2023-10-19,1.15
ATCO-A.ST,2024-04-25,1.4
ATCO-A.ST,2024-10-18,1.4
ATCO-A.ST,2025-04-30,1.5
ATCO-A.ST,2025-10-20,1.5
ATCO-A.ST,2026-04-29,2.5
ATCO-B.ST,2000-04-28,0.197917
ATCO-B.ST,2001-04-27,0.21875
ATCO-B.ST,2002-04-30,0.229167
ATCO-B.ST,2003-04-29,0.239583
ATCO-B.ST,2004-04-28,0.3125
ATCO-B.ST,2005-04-28,0.375
ATCO-B.ST,2006-04-28,0.53125
ATCO-B.ST,2007-04-27,0.59375
ATCO-B.ST,2008-04-25,0.75
ATCO-B.ST,2009-04-28,0.75
ATCO-B.ST,2010-04-29,0.75
ATCO-B.ST,2011-04-20,1.0
ATCO-B.ST,2012-04-30,1.25
ATCO-B.ST,2013-04-30,1.375
ATCO-B.ST,2014-04-30,1.375
ATCO-B.ST,2015-04-29,0.75
ATCO-B.ST,2015-10-29,0.75
ATCO-B.ST,2016-04-27,0.7875
ATCO-B.ST,2016-10-28,0.7875
ATCO-B.ST,2017-04-27,0.85
ATCO-B.ST,2017-10-27,0.85
ATCO-B.ST,2018-04-25,1.75
ATCO-B.ST,2018-05-09,2.0
ATCO-B.ST,2019-04-26,0.7875
ATCO-B.ST,2019-10-25,0.7875
ATCO-B.ST,2020-04-24,0.875
ATCO-B.ST,2020-11-27,0.875
ATCO-B.ST,2021-04-28,0.9125
ATCO-B.ST,2021-10-22,0.9125
ATCO-B.ST,2022-04-27,0.2375
ATCO-B.ST,2022-10-20,0.95
ATCO-B.ST,2023-04-28,1.15
ATCO-B.ST,2023-10-19,1.15
ATCO-B.ST,2024-04-25,1.4
ATCO-B.ST,2024-10-18,1.4
ATCO-B.ST,2025-04-30,1.5
ATCO-B.ST,2025-10-20,1.5
ATCO-B.ST,2026-04-29,2.5
ATRLJ-B.ST,2000-03-24,0.075
ATRLJ-B.ST,2001-03-30,0.1125
ATRLJ-B.ST,2002-03-20,0.15
ATRLJ-B.ST,2003-03-28,0.175
ATRLJ-B.ST,2004-03-25,0.2
ATRLJ-B.ST,2006-04-05,0.275
ATRLJ-B.ST,2007-03-30,0.325
ATRLJ-B.ST,2008-04-04,0.4
ATRLJ-B.ST,2009-04-03,0.4
ATRLJ-B.ST,2010-04-09,0.45
ATRLJ-B.ST,2011-04-08,0.48
ATRLJ-B.ST,2012-03-30,0.52
ATRLJ-B.ST,2013-04-11,0.57
ATRLJ-B.ST,2014-04-08,0.61
ATRLJ-B.ST,2015-04-22,0.66
ATRLJ-B.ST,2016-04-07,0.71
ATRLJ-B.ST,2017-04-06,0.79
ATRLJ-B.ST,2018-03-29,0.9
ATRLJ-B.ST,2019-03-28,0.97
ATRLJ-B.ST,2020-03-26,1.0
ATRLJ-B.ST,2021-03-26,1.01
ATRLJ-B.ST,2022-03-24,1.04
ATRLJ-B.ST,2023-03-23,0.53
ATRLJ-B.ST,2023-09-28,0.53
ATRLJ-B.ST,2024-03-22,0.35
ATRLJ-B.ST,2024-09-26,0.35
ATRLJ-B.ST,2025-03-21,0.36
ATRLJ-B.ST,2025-09-25,0.36
ATRLJ-B.ST,2026-03-20,0.74
ATT.ST,2016-05-18,0.54
ATT.ST,2017-04-07,1.22
ATT.ST,2018-04-13,1.27
ATT.ST,2019-04-12,0.6
ATT.ST,2024-04-25,1.0
ATT.ST,2025-05-08,1.2
ATT.ST,2026-05-07,0.9
AXFO.ST,2000-05-12,0.644518
AXFO.ST,2002-04-26,0.619729
AXFO.ST,2003-04-24,1.239458
AXFO.ST,2004-03-05,1.363404
AXFO.ST,2005-03-11,2.726808
AXFO.ST,2006-03-10,3.718375
AXFO.ST,2007-03-09,4.957834
AXFO.ST,2008-03-06,2.9747
AXFO.ST,2009-03-11,1.983133
AXFO.ST,2010-03-11,2.478917
AXFO.ST,2011-03-17,2.9747
AXFO.ST,2012-03-15,2.9747
AXFO.ST,2013-03-14,2.9747
AXFO.ST,2014-03-13,3.718375
AXFO.ST,2015-03-19,4.214159
AXFO.ST,2016-03-17,8.924101
AXFO.ST,2017-03-16,5.9494
AXFO.ST,2018-03-15,6.940967
AXFO.ST,2019-03-22,6.940967
AXFO.ST,2020-03-19,3.718375
AXFO.ST,2020-09-17,3.470484
AXFO.ST,2021-03-25,3.718375
AXFO.ST,2021-09-23,3.718375
AXFO.ST,2022-03-24,3.966267
AXFO.ST,2022-09-22,3.75
AXFO.ST,2023-03-23,4.15
AXFO.ST,2023-09-21,4.0
AXFO.ST,2024-03-21,4.25
AXFO.ST,2024-09-19,4.25
AXFO.ST,2025-03-20,4.5
AXFO.ST,2025-09-18,4.25
AXFO.ST,2026-03-19,4.5
AZA.ST,2000-04-28,1.322222
AZA.ST,2004-04-01,0.2
AZA.ST,2005-03-17,0.3
AZA.ST,2006-04-06,0.4
AZA.ST,2007-03-23,0.8
AZA.ST,2008-04-16,1.2
AZA.ST,2009-04-22,1.2
AZA.ST,2010-04-21,1.6
AZA.ST,2011-04-15,1.9
AZA.ST,2012-04-20,2.0
AZA.ST,2013-04-18,1.6
AZA.ST,2014-04-30,1.6
AZA.ST,2015-03-19,1.4
AZA.ST,2016-04-06,2.1
AZA.ST,2017-03-22,2.1
AZA.ST,2018-03-21,2.1
AZA.ST,2019-03-20,2.1
AZA.ST,2020-03-18,2.3
AZA.ST,2021-03-31,0.85
AZA.ST,2021-11-17,5.9
AZA.ST,2022-04-01,9.2
AZA.ST,2023-03-31,7.5
AZA.ST,2024-04-12,11.5
AZA.ST,2025-04-25,11.75
AZA.ST,2026-04-29,12.75
AZN.ST,2000-03-06,3.7513685
AZN.ST,2000-09-04,1.9723688
AZN.ST,2001-02-21,4.1381073
AZN.ST,2001-08-22,2.0754993
AZN.ST,2002-02-20,4.2799115
AZN.ST,2002-08-21,2.188703
AZN.ST,2003-02-19,4.472567
AZN.ST,2003-08-20,2.4266055
AZN.ST,2004-02-18,5.1386943
AZN.ST,2004-08-11,2.8072493
AZN.ST,2005-02-09,6.137884
AZN.ST,2005-08-10,3.616118
AZN.ST,2006-02-08,8.754812
AZN.ST,2006-08-09,3.429086
AZN.ST,2007-02-07,8.6
AZN.ST,2007-08-08,3.261499
AZN.ST,2008-02-06,8.72741
AZN.ST,2008-08-06,3.5837815
AZN.ST,2009-02-04,14.27415
AZN.ST,2009-08-05,4.41
AZN.ST,2010-02-03,12.43
AZN.ST,2010-08-04,5.7881937
AZN.ST,2011-02-02,15.044148
AZN.ST,2011-08-03,6.6905847
AZN.ST,2012-02-15,15.933646
AZN.ST,2012-08-08,7.489845
AZN.ST,2013-02-13,15.534018
AZN.ST,2013-08-14,7.63165
AZN.ST,2014-02-19,15.057038
AZN.ST,2014-08-13,6.8452806
AZN.ST,2015-02-19,16.114124
AZN.ST,2015-08-13,7.4124975
AZN.ST,2016-02-18,16.887602
AZN.ST,2016-08-11,7.81
AZN.ST,2017-02-16,16.57
AZN.ST,2017-08-10,8.882106
AZN.ST,2018-02-15,17.222776
AZN.ST,2018-08-09,8.81765
AZN.ST,2019-02-28,18.924429
AZN.ST,2019-08-08,9.268845
AZN.ST,2020-02-27,18.872864
AZN.ST,2020-08-13,8.972344
AZN.ST,2021-02-25,17.712646
AZN.ST,2021-08-12,8.353562
AZN.ST,2022-02-24,18.731058
AZN.ST,2022-08-11,9.848953
AZN.ST,2023-02-23,20.987038
AZN.ST,2023-08-10,9.255954
AZN.ST,2024-02-22,20.110428
AZN.ST,2024-08-08,10.00365
AZN.ST,2025-02-20,21.657383
AZN.ST,2025-08-07,9.887628
AZN.ST,2026-02-19,20.561625
AZN.ST,2026-08-06,10.248584
BAHN-B.ST,2008-05-13,0.1
BAHN-B.ST,2008-05-28,0.035
BAHN-B.ST,2009-05-13,0.018
BAHN-B.ST,2010-05-04,0.035
BAHN-B.ST,2011-05-20,0.045
BAHN-B.ST,2012-05-23,0.05
BAHN-B.ST,2013-05-22,0.15
BAHN-B.ST,2014-05-21,0.275
BAHN-B.ST,2015-05-21,0.3
BAHN-B.ST,2016-05-19,0.325
BAHN-B.ST,2017-05-18,0.325
BAHN-B.ST,2018-05-16,0.5
BAHN-B.ST,2019-05-15,0.55
BAHN-B.ST,2020-05-13,0.6
BAHN-B.ST,2021-05-12,0.75
BAHN-B.ST,2022-05-11,1.0
BAHN-B.ST,2023-05-10,1.75
BAHN-B.ST,2024-05-15,2.0
BAHN-B.ST,2025-05-14,2.0
BAHN-B.ST,2026-05-13,2.0
BALD-B.ST,2008-05-09,0.027778
BEIA-B.ST,2000-03-17,1.166667
BEIA-B.ST,2001-03-29,1.333333
BEIA-B.ST,2002-03-21,0.333333
BEIA-B.ST,2003-03-20,0.166667
BEIA-B.ST,2004-03-18,0.25
BEIA-B.ST,2005-03-31,0.833333
BEIA-B.ST,2006-03-23,1.833333
BEIA-B.ST,2007-03-29,2.0
BEIA-B.ST,2008-04-09,2.5
BEIA-B.ST,2009-04-01,2.5
BEIA-B.ST,2010-03-24,2.5
BEIA-B.ST,2011-03-31,3.5
BEIA-B.ST,2012-03-29,3.5
BEIA-B.ST,2013-03-20,3.5
BEIA-B.ST,2014-03-28,4.0
BEIA-B.ST,2015-03-20,4.25
BEIA-B.ST,2016-04-06,4.75
BEIA-B.ST,2017-03-30,4.75
BEIA-B.ST,2018-03-23,4.75
BEIA-B.ST,2019-03-29,5.1
BEIA-B.ST,2020-03-26,2.5
BEIA-B.ST,2021-03-24,3.0
BEIA-B.ST,2022-04-01,3.5
BEIA-B.ST,2023-03-31,3.75
BEIA-B.ST,2024-05-08,3.85
BEIA-B.ST,2025-05-07,3.95
BEIA-B.ST,2026-04-29,2.0
BEIJ-B.ST,2000-04-13,0.15261
BEIJ-B.ST,2001-04-26,0.15261
BEIJ-B.ST,2002-04-26,0.076305
BEIJ-B.ST,2003-04-30,0.10174
BEIJ-B.ST,2006-05-02,0.127175
BEIJ-B.ST,2007-04-30,0.165328
BEIJ-B.ST,2008-04-28,0.305221
BEIJ-B.ST,2009-04-27,0.305221
BEIJ-B.ST,2010-04-29,0.330656
BEIJ-B.ST,2011-05-06,0.406961
BEIJ-B.ST,2012-04-27,0.457831
BEIJ-B.ST,2013-04-29,0.483266
BEIJ-B.ST,2014-04-25,0.483266
BEIJ-B.ST,2015-04-10,0.508701
BEIJ-B.ST,2016-04-08,0.534137
BEIJ-B.ST,2017-04-07,0.559572
BEIJ-B.ST,2018-04-06,0.585007
BEIJ-B.ST,2019-04-11,0.457831
BEIJ-B.ST,2019-10-10,0.457831
BEIJ-B.ST,2020-06-26,0.534137
BEIJ-B.ST,2021-04-16,0.549398
BEIJ-B.ST,2021-10-07,0.366265
BEIJ-B.ST,2022-04-08,0.549398
BEIJ-B.ST,2022-10-10,0.457831
BEIJ-B.ST,2023-04-26,0.47
BEIJ-B.ST,2023-10-23,0.47
BEIJ-B.ST,2024-04-24,0.65
BEIJ-B.ST,2024-10-24,0.65
BEIJ-B.ST,2025-04-25,0.7
BEIJ-B.ST,2025-10-24,0.7
BEIJ-B.ST,2026-04-24,0.75
BERG-B.ST,2000-08-24,4.25
BERG-B.ST,2001-08-23,5.0
BERG-B.ST,2002-08-27,1.75
BERG-B.ST,2003-08-29,2.0
BERG-B.ST,2005-08-26,2.75
BERG-B.ST,2006-08-25,3.5
BERG-B.ST,2007-08-31,4.0
BERG-B.ST,2008-08-28,5.0
BERG-B.ST,2009-08-28,2.5
BERG-B.ST,2010-08-26,2.5
BERG-B.ST,2011-08-26,3.0
BERG-B.ST,2012-08-24,3.0
BERG-B.ST,2013-08-23,3.0
BERG-B.ST,2014-08-22,3.5
BERG-B.ST,2015-08-21,4.0
BERG-B.ST,2016-08-26,5.0
BERG-B.ST,2017-08-25,5.0
BERG-B.ST,2018-08-24,2.5
BERG-B.ST,2019-08-27,3.0
BERG-B.ST,2020-08-27,1.5
BERG-B.ST,2021-09-01,3.0
BERG-B.ST,2022-08-25,3.4
BERG-B.ST,2023-08-25,3.6
BERG-B.ST,2024-08-30,3.8
BERG-B.ST,2025-08-29,4.0
BETS-B.ST,2007-05-23,0.166667
BETS-B.ST,2010-05-07,3.0
BETS-B.ST,2010-05-12,2.1
BETS-B.ST,2011-05-13,2.675
BETS-B.ST,2012-05-14,3.133333
BETS-B.ST,2018-04-20,2.84
BETS-B.ST,2019-05-14,3.89
BETS-B.ST,2020-06-18,2.88
BETS-B.ST,2021-05-14,3.68
BETS-B.ST,2022-09-29,1.97
BETS-B.ST,2023-06-09,2.47
BETS-B.ST,2023-09-27,2.6
BETS-B.ST,2024-05-16,3.77
BETS-B.ST,2024-09-09,3.5545692
BETS-B.ST,2025-05-09,4.7394257
BETS-B.ST,2025-11-11,3.6372337
BETS-B.ST,2026-05-08,3.6372337
BILI-A.ST,2000-03-30,0.875
BILI-A.ST,2001-04-05,0.9375
BILI-A.ST,2002-04-11,1.0
BILI-A.ST,2003-06-11,1.0625
BILI-A.ST,2004-04-05,1.125
BILI-A.ST,2005-04-07,1.875
BILI-A.ST,2006-04-20,2.0
BILI-A.ST,2007-04-19,2.0
BILI-A.ST,2008-04-18,2.0
BILI-A.ST,2010-04-30,0.75
BILI-A.ST,2011-05-04,4.0
BILI-A.ST,2012-05-07,2.375
BILI-A.ST,2013-05-06,1.5
BILI-A.ST,2014-04-11,2.25
BILI-A.ST,2015-04-15,3.0
BILI-A.ST,2016-04-11,3.75
BILI-A.ST,2017-04-20,4.0
BILI-A.ST,2018-04-11,4.5
BILI-A.ST,2019-04-09,4.75
BILI-A.ST,2021-04-28,3.0
BILI-A.ST,2021-10-26,3.0
BILI-A.ST,2022-04-08,2.0
BILI-A.ST,2022-07-08,2.0
BILI-A.ST,2022-10-07,2.0
BILI-A.ST,2023-01-05,2.0
BILI-A.ST,2023-04-28,2.2
BILI-A.ST,2023-07-10,2.2
BILI-A.ST,2023-10-06,2.2
BILI-A.ST,2024-01-08,2.2
BILI-A.ST,2024-04-25,1.65
BILI-A.ST,2024-07-05,1.65
BILI-A.ST,2024-10-04,1.65
BILI-A.ST,2025-01-03,1.65
BILI-A.ST,2025-04-28,1.4
BILI-A.ST,2025-07-04,1.4
BILI-A.ST,2025-10-03,1.4
BILI-A.ST,2026-01-05,1.4
BILI-A.ST,2026-04-30,1.5
BILI-A.ST,2026-07-03,1.5
BIOG-B.ST,2009-04-23,0.08
BIOG-B.ST,2010-05-07,0.3
BIOG-B.ST,2011-05-11,0.4
BIOG-B.ST,2012-05-09,1.2
BIOG-B.ST,2013-04-29,2.0
BIOG-B.ST,2014-05-07,1.4
BIOG-B.ST,2015-05-08,1.0
BIOG-B.ST,2016-05-11,1.0
BIOG-B.ST,2017-05-04,1.5
BIOG-B.ST,2018-04-26,1.8
BIOG-B.ST,2019-05-09,2.0
BIOG-B.ST,2020-05-08,0.75
BIOG-B.ST,2021-05-07,0.682
BIOG-B.ST,2022-05-09,2.984
BIOG-B.ST,2023-05-08,2.9
BIOG-B.ST,2024-05-08,6.9
BIOG-B.ST,2025-05-08,6.9
BIOG-B.ST,2026-05-08,4.0
BOL.ST,2006-05-05,2.0
BOL.ST,2007-05-04,4.0
BOL.ST,2008-05-09,4.0
BOL.ST,2009-04-30,1.0
BOL.ST,2010-04-28,3.0
BOL.ST,2011-05-04,5.0
BOL.ST,2012-05-04,4.0
BOL.ST,2013-05-06,4.0
BOL.ST,2014-05-07,1.75
BOL.ST,2015-05-06,2.25
BOL.ST,2016-05-04,3.25
BOL.ST,2017-04-26,5.25
BOL.ST,2018-04-30,8.25
BOL.ST,2018-05-16,5.75
BOL.ST,2019-05-06,8.75
BOL.ST,2019-05-23,4.25
BOL.ST,2020-04-29,7.0
BOL.ST,2021-04-28,8.25
BOL.ST,2021-05-06,6.0
BOL.ST,2022-04-29,10.5
BOL.ST,2022-05-11,15.5
BOL.ST,2023-04-26,15.0
BOL.ST,2023-05-09,11.5
BOL.ST,2024-04-24,7.5
BOL.ST,2026-04-29,11.0
BORG.ST,2006-05-05,0.3125
BORG.ST,2007-04-20,0.75
BORG.ST,2008-04-11,1.5
BORG.ST,2009-04-24,1.5
BORG.ST,2010-04-16,5.0
BORG.ST,2011-04-27,2.6
BORG.ST,2012-05-11,4.0
BORG.ST,2013-04-25,3.0
BORG.ST,2014-04-22,1.5
BORG.ST,2015-05-20,1.5
BORG.ST,2016-05-27,2.0
BORG.ST,2017-05-19,2.0
BORG.ST,2018-05-28,2.0
BORG.ST,2019-05-23,2.0
BORG.ST,2021-05-27,1.5
BORG.ST,2023-05-29,2.0
BORG.ST,2024-06-14,3.0
BORG.ST,2025-05-16,1.5
BORG.ST,2025-11-14,1.5
BORG.ST,2026-05-20,3.0
BRAV.ST,2016-05-04,1.0
BRAV.ST,2017-05-11,1.25
BRAV.ST,2018-04-23,1.55
BRAV.ST,2019-04-29,2.0
BRAV.ST,2020-10-26,2.25
BRAV.ST,2021-04-27,2.5
BRAV.ST,2022-05-06,3.0
BRAV.ST,2023-05-02,3.25
BRAV.ST,2024-05-08,3.5
BRAV.ST,2025-04-30,3.75
BRAV.ST,2026-04-29,3.8
BTS-B.ST,2002-04-29,0.166667
BTS-B.ST,2003-04-25,0.166667
BTS-B.ST,2004-04-23,0.2
BTS-B.ST,2005-04-27,0.533333
BTS-B.ST,2006-04-10,0.916667
BTS-B.ST,2007-05-04,1.0
BTS-B.ST,2008-05-08,1.2
BTS-B.ST,2009-04-30,1.2
BTS-B.ST,2010-04-30,1.2
BTS-B.ST,2011-05-06,1.5
BTS-B.ST,2012-04-30,1.6
BTS-B.ST,2013-05-15,1.75
BTS-B.ST,2014-05-14,1.75
BTS-B.ST,2015-05-08,1.75
BTS-B.ST,2016-05-11,2.35
BTS-B.ST,2017-05-15,2.5
BTS-B.ST,2018-05-17,1.4
BTS-B.ST,2018-11-15,1.4
BTS-B.ST,2019-05-16,1.8
BTS-B.ST,2019-11-14,1.8
BTS-B.ST,2020-12-14,3.6
BTS-B.ST,2021-05-20,0.6
BTS-B.ST,2021-11-11,0.6
BTS-B.ST,2022-05-16,2.4
BTS-B.ST,2022-11-14,2.4
BTS-B.ST,2023-05-15,2.7
BTS-B.ST,2023-11-14,2.7
BTS-B.ST,2024-05-06,2.85
BTS-B.ST,2024-11-12,2.85
BTS-B.ST,2025-05-19,3.05
BTS-B.ST,2025-11-17,3.05
BTS-B.ST,2026-05-22,2.2
CAST.ST,2000-05-25,0.819981
CAST.ST,2001-03-23,1.002199
CAST.ST,2002-03-22,1.184417
CAST.ST,2003-03-21,1.366635
CAST.ST,2004-03-26,1.548853
CAST.ST,2005-03-24,1.731071
CAST.ST,2006-03-24,1.913289
CAST.ST,2007-03-23,2.077285
CAST.ST,2008-03-28,2.186616
CAST.ST,2009-03-27,2.295947
CAST.ST,2010-03-26,2.551052
CAST.ST,2011-03-25,2.623939
CAST.ST,2012-03-23,2.696827
CAST.ST,2013-03-22,2.879045
CAST.ST,2014-03-21,3.097706
CAST.ST,2015-03-20,3.352812
CAST.ST,2016-03-18,3.571473
CAST.ST,2017-03-24,2.100112
CAST.ST,2017-09-22,2.100112
CAST.ST,2018-03-23,2.226119
CAST.ST,2018-09-21,2.226119
CAST.ST,2019-03-22,2.562136
CAST.ST,2019-09-20,2.562136
CAST.ST,2020-03-20,2.730145
CAST.ST,2020-09-18,2.730145
CAST.ST,2021-03-26,2.898154
CAST.ST,2021-09-24,2.898154
CAST.ST,2022-04-01,1.596085
CAST.ST,2022-06-29,1.596085
CAST.ST,2022-09-29,1.596085
CAST.ST,2022-12-29,1.596085
CAST.ST,2025-05-08,0.62
CAST.ST,2025-06-27,0.62
CAST.ST,2025-09-29,0.62
CAST.ST,2025-12-29,0.62
CATE.ST,2007-04-24,5.0
CATE.ST,2008-04-22,5.25
CATE.ST,2009-04-30,5.25
CATE.ST,2010-04-29,5.75
CATE.ST,2010-10-13,26.0
CATE.ST,2011-04-15,59.0
CATE.ST,2012-04-27,2.0
CATE.ST,2013-04-25,1.0
CATE.ST,2014-05-07,2.0
CATE.ST,2015-04-30,3.0
CATE.ST,2016-04-28,3.0
CATE.ST,2017-04-28,3.5
CATE.ST,2018-04-27,4.5
CATE.ST,2019-04-26,5.75
CATE.ST,2020-04-30,6.5
CATE.ST,2021-04-30,3.75
CATE.ST,2021-11-02,3.75
CATE.ST,2022-04-29,4.0
CATE.ST,2022-11-01,4.0
CATE.ST,2023-04-28,4.13
CATE.ST,2023-11-01,4.13
CATE.ST,2024-04-26,4.25
CATE.ST,2024-10-28,4.25
CATE.ST,2025-04-29,4.5
CATE.ST,2025-10-29,4.5
CATE.ST,2026-04-24,4.75
CIBUS.ST,2018-10-19,2.204384
CIBUS.ST,2018-12-27,2.204384
CIBUS.ST,2019-03-28,2.204384
CIBUS.ST,2019-06-19,2.204384
CIBUS.ST,2019-09-20,2.314603
CIBUS.ST,2020-01-01,2.314603
CIBUS.ST,2020-03-23,2.4248223
CIBUS.ST,2020-06-17,2.4248223
CIBUS.ST,2020-09-22,2.4248223
CIBUS.ST,2020-10-22,0.77153444
CIBUS.ST,2020-11-20,0.77153444
CIBUS.ST,2020-12-18,0.8817536
CIBUS.ST,2021-01-21,0.77153444
CIBUS.ST,2021-02-18,0.8817536
CIBUS.ST,2021-03-23,0.8817536
CIBUS.ST,2021-04-22,0.77153444
CIBUS.ST,2021-05-24,0.8817536
CIBUS.ST,2021-06-22,0.8817536
CIBUS.ST,2021-07-22,0.77153444
CIBUS.ST,2021-08-23,0.8817536
CIBUS.ST,2021-09-22,0.8817536
CIBUS.ST,2021-10-21,0.8817536
CIBUS.ST,2021-11-22,0.8817536
CIBUS.ST,2021-12-21,0.8817536
CIBUS.ST,2022-01-21,0.8817536
CIBUS.ST,2022-02-18,0.8817536
CIBUS.ST,2022-03-23,0.8817536
CIBUS.ST,2022-04-21,1.102192
CIBUS.ST,2022-05-12,1.102192
CIBUS.ST,2022-06-21,0.8817536
CIBUS.ST,2022-07-21,0.8817536
CIBUS.ST,2022-08-23,0.8817536
CIBUS.ST,2022-09-22,0.99197286
CIBUS.ST,2022-10-21,0.8817536
CIBUS.ST,2022-11-22,0.8817536
CIBUS.ST,2022-12-21,0.99197286
CIBUS.ST,2023-01-23,0.8817536
CIBUS.ST,2023-02-20,0.8817536
CIBUS.ST,2023-03-23,0.99197286
CIBUS.ST,2023-04-21,0.77153444
CIBUS.ST,2023-05-23,0.77153444
CIBUS.ST,2023-06-21,0.8817536
CIBUS.ST,2023-07-21,0.77153444
CIBUS.ST,2023-08-23,0.77153444
CIBUS.ST,2023-09-29,0.8817536
CIBUS.ST,2023-10-23,0.77153444
CIBUS.ST,2023-11-22,0.8817536
CIBUS.ST,2023-12-29,0.8817536
CIBUS.ST,2024-01-23,0.77153444
CIBUS.ST,2024-02-21,0.8817536
CIBUS.ST,2024-03-20,0.8817536
CIBUS.ST,2024-04-16,0.77153444
CIBUS.ST,2024-05-27,0.77153444
CIBUS.ST,2024-06-28,0.8817536
CIBUS.ST,2024-07-25,0.77153444
CIBUS.ST,2024-08-26,0.77153444
CIBUS.ST,2024-09-30,0.8817536
CIBUS.ST,2024-10-25,0.77153444
CIBUS.ST,2024-11-25,0.8817536
CIBUS.ST,2024-12-30,0.8817536
CIBUS.ST,2025-01-27,0.77153444
CIBUS.ST,2025-02-24,0.8817536
CIBUS.ST,2025-03-31,0.8817536
CIBUS.ST,2025-04-16,0.77153444
CIBUS.ST,2025-05-23,0.77153444
CIBUS.ST,2025-06-30,0.8817536
CIBUS.ST,2025-07-25,0.77153444
CIBUS.ST,2025-08-26,0.77153444
CIBUS.ST,2025-09-30,0.8817536
CIBUS.ST,2025-10-24,0.77153444
CIBUS.ST,2025-11-25,0.8817536
CIBUS.ST,2025-12-30,0.8817536
CIBUS.ST,2026-01-26,0.77153444
CIBUS.ST,2026-02-23,0.8817536
CIBUS.ST,2026-03-31,0.8817536
CIBUS.ST,2026-04-23,0.77153444
CIBUS.ST,2026-05-26,0.77153444
CIBUS.ST,2026-06-30,0.8817536
CIBUS.ST,2026-07-24,0.77153444
CLA-B.ST,2010-12-16,0.46125
CLA-B.ST,2011-12-20,0.3075
CLA-B.ST,2016-04-13,0.5
CLA-B.ST,2017-04-05,0.75
CLA-B.ST,2018-04-17,1.5
CLA-B.ST,2019-04-05,1.0
CLA-B.ST,2020-11-04,0.5
CLA-B.ST,2021-04-07,0.75
CLA-B.ST,2022-04-07,1.0
CLA-B.ST,2023-04-05,1.0
CLA-B.ST,2024-04-10,1.0
CLA-B.ST,2025-04-11,1.1
CLA-B.ST,2026-04-22,1.4
CLAS-B.ST,2000-09-18,0.5
CLAS-B.ST,2001-09-17,0.78125
CLAS-B.ST,2002-09-16,1.1
CLAS-B.ST,2003-09-15,0.8
CLAS-B.ST,2004-09-13,1.0
CLAS-B.ST,2006-09-11,4.0
CLAS-B.ST,2007-09-10,4.5
CLAS-B.ST,2008-09-15,5.0
CLAS-B.ST,2009-09-14,3.0
CLAS-B.ST,2010-09-13,3.75
CLAS-B.ST,2011-09-12,3.75
CLAS-B.ST,2012-09-10,4.25
CLAS-B.ST,2013-09-09,4.25
CLAS-B.ST,2014-09-15,4.75
CLAS-B.ST,2015-09-14,5.25
CLAS-B.ST,2016-09-12,5.75
CLAS-B.ST,2017-09-11,6.25
CLAS-B.ST,2018-09-10,6.25
CLAS-B.ST,2019-09-09,3.13
CLAS-B.ST,2020-01-13,3.12
CLAS-B.ST,2021-09-13,3.13
CLAS-B.ST,2022-01-10,3.12
CLAS-B.ST,2022-09-12,6.5
CLAS-B.ST,2023-01-16,6.5
CLAS-B.ST,2023-09-11,1.5
CLAS-B.ST,2024-09-09,2.13
CLAS-B.ST,2025-01-13,2.12
CLAS-B.ST,2025-09-15,3.5
CLAS-B.ST,2026-01-12,3.5
COOR.ST,2016-04-29,2.0
COOR.ST,2017-05-05,3.0
COOR.ST,2018-04-27,4.0
COOR.ST,2019-05-03,4.0
COOR.ST,2021-04-27,2.0
COOR.ST,2021-10-01,2.4
COOR.ST,2022-05-02,2.4
COOR.ST,2022-10-06,2.4
COOR.ST,2023-04-28,2.4
COOR.ST,2023-10-03,4.8
COOR.ST,2024-04-29,2.4
COOR.ST,2025-04-28,1.0
COOR.ST,2025-10-02,0.5
COOR.ST,2026-05-25,1.5
CTT.ST,2015-05-15,0.4
CTT.ST,2016-05-13,0.7
CTT.ST,2017-05-12,2.1
CTT.ST,2018-05-09,2.75
CTT.ST,2019-05-08,4.05
CTT.ST,2020-05-07,4.05
CTT.ST,2021-05-06,1.74
CTT.ST,2022-05-05,0.79
CTT.ST,2023-05-05,4.05
CTT.ST,2024-05-07,8.7
CTT.ST,2025-05-09,5.35
CTT.ST,2026-05-08,2.4
DIOS.ST,2007-04-30,0.8421
DIOS.ST,2008-04-30,1.071764
DIOS.ST,2009-04-22,1.071764
DIOS.ST,2010-04-20,1.339705
DIOS.ST,2011-04-15,1.372407
DIOS.ST,2012-05-03,0.862656
DIOS.ST,2013-04-26,1.803735
DIOS.ST,2014-04-29,1.803735
DIOS.ST,2015-04-23,2.235063
DIOS.ST,2016-04-27,2.235063
DIOS.ST,2017-04-27,2.0
DIOS.ST,2018-04-25,1.45
DIOS.ST,2018-10-25,1.45
DIOS.ST,2019-04-24,1.5
DIOS.ST,2019-10-29,1.5
DIOS.ST,2020-06-26,1.65
DIOS.ST,2021-04-14,1.65
DIOS.ST,2021-10-29,1.65
DIOS.ST,2022-04-06,0.88
DIOS.ST,2022-07-06,0.88
DIOS.ST,2022-10-06,0.88
DIOS.ST,2023-01-05,0.88
DIOS.ST,2023-04-19,0.5
DIOS.ST,2023-07-19,0.5
DIOS.ST,2023-10-19,0.5
DIOS.ST,2024-01-19,0.5
DIOS.ST,2025-04-08,0.55
DIOS.ST,2025-07-08,0.55
DIOS.ST,2025-10-08,0.55
DIOS.ST,2026-01-08,0.55
DIOS.ST,2026-03-31,0.6
DIOS.ST,2026-07-07,0.6
DOM.ST,2017-04-10,1.85
DOM.ST,2018-04-11,2.05
DOM.ST,2019-04-10,2.15
DOM.ST,2021-04-14,2.3
DOM.ST,2022-04-14,2.45
DOM.ST,2023-04-13,1.3
DOM.ST,2024-04-12,1.9
DOM.ST,2025-04-16,1.3
DUNI.ST,2008-05-08,1.8
DUNI.ST,2009-05-07,1.8
DUNI.ST,2010-05-06,2.5
DUNI.ST,2011-05-06,3.5
DUNI.ST,2012-05-04,3.5
DUNI.ST,2013-05-03,3.5
DUNI.ST,2014-05-07,4.0
DUNI.ST,2015-05-06,4.5
DUNI.ST,2016-05-04,5.0
DUNI.ST,2017-05-04,5.0
DUNI.ST,2018-05-09,5.0
DUNI.ST,2019-05-08,2.5
DUNI.ST,2019-11-11,2.5
DUNI.ST,2023-05-17,1.5
DUNI.ST,2023-11-13,1.5
DUNI.ST,2024-05-22,2.5
DUNI.ST,2024-11-11,2.5
DUNI.ST,2025-05-20,2.5
DUNI.ST,2025-11-10,2.5
DUNI.ST,2026-05-19,2.5
DYVOX.ST,2026-05-11,0.5
EAST.ST,2011-04-13,0.2
EAST.ST,2012-04-26,0.2
EAST.ST,2016-04-21,0.2
EAST.ST,2016-06-10,0.2
EAST.ST,2017-05-16,0.225
EAST.ST,2018-04-25,0.2625
EAST.ST,2018-10-26,0.2625
EAST.ST,2019-05-16,0.2875
EAST.ST,2019-11-15,0.2875
EAST.ST,2020-05-13,0.3375
EAST.ST,2020-11-13,0.3375
EAST.ST,2021-05-06,0.1875
EAST.ST,2021-08-16,0.1875
EAST.ST,2021-11-15,0.1875
EAST.ST,2022-01-31,0.1875
EAST.ST,2022-04-27,0.1875
EAST.ST,2022-08-15,0.1875
EAST.ST,2022-11-14,0.1875
EAST.ST,2023-01-23,0.1875
EAST.ST,2023-05-04,0.2125
EAST.ST,2023-08-21,0.2125
EAST.ST,2023-11-13,0.2125
EAST.ST,2024-01-22,0.2125
EAST.ST,2024-04-26,0.29
EAST.ST,2024-08-26,0.29
EAST.ST,2024-11-11,0.29
EAST.ST,2025-01-20,0.29
EAST.ST,2025-04-30,0.3
EAST.ST,2025-08-25,0.3
EAST.ST,2025-11-10,0.3
EAST.ST,2026-01-19,0.3
EAST.ST,2026-04-30,0.32
EKTA-B.ST,2005-09-22,0.55
EKTA-B.ST,2006-09-21,0.25
EKTA-B.ST,2007-09-26,0.25
EKTA-B.ST,2008-09-19,0.4375
EKTA-B.ST,2009-09-16,0.5
EKTA-B.ST,2010-09-22,0.75
EKTA-B.ST,2011-09-14,1.0
EKTA-B.ST,2012-09-05,1.25
EKTA-B.ST,2013-09-04,2.0
EKTA-B.ST,2014-08-29,2.0
EKTA-B.ST,2015-09-02,0.5
EKTA-B.ST,2016-09-02,0.25
EKTA-B.ST,2017-03-03,0.25
EKTA-B.ST,2017-08-24,0.5
EKTA-B.ST,2018-02-22,0.5
EKTA-B.ST,2018-08-31,0.7
EKTA-B.ST,2019-03-01,0.7
EKTA-B.ST,2019-08-23,0.9
EKTA-B.ST,2020-02-21,0.9
EKTA-B.ST,2020-08-27,0.9
EKTA-B.ST,2021-04-19,0.9
EKTA-B.ST,2021-08-26,1.1
EKTA-B.ST,2022-02-25,1.1
EKTA-B.ST,2022-08-26,1.2
EKTA-B.ST,2023-02-24,1.2
EKTA-B.ST,2023-08-25,1.2
EKTA-B.ST,2024-02-26,1.2
EKTA-B.ST,2024-09-06,1.2
EKTA-B.ST,2025-03-06,1.2
EKTA-B.ST,2025-09-05,1.2
EKTA-B.ST,2026-03-05,1.2
EPI-A.ST,2019-05-10,1.05
EPI-A.ST,2019-10-29,1.05
EPI-A.ST,2020-05-13,1.2
EPI-A.ST,2020-11-30,1.2
EPI-A.ST,2021-04-29,1.25
EPI-A.ST,2021-05-14,3.0
EPI-A.ST,2021-10-27,1.25
EPI-A.ST,2022-04-26,1.5
EPI-A.ST,2022-10-21,1.5
EPI-A.ST,2023-05-24,1.7
EPI-A.ST,2023-10-23,1.7
EPI-A.ST,2024-05-15,1.9
EPI-A.ST,2024-10-21,1.9
EPI-A.ST,2025-05-09,1.9
EPI-A.ST,2025-10-13,1.9
EPI-A.ST,2026-05-06,1.9
EPI-B.ST,2019-05-10,1.05
EPI-B.ST,2019-10-29,1.05
EPI-B.ST,2020-05-13,1.2
EPI-B.ST,2020-11-30,1.2
EPI-B.ST,2021-04-29,1.25
EPI-B.ST,2021-05-14,3.0
EPI-B.ST,2021-10-27,1.25
EPI-B.ST,2022-04-26,1.5
EPI-B.ST,2022-10-21,1.5
EPI-B.ST,2023-05-24,1.7
EPI-B.ST,2023-10-23,1.7
EPI-B.ST,2024-05-15,1.9
EPI-B.ST,2024-10-21,1.9
EPI-B.ST,2025-05-09,1.9
EPI-B.ST,2025-10-13,1.9
EPI-B.ST,2026-05-06,1.9
EQT.ST,2020-06-09,1.1
EQT.ST,2020-11-30,1.1
EQT.ST,2021-06-03,1.2
EQT.ST,2021-11-30,1.2
EQT.ST,2022-06-02,1.4
EQT.ST,2022-11-30,1.4
EQT.ST,2023-05-31,1.5
EQT.ST,2023-11-29,1.5
EQT.ST,2024-05-28,1.8
EQT.ST,2024-11-29,1.8
EQT.ST,2025-05-28,2.15
EQT.ST,2025-11-28,2.15
EQT.ST,2026-05-13,2.5
ERIC-B.ST,2000-04-03,1.805576
ERIC-B.ST,2001-03-29,1.805576
ERIC-B.ST,2005-04-07,1.25
ERIC-B.ST,2006-04-11,2.25
ERIC-B.ST,2007-04-12,2.5
ERIC-B.ST,2008-04-10,2.5
ERIC-B.ST,2009-04-23,1.85
ERIC-B.ST,2010-04-14,2.0
ERIC-B.ST,2011-04-14,2.25
ERIC-B.ST,2012-05-04,2.5
ERIC-B.ST,2013-04-10,2.75
ERIC-B.ST,2014-04-14,3.0
ERIC-B.ST,2015-04-15,3.4
ERIC-B.ST,2016-04-14,3.7
ERIC-B.ST,2017-03-30,1.0
ERIC-B.ST,2018-03-29,1.0
ERIC-B.ST,2019-03-28,1.0
ERIC-B.ST,2020-04-01,0.75
ERIC-B.ST,2020-10-01,0.75
ERIC-B.ST,2021-03-31,1.0
ERIC-B.ST,2021-09-30,1.0
ERIC-B.ST,2022-03-30,1.25
ERIC-B.ST,2022-09-29,1.25
ERIC-B.ST,2023-03-30,1.35
ERIC-B.ST,2023-09-28,1.35
ERIC-B.ST,2024-04-04,1.35
ERIC-B.ST,2024-10-01,1.35
ERIC-B.ST,2025-03-26,1.43
ERIC-B.ST,2025-09-26,1.42
ERIC-B.ST,2026-04-01,1.5
ESSITY-B.ST,2018-04-13,5.75
ESSITY-B.ST,2019-04-05,5.75
ESSITY-B.ST,2020-10-29,6.25
ESSITY-B.ST,2021-03-26,6.75
ESSITY-B.ST,2022-03-25,7.0
ESSITY-B.ST,2023-03-30,7.25
ESSITY-B.ST,2024-03-22,7.75
ESSITY-B.ST,2025-03-28,8.25
ESSITY-B.ST,2026-03-27,8.75
EVO.ST,2016-04-29,0.7054029
EVO.ST,2017-04-24,9.569672
EVO.ST,2018-04-23,1.9839457
EVO.ST,2019-04-29,2.6452608
EVO.ST,2020-06-18,4.629206
EVO.ST,2021-04-19,7.494906
EVO.ST,2022-04-11,15.651126
EVO.ST,2023-04-05,22.04384
EVO.ST,2024-04-29,29.20809
EVO.ST,2025-05-12,30.861376
FABG.ST,2003-04-03,1.125
FABG.ST,2004-04-01,1.5
FABG.ST,2005-05-10,1.625
FABG.ST,2006-04-05,1.875
FABG.ST,2007-03-28,2.0
FABG.ST,2008-04-04,2.0
FABG.ST,2009-04-01,1.0
FABG.ST,2010-03-25,1.0
FABG.ST,2011-03-31,1.5
FABG.ST,2012-03-30,1.5
FABG.ST,2013-03-22,1.5
FABG.ST,2014-03-26,1.5
FABG.ST,2015-03-27,1.625
FABG.ST,2016-04-12,1.75
FABG.ST,2017-03-30,2.0
FABG.ST,2018-04-10,2.25
FABG.ST,2019-04-03,2.65
FABG.ST,2020-04-03,1.6
FABG.ST,2020-10-05,1.6
FABG.ST,2021-03-26,1.8
FABG.ST,2021-09-28,1.8
FABG.ST,2022-03-30,1.0
FABG.ST,2022-06-30,1.0
FABG.ST,2022-09-30,1.0
FABG.ST,2023-01-05,1.0
FABG.ST,2023-03-30,0.6
FABG.ST,2023-06-29,0.6
FABG.ST,2023-09-29,0.6
FABG.ST,2024-01-05,0.6
FABG.ST,2024-04-10,0.45
FABG.ST,2024-07-01,0.45
FABG.ST,2024-10-03,0.45
FABG.ST,2025-01-07,0.45
FABG.ST,2025-04-24,0.5
FABG.ST,2025-07-11,0.5
FABG.ST,2025-10-10,0.5
FABG.ST,2026-01-09,0.5
FABG.ST,2026-04-17,0.55
FABG.ST,2026-07-13,0.55
FOI-B.ST,2015-05-07,4.0
FOI-B.ST,2016-05-04,5.0
FOI-B.ST,2017-05-10,8.0
FOI-B.ST,2019-05-03,12.0
FOI-B.ST,2021-04-28,15.0
FOI-B.ST,2021-09-03,9.0
FOI-B.ST,2022-04-28,20.0
FOI-B.ST,2023-04-24,15.0
FOI-B.ST,2024-05-03,15.0
FOI-B.ST,2025-05-06,15.0
FOI-B.ST,2025-12-02,15.0
FOI-B.ST,2026-04-28,7.5
GETI-B.ST,2000-04-27,0.797557
GETI-B.ST,2001-04-24,0.797557
GETI-B.ST,2002-04-19,0.854525
GETI-B.ST,2003-04-24,0.968462
GETI-B.ST,2004-04-22,1.230516
GETI-B.ST,2005-04-20,1.503964
GETI-B.ST,2006-04-21,1.822987
GETI-B.ST,2007-04-20,2.005286
GETI-B.ST,2008-04-18,2.219923
GETI-B.ST,2009-04-22,2.262761
GETI-B.ST,2010-04-21,2.592747
GETI-B.ST,2011-04-28,3.064156
GETI-B.ST,2012-03-29,3.535564
GETI-B.ST,2013-03-22,3.912691
GETI-B.ST,2014-03-21,3.912691
GETI-B.ST,2015-03-26,2.639888
GETI-B.ST,2016-03-31,2.639888
GETI-B.ST,2017-03-30,1.885634
GETI-B.ST,2018-04-27,1.5
GETI-B.ST,2019-04-24,1.0
GETI-B.ST,2020-06-29,1.5
GETI-B.ST,2021-04-21,3.0
GETI-B.ST,2022-04-27,4.0
GETI-B.ST,2023-04-27,4.25
GETI-B.ST,2024-04-23,4.4
GETI-B.ST,2025-04-23,4.6
GETI-B.ST,2026-04-22,4.75
HANZA.ST,2019-05-08,0.25
HANZA.ST,2021-04-27,0.25
HANZA.ST,2022-05-11,0.5
HANZA.ST,2023-05-09,0.75
HANZA.ST,2024-05-15,1.2
HANZA.ST,2025-05-14,0.8
HANZA.ST,2026-05-13,1.5
HEXA-B.ST,2000-05-05,0.0637
HEXA-B.ST,2001-05-08,0.0637
HEXA-B.ST,2002-05-07,0.0637
HEXA-B.ST,2003-05-07,0.058604
HEXA-B.ST,2004-05-06,0.058604
HEXA-B.ST,2005-05-04,0.07644
HEXA-B.ST,2006-05-05,0.12522
HEXA-B.ST,2007-05-03,0.2087
HEXA-B.ST,2008-05-06,0.294267
HEXA-B.ST,2009-05-07,0.06261
HEXA-B.ST,2010-05-06,0.150264
HEXA-B.ST,2011-05-11,0.2
HEXA-B.ST,2012-05-10,0.26767835
HEXA-B.ST,2013-05-14,0.4408768
HEXA-B.ST,2014-05-12,0.48811677
HEXA-B.ST,2015-05-07,0.551096
HEXA-B.ST,2016-05-11,0.57
HEXA-B.ST,2017-05-03,0.660086
HEXA-B.ST,2018-05-07,0.83451366
HEXA-B.ST,2019-04-09,0.9289935
HEXA-B.ST,2020-12-02,0.97622246
HEXA-B.ST,2021-04-30,1.0234625
HEXA-B.ST,2022-05-02,1.2124112
HEXA-B.ST,2023-05-03,1.3226304
HEXA-B.ST,2024-04-30,1.4328495
HEXA-B.ST,2025-05-06,1.5430689
HEXA-B.ST,2026-04-27,1.5430689
HMS.ST,2008-05-02,0.25
HMS.ST,2009-04-03,0.375
HMS.ST,2010-04-20,0.25
HMS.ST,2011-04-15,0.5
HMS.ST,2012-04-20,0.5625
HMS.ST,2013-04-22,0.5625
HMS.ST,2014-04-28,0.5625
HMS.ST,2015-04-29,0.625
HMS.ST,2016-04-29,0.625
HMS.ST,2017-04-27,1.0
HMS.ST,2018-04-26,1.5
HMS.ST,2019-04-26,1.8
HMS.ST,2021-04-26,2.0
HMS.ST,2022-04-22,3.0
HMS.ST,2023-04-26,4.0
HMS.ST,2024-04-24,4.4
HMS.ST,2026-04-24,4.8
HOLM-A.ST,2000-04-12,5.5
HOLM-A.ST,2001-03-21,34.5
HOLM-A.ST,2002-03-21,5.0
HOLM-A.ST,2003-03-27,5.5
HOLM-A.ST,2007-03-29,6.0
HOLM-A.ST,2008-04-03,6.0
HOLM-A.ST,2009-03-25,4.5
HOLM-A.ST,2010-03-25,3.5
HOLM-A.ST,2011-03-31,3.5
HOLM-A.ST,2012-03-30,4.0
HOLM-A.ST,2013-04-11,4.5
HOLM-A.ST,2014-04-09,4.5
HOLM-A.ST,2015-04-17,5.0
HOLM-A.ST,2016-04-14,5.25
HOLM-A.ST,2017-03-28,6.0
HOLM-A.ST,2018-04-11,6.5
HOLM-A.ST,2019-04-12,6.75
HOLM-A.ST,2020-09-17,3.5
HOLM-A.ST,2021-04-23,10.75
HOLM-A.ST,2022-03-31,11.5
HOLM-A.ST,2023-03-29,16.0
HOLM-A.ST,2024-04-17,11.5
HOLM-A.ST,2025-04-01,12.0
HOLM-A.ST,2026-03-31,9.5
HPOL-B.ST,2010-05-10,0.090408
HPOL-B.ST,2011-05-09,0.3
HPOL-B.ST,2012-05-07,0.5
HPOL-B.ST,2013-05-03,0.6
HPOL-B.ST,2014-05-08,0.9
HPOL-B.ST,2015-05-05,1.2
HPOL-B.ST,2016-05-02,1.7
HPOL-B.ST,2017-05-02,4.75
HPOL-B.ST,2018-04-25,1.95
HPOL-B.ST,2019-04-29,2.25
HPOL-B.ST,2020-11-23,2.3
HPOL-B.ST,2021-04-29,2.3
HPOL-B.ST,2022-04-29,6.0
HPOL-B.ST,2023-05-02,3.6
HPOL-B.ST,2024-04-29,6.0
HPOL-B.ST,2025-04-28,4.2
HPOL-B.ST,2026-05-05,4.2
HTRO.ST,2016-12-16,0.06
HTRO.ST,2018-04-20,0.08
HTRO.ST,2019-05-10,0.08
HTRO.ST,2021-05-07,0.1
HTRO.ST,2022-05-06,0.1
HTRO.ST,2023-05-10,0.1
HUFV-A.ST,2000-03-22,0.85
HUFV-A.ST,2001-03-22,0.85
HUFV-A.ST,2002-03-22,1.0
HUFV-A.ST,2003-03-20,1.1
HUFV-A.ST,2004-03-19,1.2
HUFV-A.ST,2005-03-21,4.0
HUFV-A.ST,2006-03-24,1.45
HUFV-A.ST,2007-03-23,11.6
HUFV-A.ST,2008-03-28,1.75
HUFV-A.ST,2009-03-27,1.9
HUFV-A.ST,2010-03-26,2.1
HUFV-A.ST,2011-03-25,2.3
HUFV-A.ST,2012-03-23,2.45
HUFV-A.ST,2013-03-22,2.6
HUFV-A.ST,2014-03-21,2.75
HUFV-A.ST,2015-03-27,2.9
HUFV-A.ST,2016-03-18,3.1
HUFV-A.ST,2017-03-24,3.3
HUFV-A.ST,2018-03-23,3.5
HUFV-A.ST,2019-03-22,3.7
HUFV-A.ST,2020-03-20,3.9
HUFV-A.ST,2021-03-26,2.5
HUFV-A.ST,2022-03-25,2.6
HUFV-A.ST,2023-03-24,2.7
HUFV-A.ST,2024-03-22,2.7
HUFV-A.ST,2025-03-21,2.8
HUFV-A.ST,2026-03-20,2.9
INDT.ST,2006-04-28,0.305556
INDT.ST,2007-04-27,0.416667
INDT.ST,2008-04-25,0.583333
INDT.ST,2009-05-05,0.711111
INDT.ST,2010-05-25,0.477778
INDT.ST,2011-04-28,0.566667
INDT.ST,2012-05-04,0.75
INDT.ST,2013-05-07,0.783333
INDT.ST,2014-04-29,0.783333
INDT.ST,2015-04-30,0.861111
INDT.ST,2016-04-28,1.0
INDT.ST,2017-04-27,1.066667
INDT.ST,2018-04-27,1.25
INDT.ST,2019-05-10,1.5
INDT.ST,2021-04-14,1.8
INDT.ST,2022-04-06,2.3
INDT.ST,2023-03-30,2.6
INDT.ST,2024-04-10,2.85
INDT.ST,2025-04-04,3.0
INDT.ST,2026-04-02,3.1
INDU-A.ST,2000-05-08,3.1
INDU-A.ST,2001-05-04,4.2
INDU-A.ST,2002-04-18,4.175
INDU-A.ST,2003-04-03,2.9
INDU-A.ST,2004-03-30,2.75
INDU-A.ST,2005-04-21,3.0
INDU-A.ST,2006-05-09,3.5
INDU-A.ST,2007-03-28,4.5
INDU-A.ST,2008-04-16,5.0
INDU-A.ST,2009-05-11,4.5
INDU-A.ST,2010-05-06,3.0
INDU-A.ST,2011-05-06,4.0
INDU-A.ST,2012-05-07,4.5
INDU-A.ST,2013-05-08,5.0
INDU-A.ST,2014-05-07,5.5
INDU-A.ST,2015-05-07,6.25
INDU-A.ST,2016-05-10,5.0
INDU-A.ST,2017-05-10,5.25
INDU-A.ST,2018-04-18,5.5
INDU-A.ST,2019-04-18,5.75
INDU-A.ST,2021-04-22,8.25
INDU-A.ST,2022-04-22,6.75
INDU-A.ST,2023-04-18,7.25
INDU-A.ST,2024-04-12,7.75
INDU-A.ST,2025-04-11,8.25
INDU-A.ST,2026-04-14,8.75
INTRUM.ST,2003-05-14,0.200469
INTRUM.ST,2006-04-26,0.451056
INTRUM.ST,2007-04-26,0.551291
INTRUM.ST,2008-04-11,0.651525
INTRUM.ST,2009-04-17,0.701643
INTRUM.ST,2010-03-26,0.75176
INTRUM.ST,2011-04-01,0.821924
INTRUM.ST,2012-04-26,0.902112
INTRUM.ST,2013-04-25,1.002347
INTRUM.ST,2014-04-24,1.152699
INTRUM.ST,2015-04-23,1.403285
INTRUM.ST,2016-04-21,1.653872
INTRUM.ST,2017-06-30,1.804224
INTRUM.ST,2018-04-30,1.904459
INTRUM.ST,2019-04-29,1.904459
INTRUM.ST,2020-05-07,2.205163
INTRUM.ST,2021-04-30,2.405632
INTRUM.ST,2022-05-02,2.706336
INTRUM.ST,2023-04-28,1.353168
INTRUM.ST,2023-10-31,1.353168
INVE-A.ST,2000-03-29,0.85
INVE-A.ST,2001-04-03,1.375
INVE-A.ST,2002-04-17,1.375
INVE-A.ST,2003-04-24,0.85
INVE-A.ST,2004-03-24,0.5625
INVE-A.ST,2005-04-12,0.5625
INVE-A.ST,2007-03-28,1.125
INVE-A.ST,2008-04-04,1.1875
INVE-A.ST,2009-04-01,1.0
INVE-A.ST,2010-04-15,1.0
INVE-A.ST,2011-04-13,1.25
INVE-A.ST,2012-04-18,1.5
INVE-A.ST,2013-04-16,1.75
INVE-A.ST,2014-05-07,2.0
INVE-A.ST,2015-05-13,2.25
INVE-A.ST,2016-05-11,2.5
INVE-A.ST,2017-05-04,2.75
INVE-A.ST,2018-05-09,2.0
INVE-A.ST,2018-11-09,1.0
INVE-A.ST,2019-05-09,2.25
INVE-A.ST,2019-11-08,1.0
INVE-A.ST,2020-06-18,2.25
INVE-A.ST,2021-05-06,2.5
INVE-A.ST,2021-11-05,1.0
INVE-A.ST,2022-05-04,3.0
INVE-A.ST,2022-11-04,1.0
INVE-A.ST,2023-05-04,3.3
INVE-A.ST,2023-11-03,1.1
INVE-A.ST,2024-05-08,3.6
INVE-A.ST,2024-11-08,1.2
INVE-A.ST,2025-05-08,3.75
INVE-A.ST,2025-11-07,1.45
INVE-A.ST,2026-05-08,4.0
INWI.ST,2015-05-13,2.0
INWI.ST,2016-05-11,2.5
INWI.ST,2017-05-10,3.5
INWI.ST,2018-05-11,3.5
INWI.ST,2019-05-06,2.5
INWI.ST,2021-05-07,4.5
INWI.ST,2022-05-06,6.15
INWI.ST,2023-05-05,6.5
INWI.ST,2024-05-17,6.5
INWI.ST,2025-05-16,5.5
INWI.ST,2026-05-28,5.5
KNOW.ST,2005-04-20,1.5
KNOW.ST,2006-04-26,2.0
KNOW.ST,2007-04-26,2.35
KNOW.ST,2008-04-18,2.75
KNOW.ST,2009-04-24,2.25
KNOW.ST,2010-04-23,2.25
KNOW.ST,2011-04-26,2.75
KNOW.ST,2012-04-26,3.25
KNOW.ST,2013-04-26,3.25
KNOW.ST,2014-04-30,3.25
KNOW.ST,2015-04-29,3.25
KNOW.ST,2016-04-28,3.25
KNOW.ST,2017-04-26,3.75
KNOW.ST,2018-04-27,4.75
KNOW.ST,2019-04-29,5.8
KNOW.ST,2021-05-12,7.0
KNOW.ST,2022-05-03,3.5
KNOW.ST,2022-11-15,3.5
KNOW.ST,2023-05-04,3.75
KNOW.ST,2023-11-15,3.75
KNOW.ST,2024-05-06,2.6
KNOW.ST,2024-11-15,2.6
KNOW.ST,2025-04-30,1.15
KNOW.ST,2025-11-17,1.15
KNOW.ST,2026-04-30,1.25
LAGR-B.ST,2002-08-22,0.1
LAGR-B.ST,2003-08-27,0.1
LAGR-B.ST,2006-08-24,0.111111
LAGR-B.ST,2007-08-30,0.138889
LAGR-B.ST,2008-09-02,0.166667
LAGR-B.ST,2009-09-01,0.166667
LAGR-B.ST,2010-09-01,0.166667
LAGR-B.ST,2011-08-31,0.25
LAGR-B.ST,2012-08-29,0.305556
LAGR-B.ST,2013-08-28,0.361111
LAGR-B.ST,2014-08-27,0.444444
LAGR-B.ST,2015-08-26,0.5
LAGR-B.ST,2016-08-31,0.583333
LAGR-B.ST,2017-08-30,0.666667
LAGR-B.ST,2018-08-30,0.666667
LAGR-B.ST,2018-10-01,0.666667
LAGR-B.ST,2019-08-28,0.833333
LAGR-B.ST,2020-08-26,0.666667
LAGR-B.ST,2021-08-25,1.0
LAGR-B.ST,2022-08-31,1.3
LAGR-B.ST,2023-08-30,1.6
LAGR-B.ST,2024-08-27,1.9
LAGR-B.ST,2025-08-27,2.2
LIFCO-B.ST,2015-05-07,0.52
LIFCO-B.ST,2016-05-13,0.6
LIFCO-B.ST,2017-05-05,0.7
LIFCO-B.ST,2018-04-25,0.8
LIFCO-B.ST,2019-04-29,0.92
LIFCO-B.ST,2020-06-25,1.05
LIFCO-B.ST,2021-04-26,1.2
LIFCO-B.ST,2022-05-02,1.5
LIFCO-B.ST,2023-05-02,1.8
LIFCO-B.ST,2024-04-25,2.1
LIFCO-B.ST,2025-04-28,2.4
LIFCO-B.ST,2026-04-27,2.7
LIME.ST,2019-04-30,1.0
LIME.ST,2020-06-30,1.5
LIME.ST,2021-04-28,2.5
LIME.ST,2022-04-27,2.6
LIME.ST,2023-04-27,2.8
LIME.ST,2024-04-26,1.75
LIME.ST,2024-10-28,1.75
LIME.ST,2025-05-02,2.0
LIME.ST,2025-10-31,2.0
LIME.ST,2026-04-30,2.25
LOOMIS.ST,2009-04-22,2.25
LOOMIS.ST,2010-04-30,2.65
LOOMIS.ST,2011-05-12,3.5
LOOMIS.ST,2012-05-09,3.75
LOOMIS.ST,2013-05-07,4.5
LOOMIS.ST,2014-05-07,5.0
LOOMIS.ST,2015-05-07,6.0
LOOMIS.ST,2016-05-03,7.0
LOOMIS.ST,2017-05-05,8.0
LOOMIS.ST,2018-05-04,9.0
LOOMIS.ST,2019-05-09,10.0
LOOMIS.ST,2020-12-11,5.5
LOOMIS.ST,2021-05-07,6.0
LOOMIS.ST,2022-05-05,8.5
LOOMIS.ST,2023-05-05,12.0
LOOMIS.ST,2024-05-07,12.5
LOOMIS.ST,2025-05-07,14.0
LOOMIS.ST,2026-05-07,20.0
LUMI.ST,2017-09-07,0.205863
LUMI.ST,2017-12-07,0.205863
LUMI.ST,2018-03-22,0.205863
LUMI.ST,2018-05-31,0.205863
LUMI.ST,2018-09-06,0.205863
LUMI.ST,2018-12-06,0.205863
LUMI.ST,2019-03-21,0.205863
LUMI.ST,2019-05-29,0.205863
LUMI.ST,2019-09-05,0.205863
LUMI.ST,2019-12-05,0.205863
LUMI.ST,2020-03-19,0.274484
LUMI.ST,2020-05-28,0.274484
LUMI.ST,2020-09-03,0.274484
LUMI.ST,2020-12-03,0.274484
LUMI.ST,2021-03-25,0.411726
LUMI.ST,2021-06-03,0.411726
LUMI.ST,2021-09-02,1.2351781
LUMI.ST,2021-12-02,0.61758906
LUMI.ST,2022-03-24,1.3724201
LUMI.ST,2022-06-02,0.61758906
LUMI.ST,2022-09-01,0.61758906
LUMI.ST,2022-12-01,0.61758906
LUMI.ST,2023-03-23,0.61758906
LUMI.ST,2023-06-01,0.61758906
LUMI.ST,2023-08-31,0.61758906
LUMI.ST,2023-11-30,0.61758906
LUMI.ST,2024-03-21,0.61758906
LUMI.ST,2024-05-31,0.61758906
LUMI.ST,2024-08-30,0.61758906
LUMI.ST,2024-11-28,0.61758906
LUMI.ST,2025-03-20,0.61758906
LUMI.ST,2025-06-04,0.18870775
LUMI.ST,2025-09-04,0.18870775
LUMI.ST,2025-12-04,0.18870775
LUMI.ST,2026-03-20,0.18870775
LUMI.ST,2026-06-05,0.18870775
MCOV-B.ST,2021-04-30,0.77153444
MCOV-B.ST,2022-04-28,1.3226304
MCOV-B.ST,2023-04-28,1.3226304
MCOV-B.ST,2024-04-29,1.3226304
MCOV-B.ST,2025-04-30,1.6532881
MCOV-B.ST,2026-04-30,2.204384
MSAB-B.ST,2012-04-26,1.0
MSAB-B.ST,2013-05-08,0.6
MSAB-B.ST,2014-05-08,0.1
MSAB-B.ST,2015-05-07,1.0
MSAB-B.ST,2016-05-11,2.2
MSAB-B.ST,2017-05-11,2.2
MSAB-B.ST,2018-05-16,2.2
MSAB-B.ST,2019-05-16,2.2
MSAB-B.ST,2021-05-12,2.0
MSAB-B.ST,2023-05-12,1.0
MSAB-B.ST,2023-11-14,0.5
MSAB-B.ST,2024-05-15,1.0
MSAB-B.ST,2024-11-14,0.5
MSAB-B.ST,2025-05-15,1.0
MSAB-B.ST,2025-11-13,0.5
MSAB-B.ST,2026-05-13,1.0
MTG-B.ST,2007-05-10,6.631915
MTG-B.ST,2008-05-15,13.263831
MTG-B.ST,2009-05-12,4.421277
MTG-B.ST,2010-05-18,4.863405
MTG-B.ST,2011-05-19,6.631915
MTG-B.ST,2012-05-09,7.958299
MTG-B.ST,2013-05-15,8.842554
MTG-B.ST,2014-05-14,9.284682
MTG-B.ST,2015-05-20,9.726809
MTG-B.ST,2016-05-25,10.168937
MTG-B.ST,2017-05-10,10.611065
MTG-B.ST,2018-05-23,11.053192
MTRS.ST,2018-05-18,0.3
MTRS.ST,2021-05-20,0.7
MTRS.ST,2022-05-19,0.85
MTRS.ST,2023-05-19,0.95
MTRS.ST,2024-03-22,0.65
MTRS.ST,2024-09-24,0.65
MTRS.ST,2025-05-15,0.8
MTRS.ST,2025-11-14,0.8
MTRS.ST,2026-05-04,0.8
MYCR.ST,2014-06-16,1.25
MYCR.ST,2014-07-30,1.25
MYCR.ST,2015-05-06,2.0
MYCR.ST,2016-05-04,2.0
MYCR.ST,2017-05-05,1.0
MYCR.ST,2018-05-09,1.25
MYCR.ST,2019-05-10,1.5
MYCR.ST,2020-06-26,1.0
MYCR.ST,2021-05-06,1.5
MYCR.ST,2022-05-06,1.5
MYCR.ST,2023-05-10,1.75
MYCR.ST,2024-05-10,2.25
MYCR.ST,2025-05-08,3.75
MYCR.ST,2026-05-07,3.25
NDA-SE.ST,2000-04-12,1.362609
NDA-SE.ST,2001-04-11,1.557267
NDA-SE.ST,2002-04-25,1.9738716
NDA-SE.ST,2003-04-25,1.9738716
NDA-SE.ST,2004-04-01,2.145505
NDA-SE.ST,2005-04-11,2.402966
NDA-SE.ST,2006-04-06,3.0037158
NDA-SE.ST,2007-04-16,4.205193
NDA-SE.ST,2008-04-04,4.291021
NDA-SE.ST,2009-04-03,2.17
NDA-SE.ST,2010-03-26,2.42
NDA-SE.ST,2011-03-25,3.1963568
NDA-SE.ST,2012-03-23,2.865699
NDA-SE.ST,2013-03-15,3.747453
NDA-SE.ST,2014-03-21,4.7394257
NDA-SE.ST,2015-03-20,6.8335905
NDA-SE.ST,2016-03-18,7.054029
NDA-SE.ST,2017-03-17,7.164248
NDA-SE.ST,2018-03-16,7.494906
NDA-SE.ST,2019-03-29,7.605125
NDA-SE.ST,2021-02-19,0.77153444
NDA-SE.ST,2021-10-04,7.935783
NDA-SE.ST,2022-03-25,7.605125
NDA-SE.ST,2023-03-24,8.817536
NDA-SE.ST,2024-03-22,10.140167
NDA-SE.ST,2025-03-21,10.360605
NDA-SE.ST,2026-03-25,10.581043
NDA-SE.ST,2026-08-05,3.747453
NEWA-B.ST,2000-05-15,0.121785
NEWA-B.ST,2001-05-04,0.152231
NEWA-B.ST,2002-06-20,0.182677
NEWA-B.ST,2003-05-29,0.213124
NEWA-B.ST,2005-05-13,0.375
NEWA-B.ST,2006-05-30,0.45
NEWA-B.ST,2007-05-14,0.5
NEWA-B.ST,2008-05-21,0.5
NEWA-B.ST,2009-05-20,0.09
NEWA-B.ST,2010-05-19,0.125
NEWA-B.ST,2011-05-18,0.5
NEWA-B.ST,2012-05-16,0.5
NEWA-B.ST,2013-05-08,0.5
NEWA-B.ST,2014-05-07,0.5
NEWA-B.ST,2015-05-05,0.5
NEWA-B.ST,2016-05-12,0.5
NEWA-B.ST,2017-05-11,0.675
NEWA-B.ST,2018-05-17,0.85
NEWA-B.ST,2019-05-20,1.0
NEWA-B.ST,2021-12-06,2.0
NEWA-B.ST,2022-05-19,2.125
NEWA-B.ST,2023-05-17,1.63
NEWA-B.ST,2023-11-20,3.24
NEWA-B.ST,2024-05-17,1.75
NEWA-B.ST,2024-11-29,1.75
NEWA-B.ST,2025-05-07,1.75
NEWA-B.ST,2025-12-01,1.75
NEWA-B.ST,2026-05-15,1.5
NIBE-B.ST,2000-05-17,0.011175
NIBE-B.ST,2001-05-17,0.013969
NIBE-B.ST,2002-05-17,0.015832
NIBE-B.ST,2003-05-16,0.020488
NIBE-B.ST,2004-05-13,0.027566
NIBE-B.ST,2005-05-12,0.044702
NIBE-B.ST,2006-05-12,0.044702
NIBE-B.ST,2007-05-16,0.068543
NIBE-B.ST,2008-05-15,0.068543
NIBE-B.ST,2009-05-15,0.068543
NIBE-B.ST,2010-05-18,0.077483
NIBE-B.ST,2011-05-12,0.104304
NIBE-B.ST,2012-05-11,0.119205
NIBE-B.ST,2013-05-16,0.119205
NIBE-B.ST,2014-05-16,0.140065
NIBE-B.ST,2015-05-12,0.160926
NIBE-B.ST,2016-05-13,0.199668
NIBE-B.ST,2017-05-12,0.22
NIBE-B.ST,2018-05-17,0.2625
NIBE-B.ST,2019-05-15,0.325
NIBE-B.ST,2020-12-17,0.35
NIBE-B.ST,2021-05-12,0.3875
NIBE-B.ST,2022-05-18,0.5
NIBE-B.ST,2023-05-17,0.65
NIBE-B.ST,2024-05-17,0.65
NIBE-B.ST,2025-05-16,0.3
NIBE-B.ST,2026-05-20,0.35
NMAN.ST,2008-04-30,0.833333
NMAN.ST,2009-04-29,0.833333
NMAN.ST,2011-04-27,0.5
NMAN.ST,2012-04-24,1.083333
NMAN.ST,2013-04-30,1.333333
NMAN.ST,2014-04-24,1.333333
NMAN.ST,2015-04-23,1.333333
NMAN.ST,2016-04-21,1.666667
NMAN.ST,2017-04-20,1.833333
NMAN.ST,2018-04-20,2.0
NMAN.ST,2019-04-30,2.3
NMAN.ST,2021-08-26,1.0
NMAN.ST,2022-04-26,3.5
NMAN.ST,2023-04-25,3.75
NMAN.ST,2024-04-29,3.95
NMAN.ST,2025-04-30,4.0
NMAN.ST,2026-04-22,4.0
NOLA-B.ST,2000-04-27,0.193208
NOLA-B.ST,2001-05-03,0.175644
NOLA-B.ST,2003-05-06,0.05
NOLA-B.ST,2004-04-29,0.08
NOLA-B.ST,2005-04-28,0.175
NOLA-B.ST,2006-04-28,0.24
NOLA-B.ST,2007-04-26,0.24
NOLA-B.ST,2008-04-29,0.3
NOLA-B.ST,2009-04-28,0.275
NOLA-B.ST,2010-04-29,0.3
NOLA-B.ST,2011-04-28,0.6
NOLA-B.ST,2012-04-25,0.5
NOLA-B.ST,2013-04-26,0.6
NOLA-B.ST,2014-04-29,0.8
NOLA-B.ST,2015-04-30,0.85
NOLA-B.ST,2016-04-29,1.0
NOLA-B.ST,2017-04-27,1.05
NOLA-B.ST,2018-04-25,1.25
NOLA-B.ST,2019-05-09,1.4
NOLA-B.ST,2021-05-05,1.6
NOLA-B.ST,2022-05-04,1.9
NOLA-B.ST,2023-05-04,1.9
NOLA-B.ST,2024-05-07,1.5
NOLA-B.ST,2025-05-07,1.5
NOLA-B.ST,2026-05-07,1.7
PACT.ST,2007-04-30,0.333333
PACT.ST,2008-05-14,0.4
PACT.ST,2008-05-16,0.4
PACT.ST,2009-05-18,0.4
PACT.ST,2010-05-19,0.45
PACT.ST,2011-05-05,0.5
PACT.ST,2012-05-08,0.333333
PACT.ST,2013-05-08,0.366667
PACT.ST,2014-05-07,0.4
PACT.ST,2015-05-06,0.566667
PACT.ST,2016-05-03,0.9
PACT.ST,2017-05-10,1.166667
PACT.ST,2018-05-09,1.25
PACT.ST,2019-05-10,1.383333
PACT.ST,2020-11-06,0.833333
PACT.ST,2021-05-07,1.5
PACT.ST,2022-05-06,1.5
PACT.ST,2023-05-05,1.85
PACT.ST,2024-05-08,2.0
PACT.ST,2025-05-07,2.4
PACT.ST,2026-05-06,2.6
PEAB-B.ST,2000-05-11,0.4
PEAB-B.ST,2001-05-11,0.65
PEAB-B.ST,2002-05-17,1.05
PEAB-B.ST,2003-05-16,1.1
PEAB-B.ST,2005-05-13,1.25
PEAB-B.ST,2006-05-18,1.5
PEAB-B.ST,2007-05-18,1.75
PEAB-B.ST,2008-05-16,2.25
PEAB-B.ST,2009-05-15,2.25
PEAB-B.ST,2010-05-12,2.5
PEAB-B.ST,2011-05-11,2.6
PEAB-B.ST,2012-05-16,2.1
PEAB-B.ST,2013-05-15,1.6
PEAB-B.ST,2014-05-14,1.8
PEAB-B.ST,2015-05-15,2.25
PEAB-B.ST,2016-05-11,2.6
PEAB-B.ST,2017-05-11,3.6
PEAB-B.ST,2018-05-08,4.0
PEAB-B.ST,2019-05-10,4.2
PEAB-B.ST,2021-05-07,4.5
PEAB-B.ST,2022-05-06,5.0
PEAB-B.ST,2023-05-05,4.0
PEAB-B.ST,2024-05-07,1.5
PEAB-B.ST,2025-05-07,1.5
PEAB-B.ST,2025-10-27,1.25
PEAB-B.ST,2026-04-30,1.8
PLAZ-B.ST,2014-04-25,0.552435
PLAZ-B.ST,2015-04-29,0.690544
PLAZ-B.ST,2016-04-29,0.920725
PLAZ-B.ST,2017-04-28,1.1
PLAZ-B.ST,2018-04-27,1.5
PLAZ-B.ST,2019-04-26,1.7
PLAZ-B.ST,2020-04-17,1.0
PLAZ-B.ST,2020-10-16,1.0
PLAZ-B.ST,2021-04-01,1.05
PLAZ-B.ST,2021-10-04,1.05
PLAZ-B.ST,2022-03-24,1.1
PLAZ-B.ST,2022-09-22,1.1
PLAZ-B.ST,2023-03-24,1.15
PLAZ-B.ST,2023-09-22,1.15
PLAZ-B.ST,2024-03-21,1.0
PLAZ-B.ST,2024-09-26,1.0
PLAZ-B.ST,2025-03-20,1.05
PLAZ-B.ST,2025-09-25,1.05
PLAZ-B.ST,2026-03-25,1.1
PNDX-B.ST,2016-05-04,3.8
PNDX-B.ST,2017-03-30,4.1
PNDX-B.ST,2018-04-10,4.4
PNDX-B.ST,2019-04-11,4.7
PNDX-B.ST,2023-04-13,2.5
PNDX-B.ST,2024-04-11,4.0
PNDX-B.ST,2025-04-10,4.25
PNDX-B.ST,2026-04-16,4.5
REJL-B.ST,2007-04-27,1.275261
REJL-B.ST,2008-05-14,2.125435
REJL-B.ST,2009-04-28,2.125435
REJL-B.ST,2010-04-30,1.275261
REJL-B.ST,2011-05-03,1.487804
REJL-B.ST,2012-05-03,2.550522
REJL-B.ST,2013-05-03,2.550522
REJL-B.ST,2014-04-30,1.700348
REJL-B.ST,2015-05-05,1.700348
REJL-B.ST,2016-05-10,1.700348
REJL-B.ST,2018-05-08,0.5
REJL-B.ST,2019-05-06,1.0
REJL-B.ST,2020-04-23,1.5
REJL-B.ST,2021-10-04,3.5
REJL-B.ST,2022-04-22,3.0
REJL-B.ST,2023-04-21,4.5
REJL-B.ST,2024-04-26,4.5
REJL-B.ST,2025-04-25,5.0
REJL-B.ST,2026-04-30,5.25
SAAB-B.ST,2000-04-11,0.577758
SAAB-B.ST,2001-04-05,0.693309
SAAB-B.ST,2002-04-09,0.751085
SAAB-B.ST,2003-04-08,0.808861
SAAB-B.ST,2004-03-31,0.808861
SAAB-B.ST,2005-04-07,0.866637
SAAB-B.ST,2006-04-06,0.924413
SAAB-B.ST,2007-04-13,0.982188
SAAB-B.ST,2008-04-16,1.039964
SAAB-B.ST,2009-04-17,0.404431
SAAB-B.ST,2010-04-16,0.519982
SAAB-B.ST,2011-04-08,0.808861
SAAB-B.ST,2012-04-20,1.039964
SAAB-B.ST,2013-04-18,1.039964
SAAB-B.ST,2014-04-09,1.039964
SAAB-B.ST,2015-04-16,1.09774
SAAB-B.ST,2016-04-15,1.155516
SAAB-B.ST,2017-04-06,1.213292
SAAB-B.ST,2018-04-11,1.271067
SAAB-B.ST,2019-04-12,1.125
SAAB-B.ST,2021-04-14,1.175
SAAB-B.ST,2022-04-07,1.225
SAAB-B.ST,2023-04-06,1.325
SAAB-B.ST,2024-04-12,0.8
SAAB-B.ST,2024-10-07,0.8
SAAB-B.ST,2025-04-11,1.0
SAAB-B.ST,2025-10-06,1.0
SAAB-B.ST,2026-04-02,1.2
SAGA-A.ST,2011-05-06,0.095455
SAGA-A.ST,2012-05-07,0.181818
SAGA-A.ST,2013-05-08,0.215
SAGA-A.ST,2014-05-08,0.275
SAGA-A.ST,2015-05-08,0.4
SAGA-A.ST,2016-05-04,0.575
SAGA-A.ST,2017-05-05,0.725
SAGA-A.ST,2018-05-08,0.9
SAGA-A.ST,2019-05-08,1.0
SAGA-A.ST,2020-05-07,0.65
SAGA-A.ST,2020-11-11,0.65
SAGA-A.ST,2021-05-06,1.65
SAGA-A.ST,2022-05-12,2.15
SAGA-A.ST,2023-05-10,2.7
SAGA-A.ST,2024-05-10,3.1
SAGA-A.ST,2025-05-09,3.5
SAGA-A.ST,2026-05-11,3.7
SAVE.ST,2021-04-30,1.51
SAVE.ST,2021-12-15,1.77
SAVE.ST,2022-04-29,5.56
SAVE.ST,2023-04-19,4.6
SAVE.ST,2024-04-30,7.2
SAVE.ST,2025-04-29,8.1
SAVE.ST,2026-04-28,8.6
SCA-B.ST,2000-04-11,2.266667
SCA-B.ST,2001-04-09,2.583333
SCA-B.ST,2002-04-12,2.916667
SCA-B.ST,2003-04-04,3.2
SCA-B.ST,2004-04-02,3.5
SCA-B.ST,2005-04-06,3.5
SCA-B.ST,2006-04-07,3.666667
SCA-B.ST,2007-03-30,4.0
SCA-B.ST,2008-04-09,4.4
SCA-B.ST,2009-04-03,3.5
SCA-B.ST,2010-04-27,3.7
SCA-B.ST,2011-04-08,4.0
SCA-B.ST,2012-03-30,4.2
SCA-B.ST,2013-04-11,4.5
SCA-B.ST,2014-04-11,4.75
SCA-B.ST,2015-04-16,5.25
SCA-B.ST,2016-04-15,5.75
SCA-B.ST,2017-04-06,6.0
SCA-B.ST,2018-03-26,1.5
SCA-B.ST,2019-03-21,1.75
SCA-B.ST,2022-04-01,3.25
SCA-B.ST,2023-03-31,2.5
SCA-B.ST,2024-03-25,2.75
SCA-B.ST,2025-04-07,3.0
SCA-B.ST,2026-03-30,3.0
SCST.ST,2015-05-22,1.3
SCST.ST,2016-04-26,1.8
SCST.ST,2017-04-26,1.35
SCST.ST,2018-05-23,1.8
SCST.ST,2019-05-10,2.0
SCST.ST,2021-05-10,1.25
SCST.ST,2023-05-05,1.15
SCST.ST,2024-05-06,1.15
SCST.ST,2024-09-19,1.15
SCST.ST,2025-04-30,1.25
SCST.ST,2025-09-18,1.25
SCST.ST,2026-04-29,1.65
SEB-A.ST,2000-04-12,1.800347
SEB-A.ST,2001-04-06,2.057539
SEB-A.ST,2002-04-11,2.057539
SEB-A.ST,2003-04-10,2.057539
SEB-A.ST,2004-04-02,2.057539
SEB-A.ST,2005-04-14,2.237574
SEB-A.ST,2006-04-05,2.443328
SEB-A.ST,2007-03-29,3.086309
SEB-A.ST,2008-04-09,3.343501
SEB-A.ST,2010-05-12,1.0
SEB-A.ST,2011-03-25,1.5
SEB-A.ST,2012-03-30,1.75
SEB-A.ST,2013-03-22,2.75
SEB-A.ST,2014-03-26,4.0
SEB-A.ST,2015-03-26,4.75
SEB-A.ST,2016-03-23,5.25
SEB-A.ST,2017-03-29,5.5
SEB-A.ST,2018-03-27,5.75
SEB-A.ST,2019-03-27,6.5
SEB-A.ST,2021-03-31,4.1
SEB-A.ST,2021-11-15,4.1
SEB-A.ST,2022-03-23,6.0
SEB-A.ST,2023-04-05,6.75
SEB-A.ST,2024-03-20,11.5
SEB-A.ST,2025-04-02,11.5
SEB-A.ST,2026-03-25,11.0
SECARE.ST,2020-04-22,0.14
SECARE.ST,2021-04-30,0.16
SECARE.ST,2022-04-29,0.2
SECARE.ST,2023-05-02,0.22
SECARE.ST,2024-04-26,0.23
SECARE.ST,2025-04-25,0.25
SECARE.ST,2026-04-24,0.28
SECT-B.ST,2005-06-29,0.1
SECT-B.ST,2006-06-29,0.1
SECT-B.ST,2007-06-29,0.1
SECT-B.ST,2008-06-26,0.1
SECT-B.ST,2011-12-05,1.0
SECT-B.ST,2012-07-12,1.0
SECT-B.ST,2013-07-11,0.9
SECT-B.ST,2014-09-25,0.9
SECT-B.ST,2015-09-28,0.9
SECT-B.ST,2016-10-04,0.9
SECT-B.ST,2017-10-02,0.9
SECT-B.ST,2018-10-03,0.9
SECT-B.ST,2019-10-02,0.9
SECT-B.ST,2020-10-05,0.9
SECT-B.ST,2021-10-18,0.9
SECT-B.ST,2022-10-24,1.0
SECT-B.ST,2023-10-23,1.1
SECT-B.ST,2024-10-21,1.1
SECT-B.ST,2025-09-10,2.1
SECU-B.ST,2000-05-03,0.831502
SECU-B.ST,2001-04-19,0.997803
SECU-B.ST,2002-04-17,1.247253
SECU-B.ST,2003-04-09,1.663004
SECU-B.ST,2004-04-07,1.663004
SECU-B.ST,2005-04-08,2.494506
SECU-B.ST,2006-04-04,2.910257
SECU-B.ST,2007-04-18,2.577657
SECU-B.ST,2008-04-18,2.577657
SECU-B.ST,2009-05-08,2.411356
SECU-B.ST,2010-05-05,2.494506
SECU-B.ST,2011-05-05,2.494506
SECU-B.ST,2012-05-08,2.494506
SECU-B.ST,2013-05-08,2.494506
SECU-B.ST,2014-05-06,2.494506
SECU-B.ST,2015-05-11,2.494506
SECU-B.ST,2016-05-06,2.910257
SECU-B.ST,2017-05-04,3.118133
SECU-B.ST,2018-05-03,3.326009
SECU-B.ST,2019-05-07,3.658609
SECU-B.ST,2020-12-10,3.99121
SECU-B.ST,2021-05-06,3.326009
SECU-B.ST,2022-05-06,3.658609
SECU-B.ST,2023-05-05,1.75
SECU-B.ST,2023-11-17,1.7
SECU-B.ST,2024-05-10,1.9
SECU-B.ST,2024-11-15,1.9
SECU-B.ST,2025-05-09,2.25
SECU-B.ST,2025-11-19,2.25
SECU-B.ST,2026-04-30,2.65
SFAST.ST,2025-05-30,0.1
SFAST.ST,2025-11-28,0.1
SFAST.ST,2026-05-29,0.16
SHB-A.ST,2000-04-17,1.0
SHB-A.ST,2001-04-25,1.333333
SHB-A.ST,2002-04-24,1.5
SHB-A.ST,2003-04-30,1.583333
SHB-A.ST,2004-04-28,1.75
SHB-A.ST,2005-04-27,2.0
SHB-A.ST,2006-04-26,2.333333
SHB-A.ST,2007-04-25,2.666667
SHB-A.ST,2008-04-24,4.5
SHB-A.ST,2009-04-30,2.333333
SHB-A.ST,2010-04-30,2.666667
SHB-A.ST,2011-03-24,3.0
SHB-A.ST,2012-03-29,3.25
SHB-A.ST,2013-03-21,3.583333
SHB-A.ST,2014-03-27,5.5
SHB-A.ST,2015-03-26,5.833333
SHB-A.ST,2016-03-17,6.0
SHB-A.ST,2017-03-30,5.0
SHB-A.ST,2018-03-22,7.5
SHB-A.ST,2019-03-28,5.5
SHB-A.ST,2021-03-25,4.1
SHB-A.ST,2022-03-24,5.0
SHB-A.ST,2023-03-23,8.0
SHB-A.ST,2024-03-21,13.0
SHB-A.ST,2025-03-27,15.0
SHB-A.ST,2026-03-26,17.5
SHOT.ST,2017-05-11,2.234615
SHOT.ST,2018-04-27,1.205983
SHOT.ST,2018-10-29,1.205983
SHOT.ST,2019-05-08,1.241453
SHOT.ST,2019-10-25,1.241453
SHOT.ST,2024-12-12,2.5
SHOT.ST,2025-05-07,1.3
SHOT.ST,2025-11-07,1.3
SHOT.ST,2026-05-06,1.3
SINT.ST,2011-05-20,0.5
SINT.ST,2012-05-24,1.7
SINT.ST,2013-05-16,1.7
SINT.ST,2014-05-21,1.2
SINT.ST,2015-05-21,2.2
SINT.ST,2016-05-20,3.5
SINT.ST,2017-05-19,4.0
SINT.ST,2018-05-25,2.75
SINT.ST,2019-05-24,2.5
SINT.ST,2019-11-26,2.5
SINT.ST,2020-11-10,3.5
SINT.ST,2021-05-19,2.0
SINT.ST,2021-11-18,2.0
SINT.ST,2022-05-18,2.75
SINT.ST,2022-11-04,2.75
SINT.ST,2023-05-17,2.75
SINT.ST,2023-11-09,2.75
SINT.ST,2024-05-22,3.05
SINT.ST,2024-11-06,3.05
SINT.ST,2025-05-21,3.5
SINT.ST,2025-11-06,3.5
SINT.ST,2026-05-20,1.0
SVED-B.ST,2000-04-28,0.538655
SVED-B.ST,2001-04-27,1.256861
SVED-B.ST,2002-04-26,0.538655
SVED-B.ST,2003-04-24,0.897758
SVED-B.ST,2006-04-25,1.795516
SVED-B.ST,2007-04-24,1.795516
SVED-B.ST,2008-04-22,2.872826
SVED-B.ST,2009-04-22,1.256861
SVED-B.ST,2010-04-20,5.027446
SVED-B.ST,2011-04-29,1.795516
SVED-B.ST,2012-04-26,1.436413
SVED-B.ST,2013-04-25,0.359103
SVED-B.ST,2014-04-29,0.718207
SVED-B.ST,2015-04-28,1.436413
SVED-B.ST,2016-04-26,1.615965
SVED-B.ST,2017-04-26,0.897758
SVED-B.ST,2017-12-14,0.718207
SVED-B.ST,2018-04-25,0.897758
SVED-B.ST,2018-11-07,0.718207
SVED-B.ST,2019-04-26,0.897758
SVED-B.ST,2021-04-29,0.897758
SVED-B.ST,2023-04-28,0.660615
SVED-B.ST,2023-10-30,0.660615
SVED-B.ST,2024-04-30,0.5
SVED-B.ST,2024-10-30,0.5
SVED-B.ST,2025-04-30,0.75
SVED-B.ST,2025-10-30,0.75
SVED-B.ST,2026-04-29,1.0
SWEC-A.ST,2000-04-13,0.076357
SWEC-A.ST,2002-04-23,0.76357
SWEC-A.ST,2003-04-30,0.445416
SWEC-A.ST,2004-04-21,0.190893
SWEC-A.ST,2005-04-21,0.254523
SWEC-A.ST,2006-04-25,0.34997
SWEC-A.ST,2007-04-27,0.477231
SWEC-A.ST,2008-04-11,0.636308
SWEC-A.ST,2009-04-17,0.636308
SWEC-A.ST,2010-04-30,0.636308
SWEC-A.ST,2010-05-14,0.636308
SWEC-A.ST,2011-04-14,0.954463
SWEC-A.ST,2012-04-18,0.954463
SWEC-A.ST,2013-04-18,1.034001
SWEC-A.ST,2014-04-17,1.034001
SWEC-A.ST,2015-04-17,1.11354
SWEC-A.ST,2016-04-15,1.166667
SWEC-A.ST,2017-04-28,1.433333
SWEC-A.ST,2018-04-20,1.666667
SWEC-A.ST,2019-04-12,1.833333
SWEC-A.ST,2020-04-24,1.033333
SWEC-A.ST,2020-10-23,1.033333
SWEC-A.ST,2021-04-23,2.2
SWEC-A.ST,2022-04-22,2.45
SWEC-A.ST,2023-04-21,2.7
SWEC-A.ST,2024-04-22,2.95
SWEC-A.ST,2025-04-30,3.3
SWEC-A.ST,2026-04-23,3.7
SWEC-B.ST,2000-04-13,0.076837
SWEC-B.ST,2001-04-26,0.320153
SWEC-B.ST,2002-04-23,0.768368
SWEC-B.ST,2003-04-30,0.448215
SWEC-B.ST,2004-04-21,0.192092
SWEC-B.ST,2005-04-21,0.256123
SWEC-B.ST,2006-04-25,0.352169
SWEC-B.ST,2007-04-27,0.48023
SWEC-B.ST,2008-04-11,0.640307
SWEC-B.ST,2009-04-17,0.640307
SWEC-B.ST,2010-04-30,0.640307
SWEC-B.ST,2011-04-14,0.96046
SWEC-B.ST,2012-04-18,0.96046
SWEC-B.ST,2013-04-18,1.040498
SWEC-B.ST,2014-04-17,1.040498
SWEC-B.ST,2015-04-17,1.120536
SWEC-B.ST,2016-04-15,1.166667
SWEC-B.ST,2017-04-28,1.433333
SWEC-B.ST,2018-04-20,1.666667
SWEC-B.ST,2019-04-12,1.833333
SWEC-B.ST,2020-04-24,1.033333
SWEC-B.ST,2020-10-23,1.033333
SWEC-B.ST,2021-04-23,2.2
SWEC-B.ST,2022-04-22,2.45
SWEC-B.ST,2023-04-21,2.7
SWEC-B.ST,2024-04-22,2.95
SWEC-B.ST,2025-04-30,3.3
SWEC-B.ST,2026-04-23,3.7
SWED-A.ST,2000-04-13,4.135803
SWED-A.ST,2001-04-06,4.549384
SWED-A.ST,2002-04-12,4.549384
SWED-A.ST,2003-04-11,4.549384
SWED-A.ST,2004-04-23,4.756174
SWED-A.ST,2005-04-22,5.376544
SWED-A.ST,2006-04-26,6.203705
SWED-A.ST,2007-04-30,6.824075
SWED-A.ST,2008-04-28,7.444446
SWED-A.ST,2009-04-27,3.722223
SWED-A.ST,2011-03-28,2.1
SWED-A.ST,2012-03-28,5.3
SWED-A.ST,2013-03-21,9.9
SWED-A.ST,2014-03-20,10.1
SWED-A.ST,2015-03-27,11.35
SWED-A.ST,2016-04-06,10.7
SWED-A.ST,2017-03-31,13.2
SWED-A.ST,2018-03-23,13.0
SWED-A.ST,2019-03-29,14.2
SWED-A.ST,2021-02-16,4.35
SWED-A.ST,2021-03-26,2.9
SWED-A.ST,2021-10-29,7.3
SWED-A.ST,2022-03-31,11.25
SWED-A.ST,2023-03-31,9.75
SWED-A.ST,2024-03-27,15.15
SWED-A.ST,2025-03-27,21.7
SWED-A.ST,2026-03-25,29.8
SYSR.ST,2008-08-28,0.375
SYSR.ST,2009-09-04,0.1875
SYSR.ST,2010-08-27,0.3125
SYSR.ST,2011-08-26,0.4375
SYSR.ST,2012-08-30,0.3125
SYSR.ST,2013-08-30,0.375
SYSR.ST,2014-08-29,0.75
SYSR.ST,2015-08-28,0.5
SYSR.ST,2016-08-26,0.5
SYSR.ST,2017-08-25,0.5
SYSR.ST,2018-08-31,0.5
SYSR.ST,2019-08-30,0.5
SYSR.ST,2021-08-27,0.75
SYSR.ST,2023-09-01,1.1
SYSR.ST,2024-08-30,1.2
SYSR.ST,2025-08-29,1.35
TEL2-B.ST,2004-05-13,0.722716
TEL2-B.ST,2005-05-12,1.204527
TEL2-B.ST,2006-05-11,1.686337
TEL2-B.ST,2007-05-10,1.763427
TEL2-B.ST,2008-05-15,3.035407
TEL2-B.ST,2009-05-12,4.818107
TEL2-B.ST,2010-05-18,5.637185
TEL2-B.ST,2011-05-17,26.017776
TEL2-B.ST,2012-05-08,12.527078
TEL2-B.ST,2013-05-14,6.841712
TEL2-B.ST,2014-05-13,4.239934
TEL2-B.ST,2015-05-20,14.309777
TEL2-B.ST,2016-05-25,5.155374
TEL2-B.ST,2017-05-10,5.23
TEL2-B.ST,2018-05-22,4.0
TEL2-B.ST,2019-05-07,2.2
TEL2-B.ST,2019-08-23,6.0
TEL2-B.ST,2019-10-01,2.2
TEL2-B.ST,2020-05-12,2.75
TEL2-B.ST,2020-10-01,6.25
TEL2-B.ST,2021-04-23,3.0
TEL2-B.ST,2021-06-29,3.0
TEL2-B.ST,2021-10-04,3.0
TEL2-B.ST,2022-04-29,16.4
TEL2-B.ST,2022-10-10,3.35
TEL2-B.ST,2023-05-16,3.4
TEL2-B.ST,2023-10-09,3.4
TEL2-B.ST,2024-05-16,3.45
TEL2-B.ST,2024-10-14,3.45
TEL2-B.ST,2025-05-14,3.2
TEL2-B.ST,2025-10-09,3.15
TEL2-B.ST,2026-05-19,5.25
THULE.ST,2015-04-30,1.0
THULE.ST,2015-10-08,1.0
THULE.ST,2016-04-27,1.25
THULE.ST,2016-10-06,1.25
THULE.ST,2017-04-27,9.2
THULE.ST,2017-10-05,1.7
THULE.ST,2018-04-26,3.0
THULE.ST,2018-10-04,3.0
THULE.ST,2019-04-29,3.5
THULE.ST,2019-10-04,3.5
THULE.ST,2021-04-23,11.5
THULE.ST,2021-10-01,4.0
THULE.ST,2022-04-27,6.5
THULE.ST,2022-10-05,6.5
THULE.ST,2023-04-28,4.6
THULE.ST,2023-10-04,4.6
THULE.ST,2024-04-29,4.75
THULE.ST,2024-10-04,4.75
THULE.ST,2025-04-30,4.15
THULE.ST,2025-10-03,4.15
THULE.ST,2026-05-12,4.15
TREL-B.ST,2000-04-14,1.481801
TREL-B.ST,2001-04-27,1.70977
TREL-B.ST,2002-04-24,1.823755
TREL-B.ST,2003-04-25,1.93774
TREL-B.ST,2004-04-26,2.051724
TREL-B.ST,2005-04-27,2.279694
TREL-B.ST,2006-04-26,2.507663
TREL-B.ST,2007-04-26,2.735633
TREL-B.ST,2008-04-29,2.963602
TREL-B.ST,2010-04-21,0.5
TREL-B.ST,2011-04-20,1.75
TREL-B.ST,2012-04-20,2.5
TREL-B.ST,2013-04-25,3.0
TREL-B.ST,2014-04-24,3.25
TREL-B.ST,2015-04-24,3.75
TREL-B.ST,2016-04-22,4.0
TREL-B.ST,2017-04-28,4.25
TREL-B.ST,2018-04-26,4.5
TREL-B.ST,2019-03-28,4.75
TREL-B.ST,2021-04-23,5.0
TREL-B.ST,2022-04-28,5.5
TREL-B.ST,2023-04-28,6.0
TREL-B.ST,2024-04-25,6.75
TREL-B.ST,2025-04-25,7.5
TREL-B.ST,2026-04-24,8.0
VBG-B.ST,2000-04-28,0.519578
VBG-B.ST,2001-04-20,0.519578
VBG-B.ST,2002-04-25,0.519578
VBG-B.ST,2003-04-25,0.519578
VBG-B.ST,2005-05-12,0.692771
VBG-B.ST,2006-05-12,0.95256
VBG-B.ST,2007-05-09,1.385542
VBG-B.ST,2008-05-14,1.731928
VBG-B.ST,2009-05-13,0.692771
VBG-B.ST,2010-04-28,0.346386
VBG-B.ST,2011-05-04,1.039157
VBG-B.ST,2012-04-27,1.558735
VBG-B.ST,2013-04-26,1.558735
VBG-B.ST,2014-04-25,1.905121
VBG-B.ST,2015-04-24,2.078314
VBG-B.ST,2016-04-27,2.251506
VBG-B.ST,2017-04-28,1.75
VBG-B.ST,2018-04-26,3.25
VBG-B.ST,2019-04-25,4.5
VBG-B.ST,2021-04-30,4.5
VBG-B.ST,2022-05-05,5.0
VBG-B.ST,2023-04-28,5.5
VBG-B.ST,2024-05-03,7.0
VBG-B.ST,2025-05-14,7.25
VBG-B.ST,2026-05-13,7.25
VIT-B.ST,2005-05-10,0.07
VIT-B.ST,2006-05-11,0.09
VIT-B.ST,2007-05-10,0.1
VIT-B.ST,2008-05-08,0.12
VIT-B.ST,2009-05-06,0.15
VIT-B.ST,2010-05-06,0.2
VIT-B.ST,2011-05-06,0.25
VIT-B.ST,2012-05-03,0.4
VIT-B.ST,2013-05-03,0.5
VIT-B.ST,2014-05-07,0.55
VIT-B.ST,2015-05-07,0.67
VIT-B.ST,2016-05-12,0.9
VIT-B.ST,2017-04-26,1.0
VIT-B.ST,2018-04-24,1.1
VIT-B.ST,2019-04-11,1.2
VIT-B.ST,2020-06-24,0.3375
VIT-B.ST,2020-09-24,0.3375
VIT-B.ST,2020-12-22,0.3375
VIT-B.ST,2021-03-24,0.3375
VIT-B.ST,2021-06-23,0.41
VIT-B.ST,2021-09-24,0.41
VIT-B.ST,2021-12-23,0.41
VIT-B.ST,2022-03-24,0.41
VIT-B.ST,2022-06-23,0.5
VIT-B.ST,2022-09-26,0.5
VIT-B.ST,2022-12-23,0.5
VIT-B.ST,2023-03-24,0.5
VIT-B.ST,2023-06-26,0.57
VIT-B.ST,2023-09-25,0.57
VIT-B.ST,2023-12-21,0.57
VIT-B.ST,2024-03-22,0.57
VIT-B.ST,2024-06-24,0.75
VIT-B.ST,2024-09-24,0.75
VIT-B.ST,2024-12-19,0.75
VIT-B.ST,2025-03-25,0.75
VIT-B.ST,2025-06-24,0.9
VIT-B.ST,2025-09-23,0.9
VIT-B.ST,2025-12-19,0.9
VIT-B.ST,2026-03-24,0.9
VIT-B.ST,2026-06-24,0.92
VITR.ST,2009-04-28,0.08
VITR.ST,2010-04-27,0.1
VITR.ST,2011-04-28,0.12
VITR.ST,2012-04-20,0.12
VITR.ST,2013-04-30,0.12
VITR.ST,2014-05-06,0.2
VITR.ST,2015-05-06,0.3
VITR.ST,2016-04-29,0.48
VITR.ST,2017-04-28,0.52
VITR.ST,2018-04-27,0.74
VITR.ST,2019-05-03,0.85
VITR.ST,2021-04-29,0.8
VITR.ST,2022-04-28,0.8
VITR.ST,2023-04-28,0.85
VITR.ST,2024-04-26,1.0
VITR.ST,2025-04-30,1.1
VITR.ST,2026-05-06,1.1
VIVA.ST,2022-05-23,1.5
VIVA.ST,2023-05-17,1.55
VIVA.ST,2024-05-24,1.55
VIVA.ST,2025-05-26,1.55
VIVA.ST,2026-05-25,0.8
VOLV-A.ST,2000-04-27,1.4
VOLV-A.ST,2001-04-26,1.6
VOLV-A.ST,2002-04-25,1.6
VOLV-A.ST,2003-04-10,1.6
VOLV-A.ST,2004-05-27,1.6
VOLV-A.ST,2005-04-13,2.5
VOLV-A.ST,2006-04-06,3.35
VOLV-A.ST,2007-04-05,5.0
VOLV-A.ST,2008-04-10,5.5
VOLV-A.ST,2009-04-02,2.0
VOLV-A.ST,2011-04-07,2.5
VOLV-A.ST,2012-04-05,3.0
VOLV-A.ST,2013-04-05,3.0
VOLV-A.ST,2014-04-03,3.0
VOLV-A.ST,2015-04-02,3.0
VOLV-A.ST,2016-04-07,3.0
VOLV-A.ST,2017-04-05,3.25
VOLV-A.ST,2018-04-06,4.25
VOLV-A.ST,2019-04-04,10.0
VOLV-A.ST,2021-04-01,15.0
VOLV-A.ST,2021-06-30,9.5
VOLV-A.ST,2022-04-07,13.0
VOLV-A.ST,2023-04-05,14.0
VOLV-A.ST,2024-03-28,18.0
VOLV-A.ST,2025-04-03,18.5
VOLV-A.ST,2026-04-09,13.0
WALL-B.ST,2000-05-24,0.020833
WALL-B.ST,2001-04-06,0.026667
WALL-B.ST,2002-04-10,0.033333
WALL-B.ST,2003-04-09,0.066667
WALL-B.ST,2005-04-20,0.125
WALL-B.ST,2006-04-07,0.166667
WALL-B.ST,2007-04-18,0.208333
WALL-B.ST,2008-05-13,0.25
WALL-B.ST,2009-04-22,0.25
WALL-B.ST,2010-04-29,0.045
WALL-B.ST,2011-04-28,0.291667
WALL-B.ST,2012-04-26,0.3
WALL-B.ST,2013-04-24,0.3125
WALL-B.ST,2014-04-30,0.5
WALL-B.ST,2015-04-29,0.5625
WALL-B.ST,2016-04-27,0.75
WALL-B.ST,2017-04-27,0.425
WALL-B.ST,2017-10-26,0.425
WALL-B.ST,2018-04-25,0.45
WALL-B.ST,2018-10-30,0.45
WALL-B.ST,2019-05-03,0.475
WALL-B.ST,2019-10-25,0.475
WALL-B.ST,2020-10-01,0.25
WALL-B.ST,2021-04-28,0.3
WALL-B.ST,2021-10-29,0.3
WALL-B.ST,2022-04-27,0.3
WALL-B.ST,2022-10-28,0.3
WALL-B.ST,2023-05-04,0.3
WALL-B.ST,2023-10-31,0.3
WALL-B.ST,2024-04-26,0.25
WALL-B.ST,2024-10-28,0.25
WALL-B.ST,2025-04-30,0.25
WALL-B.ST,2025-10-31,0.25
WALL-B.ST,2026-04-29,0.3
WIHL.ST,2006-04-27,0.4375
WIHL.ST,2007-04-27,0.6875
WIHL.ST,2008-04-24,0.78125
WIHL.ST,2009-04-24,0.8125
WIHL.ST,2010-04-21,0.84375
WIHL.ST,2011-04-29,0.875
WIHL.ST,2012-04-27,0.9375
WIHL.ST,2013-04-24,1.0
WIHL.ST,2014-04-30,1.0625
WIHL.ST,2015-04-30,1.1875
WIHL.ST,2016-04-29,1.3125
WIHL.ST,2017-04-27,1.4375
WIHL.ST,2018-04-26,1.5625
WIHL.ST,2020-04-29,2.25
WIHL.ST,2021-04-28,2.625
WIHL.ST,2022-04-27,3.0
WIHL.ST,2023-04-27,3.1
WIHL.ST,2024-04-25,3.15
WIHL.ST,2025-04-30,3.2
WIHL.ST,2026-04-23,3.3
ZZ-B.ST,2014-05-19,0.1
ZZ-B.ST,2015-05-11,0.25
ZZ-B.ST,2016-05-23,0.25
ZZ-B.ST,2017-05-26,0.25
ZZ-B.ST,2018-05-16,0.45
ZZ-B.ST,2019-05-23,0.7
ZZ-B.ST,2020-05-18,0.7
ZZ-B.ST,2021-05-21,1.25
ZZ-B.ST,2022-06-01,2.0
ZZ-B.ST,2024-05-28,3.0
ZZ-B.ST,2025-05-30,4.0
ZZ-B.ST,2026-06-03,6.0
