ticker,overlap_periods,max_abs_diff_pct,periods_at_or_above_1pct,strict_compatible,policy
AAK.ST,11,0.1230282965081944,0,True,every comparable Yahoo period must be <1%; median is ignored
ABB.ST,9,3.5999999999999943,2,False,every comparable Yahoo period must be <1%; median is ignored
ADDT-B.ST,11,0.6704742984852183,0,True,every comparable Yahoo period must be <1%; median is ignored
ALIG.ST,11,8.587738893025556,4,False,every comparable Yahoo period must be <1%; median is ignored
ALIV-SDB.ST,9,2.3583967187523864,3,False,every comparable Yahoo period must be <1%; median is ignored
ALLEI.ST,10,0.2306678383128285,0,True,every comparable Yahoo period must be <1%; median is ignored
ANOD-B.ST,10,0.4646490016325458,0,True,every comparable Yahoo period must be <1%; median is ignored
ARJO-B.ST,9,3.569963069347564,2,False,every comparable Yahoo period must be <1%; median is ignored
ASSA-B.ST,11,0.0949801245295002,0,True,every comparable Yahoo period must be <1%; median is ignored
ATCO-A.ST,10,0.1424056128651389,0,True,every comparable Yahoo period must be <1%; median is ignored
ATCO-B.ST,11,0.1424056128651389,0,True,every comparable Yahoo period must be <1%; median is ignored
ATRLJ-B.ST,11,402.76949296974857,7,False,every comparable Yahoo period must be <1%; median is ignored
ATT.ST,11,0.7395104203741204,0,True,every comparable Yahoo period must be <1%; median is ignored
AXFO.ST,10,0.1042649322277803,0,True,every comparable Yahoo period must be <1%; median is ignored
AZA.ST,11,0.1942055408029784,0,True,every comparable Yahoo period must be <1%; median is ignored
AZN.ST,8,0.961744982459474,0,True,every comparable Yahoo period must be <1%; median is ignored
BAHN-B.ST,12,1.2266285578182656,2,False,every comparable Yahoo period must be <1%; median is ignored
BALD-B.ST,11,106.42565980147388,11,False,every comparable Yahoo period must be <1%; median is ignored
BEIA-B.ST,11,68.7729023771493,4,False,every comparable Yahoo period must be <1%; median is ignored
BEIJ-B.ST,11,11.073176283145544,4,False,every comparable Yahoo period must be <1%; median is ignored
BERG-B.ST,11,2.368197066039159,2,False,every comparable Yahoo period must be <1%; median is ignored
BETS-B.ST,9,2.040816326530614,3,False,every comparable Yahoo period must be <1%; median is ignored
BILI-A.ST,11,0.1581444385872446,0,True,every comparable Yahoo period must be <1%; median is ignored
BIOG-B.ST,11,0.1649422702054299,0,True,every comparable Yahoo period must be <1%; median is ignored
BOL.ST,11,0.3468571194472056,0,True,every comparable Yahoo period must be <1%; median is ignored
BORG.ST,12,0.3056829234403195,0,True,every comparable Yahoo period must be <1%; median is ignored
BRAV.ST,11,0.3398306129276395,0,True,every comparable Yahoo period must be <1%; median is ignored
BTS-B.ST,12,0.2126578466981634,0,True,every comparable Yahoo period must be <1%; median is ignored
CAST.ST,11,6.757429852233107,5,False,every comparable Yahoo period must be <1%; median is ignored
CATE.ST,10,174.05022537025113,6,False,every comparable Yahoo period must be <1%; median is ignored
CIBUS.ST,9,233.48907058234607,9,False,every comparable Yahoo period must be <1%; median is ignored
CLA-B.ST,11,0.4292869067493498,0,True,every comparable Yahoo period must be <1%; median is ignored
CLAS-B.ST,11,0.198656702298747,0,True,every comparable Yahoo period must be <1%; median is ignored
COOR.ST,11,5.770513675783868,5,False,every comparable Yahoo period must be <1%; median is ignored
CTT.ST,10,35.92838021679028,3,False,every comparable Yahoo period must be <1%; median is ignored
DIOS.ST,10,0.4538044675507766,0,True,every comparable Yahoo period must be <1%; median is ignored
DOM.ST,11,0.7341536552579874,0,True,every comparable Yahoo period must be <1%; median is ignored
DUNI.ST,12,0.4080411886602981,0,True,every comparable Yahoo period must be <1%; median is ignored
DYVOX.ST,10,0.9900990099009894,0,True,every comparable Yahoo period must be <1%; median is ignored
EAST.ST,9,475.5299818291944,9,False,every comparable Yahoo period must be <1%; median is ignored
EKTA-B.ST,11,4.214559386973181,1,False,every comparable Yahoo period must be <1%; median is ignored
EMBRAC-B.ST,11,88.97623565555254,11,False,every comparable Yahoo period must be <1%; median is ignored
EPI-A.ST,10,0.161550888529893,0,True,every comparable Yahoo period must be <1%; median is ignored
EPI-B.ST,11,0.161550888529893,0,True,every comparable Yahoo period must be <1%; median is ignored
EQL.ST,9,2.0408163265306074,6,False,every comparable Yahoo period must be <1%; median is ignored
EQT.ST,5,20.879120879120883,1,False,every comparable Yahoo period must be <1%; median is ignored
ERIC-B.ST,11,10099.999999999998,2,False,every comparable Yahoo period must be <1%; median is ignored
ESSITY-B.ST,11,0.595840441893684,0,True,every comparable Yahoo period must be <1%; median is ignored
EVO.ST,8,1.876172607879918,4,False,every comparable Yahoo period must be <1%; median is ignored
FABG.ST,10,0.904782421370095,0,True,every comparable Yahoo period must be <1%; median is ignored
FOI-B.ST,9,226.046511627907,9,False,every comparable Yahoo period must be <1%; median is ignored
GENO.ST,12,1.8352539479300036,3,False,every comparable Yahoo period must be <1%; median is ignored
GETI-B.ST,11,0.1919385796545178,0,True,every comparable Yahoo period must be <1%; median is ignored
HANZA.ST,11,0.6667115630682213,0,True,every comparable Yahoo period must be <1%; median is ignored
HEXA-B.ST,8,5.066666666666672,4,False,every comparable Yahoo period must be <1%; median is ignored
HMS.ST,10,0.7202216066481939,0,True,every comparable Yahoo period must be <1%; median is ignored
HOLM-A.ST,11,0.5372114455258661,0,True,every comparable Yahoo period must be <1%; median is ignored
HPOL-B.ST,10,0.1356647573108248,0,True,every comparable Yahoo period must be <1%; median is ignored
HTRO.ST,11,133.160621761658,3,False,every comparable Yahoo period must be <1%; median is ignored
HUFV-A.ST,10,0.5566922015511379,0,True,every comparable Yahoo period must be <1%; median is ignored
INDT.ST,11,0.1069804760631185,0,True,every comparable Yahoo period must be <1%; median is ignored
INDU-A.ST,12,179.0828927612499,1,False,every comparable Yahoo period must be <1%; median is ignored
INTRUM.ST,9,571.7089861336215,9,False,every comparable Yahoo period must be <1%; median is ignored
INVE-A.ST,10,0.129919554861485,0,True,every comparable Yahoo period must be <1%; median is ignored
INWI.ST,11,0.1486257352787324,0,True,every comparable Yahoo period must be <1%; median is ignored
KAMBI.ST,9,4.800000000000004,7,False,every comparable Yahoo period must be <1%; median is ignored
KNOW.ST,11,0.2234578807878212,0,True,every comparable Yahoo period must be <1%; median is ignored
LAGR-B.ST,11,0.3386927239459708,0,True,every comparable Yahoo period must be <1%; median is ignored
LIFCO-B.ST,10,0.2492150430142417,0,True,every comparable Yahoo period must be <1%; median is ignored
LIME.ST,9,0.6006006006006012,0,True,every comparable Yahoo period must be <1%; median is ignored
LOOMIS.ST,10,0.1853819075589965,0,True,every comparable Yahoo period must be <1%; median is ignored
LUMI.ST,8,181.7610062893082,7,False,every comparable Yahoo period must be <1%; median is ignored
MCAP.ST,10,0.7585680768068134,0,True,every comparable Yahoo period must be <1%; median is ignored
MCOV-B.ST,9,3.3333333333333366,6,False,every comparable Yahoo period must be <1%; median is ignored
MSAB-B.ST,11,2.0875669684093805,3,False,every comparable Yahoo period must be <1%; median is ignored
MTG-B.ST,12,181.03448275862067,11,False,every comparable Yahoo period must be <1%; median is ignored
MTRS.ST,11,16.630731637199947,3,False,every comparable Yahoo period must be <1%; median is ignored
MYCR.ST,12,99.9894185492831,8,False,every comparable Yahoo period must be <1%; median is ignored
NDA-SE.ST,9,1.396877567789645,4,False,every comparable Yahoo period must be <1%; median is ignored
NEWA-B.ST,9,0.2574498589421456,0,True,every comparable Yahoo period must be <1%; median is ignored
NIBE-B.ST,12,1.2730579371265305,1,False,every comparable Yahoo period must be <1%; median is ignored
NMAN.ST,11,0.2399138268703547,0,True,every comparable Yahoo period must be <1%; median is ignored
NOLA-B.ST,11,0.3009781790820168,0,True,every comparable Yahoo period must be <1%; median is ignored
NORION.ST,10,0.965962763201994,0,True,every comparable Yahoo period must be <1%; median is ignored
PACT.ST,10,181.6764448478169,8,False,every comparable Yahoo period must be <1%; median is ignored
PEAB-B.ST,11,0.6246838990117156,0,True,every comparable Yahoo period must be <1%; median is ignored
PLAZ-B.ST,10,5.830778333602284,3,False,every comparable Yahoo period must be <1%; median is ignored
PNDX-B.ST,11,222.58064516129036,2,False,every comparable Yahoo period must be <1%; median is ignored
REJL-B.ST,11,2.1257072946933766,3,False,every comparable Yahoo period must be <1%; median is ignored
SAAB-B.ST,11,300.49026630374226,2,False,every comparable Yahoo period must be <1%; median is ignored
SAGA-A.ST,11,2689.115646258504,11,False,every comparable Yahoo period must be <1%; median is ignored
SAVE.ST,11,0.3870467009119647,0,True,every comparable Yahoo period must be <1%; median is ignored
SCA-B.ST,11,0.1905256776651926,0,True,every comparable Yahoo period must be <1%; median is ignored
SCST.ST,9,0.9520682862770964,0,True,every comparable Yahoo period must be <1%; median is ignored
SEB-A.ST,11,0.1527657439919826,0,True,every comparable Yahoo period must be <1%; median is ignored
SECARE.ST,11,0.5145797598627792,0,True,every comparable Yahoo period must be <1%; median is ignored
SECT-B.ST,10,0.3355042431419054,0,True,every comparable Yahoo period must be <1%; median is ignored
SECU-B.ST,11,1.2161330049261112,1,False,every comparable Yahoo period must be <1%; median is ignored
SFAST.ST,12,15.37052862898302,2,False,every comparable Yahoo period must be <1%; median is ignored
SHB-A.ST,11,0.5216201579112386,0,True,every comparable Yahoo period must be <1%; median is ignored
SHOT.ST,11,47.48121961997348,8,False,every comparable Yahoo period must be <1%; median is ignored
SINT.ST,10,0.4627317820166977,0,True,every comparable Yahoo period must be <1%; median is ignored
SOBI.ST,11,5.595806998612609,3,False,every comparable Yahoo period must be <1%; median is ignored
SVED-B.ST,10,12.30712833672143,5,False,every comparable Yahoo period must be <1%; median is ignored
SWEC-A.ST,11,0.1744842450990399,0,True,every comparable Yahoo period must be <1%; median is ignored
SWEC-B.ST,11,0.1744842450990399,0,True,every comparable Yahoo period must be <1%; median is ignored
SWED-A.ST,11,1.4863711886478927,1,False,every comparable Yahoo period must be <1%; median is ignored
SYSR.ST,11,0.4975124378109439,0,True,every comparable Yahoo period must be <1%; median is ignored
TEL2-B.ST,10,8.584496960005941,1,False,every comparable Yahoo period must be <1%; median is ignored
THULE.ST,10,0.3928170594837245,0,True,every comparable Yahoo period must be <1%; median is ignored
TREL-B.ST,10,155.87709760083428,4,False,every comparable Yahoo period must be <1%; median is ignored
VBG-B.ST,11,0.0222428458570808,0,True,every comparable Yahoo period must be <1%; median is ignored
VIT-B.ST,9,1.2455034232004023,1,False,every comparable Yahoo period must be <1%; median is ignored
VITR.ST,10,0.2025738798855962,0,True,every comparable Yahoo period must be <1%; median is ignored
VIVA.ST,11,0.9448437373818982,0,True,every comparable Yahoo period must be <1%; median is ignored
VOLV-A.ST,11,0.0441089089059775,0,True,every comparable Yahoo period must be <1%; median is ignored
WALL-B.ST,10,19.95201919232307,8,False,every comparable Yahoo period must be <1%; median is ignored
WIHL.ST,10,2.1891010712622307,1,False,every comparable Yahoo period must be <1%; median is ignored
ZZ-B.ST,10,0.7791723043904334,0,True,every comparable Yahoo period must be <1%; median is ignored
