source_ticker,yahoo_ticker,date_source_ticker,periods,yahoo_dates_found,dates_mapped,cached_dates_reused,new_dates_filled,status,latest_yahoo_date,error
AAK,AAK.ST,AAK.ST,29,50,29,17,0,complete,2026-07-17,
ABB,ABB.ST,ABB.ST,10,25,10,10,0,complete,2026-07-16,
ADDT B,ADDT-B.ST,ADDT-B.ST,32,13,32,20,0,complete,2026-07-14,
ALIG,ALIG.ST,ALIG.ST,32,45,32,20,0,complete,2026-07-17,
ALIV SDB,ALIV-SDB.ST,ALIV-SDB.ST,10,25,10,10,0,complete,2026-07-17,
ALLEI,ALLEI.ST,ALLEI.ST,16,13,16,5,0,complete,2026-07-17,
ANOD B,ANOD-B.ST,ANOD-B.ST,32,13,32,21,0,complete,2026-07-15,
ARJO B,ARJO-B.ST,ARJO-B.ST,32,35,32,22,0,complete,2026-07-14,
ASSA B,ASSA-B.ST,ASSA-B.ST,32,50,32,21,0,complete,2026-07-17,
ATCO A,ATCO-A.ST,ATCO-A.ST,32,50,32,21,0,complete,2026-07-16,
ATCO B,ATCO-B.ST,ATCO-A.ST,32,50,32,22,0,complete,2026-07-16,Rapportdatum hämtade via systeraktien ATCO-A.ST
ATRLJ B,ATRLJ-B.ST,ATRLJ-B.ST,32,1,32,20,0,complete,2026-07-03,
ATT,ATT.ST,ATT.ST,32,9,32,21,0,complete,2026-08-20,
AXFO,AXFO.ST,AXFO.ST,32,50,32,21,0,complete,2026-07-15,
AZA,AZA.ST,AZA.ST,32,50,32,20,0,complete,2026-07-14,
AZN,AZN.ST,AZN.ST,10,9,10,10,0,complete,2026-07-27,
BAHN B,BAHN-B.ST,BAHN-B.ST,32,4,32,22,0,complete,2026-02-17,
BALD B,BALD-B.ST,BALD-B.ST,32,2,32,21,0,complete,2026-07-14,
BEIA B,BEIA-B.ST,BEIA-B.ST,32,50,32,20,0,complete,2026-07-17,
BEIJ B,BEIJ-B.ST,BEIJ-B.ST,32,50,32,20,0,complete,2026-07-17,
BERG B,BERG-B.ST,BERG-B.ST,32,50,32,20,0,complete,2026-07-16,
BETS B,BETS-B.ST,BETS-B.ST,10,25,10,10,0,complete,2026-07-17,
BILI A,BILI-A.ST,BILI-A.ST,32,13,32,20,0,complete,2026-07-17,
BIOG B,BIOG-B.ST,BIOG-B.ST,32,5,32,22,0,complete,2026-07-17,
BOL,BOL.ST,BOL.ST,32,50,32,20,0,complete,2026-07-21,
BORG,BORG.ST,BORG.ST,32,8,32,23,0,complete,2026-04-29,
BRAV,BRAV.ST,BRAV.ST,32,43,32,20,0,complete,2026-07-13,
BTS B,BTS-B.ST,BTS-B.ST,32,27,32,21,0,complete,2026-08-14,
CAST,CAST.ST,CAST.ST,32,50,32,20,0,complete,2026-07-15,
CATE,CATE.ST,CATE.ST,32,1,32,21,0,complete,2026-07-06,
CIBUS,CIBUS.ST,CIBUS.ST,10,4,10,10,0,complete,2026-07-16,
CLA B,CLA-B.ST,CLA-B.ST,32,50,32,20,0,complete,2026-07-15,
CLAS B,CLAS-B.ST,CLAS-B.ST,32,2,32,22,0,complete,2026-09-03,
COOR,COOR.ST,COOR.ST,32,45,32,20,0,complete,2026-07-15,
CTT,CTT.ST,CTT.ST,32,0,32,22,0,complete,,Yahoo-historiken är för gammal: senaste datum 2023-02-07 (1313 dagar sedan)
DIOS,DIOS.ST,DIOS.ST,32,0,32,23,0,complete,,Yahoo-historiken är för gammal: senaste datum 2018-10-25 (2879 dagar sedan)
DOM,DOM.ST,DOM.ST,32,43,32,20,0,complete,2026-07-14,
DUNI,DUNI.ST,DUNI.ST,32,0,32,22,0,complete,,Yahoo-historiken är för gammal: senaste datum 2018-07-13 (2983 dagar sedan)
DYVOX,DYVOX.ST,DYVOX.ST,19,5,19,0,0,complete,2026-07-22,
EAST,EAST.ST,EAST.ST,10,1,10,10,0,complete,2026-07-07,
EKTA B,EKTA-B.ST,EKTA-B.ST,32,50,32,21,0,complete,2026-08-27,
EMBRAC B,EMBRAC-B.ST,EMBRAC-B.ST,32,36,32,22,0,complete,2026-08-13,
EPI A,EPI-A.ST,EPI-A.ST,32,33,32,21,0,complete,2026-07-17,
EPI B,EPI-B.ST,EPI-A.ST,32,33,32,22,0,complete,2026-07-17,Rapportdatum hämtade via systeraktien EPI-A.ST
EQL,EQL.ST,EQL.ST,28,9,28,18,0,complete,2026-05-08,
EQT,EQT.ST,EQT.ST,10,0,10,10,0,complete,,
ERIC B,ERIC-B.ST,ERIC-B.ST,32,50,32,20,0,complete,2026-07-14,
ESSITY B,ESSITY-B.ST,ESSITY-B.ST,32,37,32,20,0,complete,2026-07-16,
EVO,EVO.ST,EVO.ST,10,25,10,10,0,complete,2026-07-17,
FABG,FABG.ST,FABG.ST,32,50,32,21,0,complete,2026-07-06,
FOI B,FOI-B.ST,FOI-B.ST,10,0,10,10,0,complete,,Yahoo-historiken är för gammal: senaste datum 2023-02-09 (1311 dagar sedan)
GENO,GENO.ST,GENO.ST,32,16,32,20,0,complete,2026-04-28,
GETI B,GETI-B.ST,GETI-B.ST,32,50,32,20,0,complete,2026-07-17,
HANZA,HANZA.ST,HANZA.ST,32,27,32,20,0,complete,2026-07-21,
HEXA B,HEXA-B.ST,HEXA-B.ST,10,25,10,10,0,complete,2026-07-29,
HMS,HMS.ST,HMS.ST,32,50,32,21,0,complete,2026-07-14,
HOLM A,HOLM-A.ST,HOLM-A.ST,32,0,32,30,0,complete,,
HPOL B,HPOL-B.ST,HPOL-B.ST,32,50,32,21,0,complete,2026-07-20,
HTRO,HTRO.ST,HTRO.ST,32,27,32,20,0,complete,2026-07-15,
HUFV A,HUFV-A.ST,HUFV-A.ST,32,50,32,21,0,complete,2026-08-20,
INDT,INDT.ST,INDT.ST,32,50,32,20,0,complete,2026-07-16,
INDU A,INDU-A.ST,INDU-A.ST,26,0,26,26,0,complete,,
INTRUM,INTRUM.ST,INTRUM.ST,32,50,32,23,0,complete,2026-05-07,
INVE A,INVE-A.ST,INVE-A.ST,32,0,32,32,0,complete,,Yahoo-historiken är för gammal: senaste datum 2018-01-23 (3154 dagar sedan)
INWI,INWI.ST,INWI.ST,32,8,32,22,0,complete,2026-07-15,
KAMBI,KAMBI.ST,KAMBI.ST,10,15,10,10,0,complete,2026-07-22,
KNOW,KNOW.ST,KNOW.ST,32,25,32,20,0,complete,2026-07-17,
LAGR B,LAGR-B.ST,LAGR-B.ST,32,50,32,20,0,complete,2026-07-17,
LIFCO B,LIFCO-B.ST,LIFCO-B.ST,32,7,32,23,0,complete,2026-07-14,
LIME,LIME.ST,LIME.ST,29,16,29,19,0,complete,2026-07-14,
LOOMIS,LOOMIS.ST,LOOMIS.ST,25,50,25,14,0,complete,2026-07-24,
LUMI,LUMI.ST,LUMI.ST,10,25,10,10,0,complete,2026-08-06,
MCAP,MCAP.ST,MCAP.ST,31,1,31,29,0,complete,2026-07-21,
MCOV B,MCOV-B.ST,MCOV-B.ST,10,7,10,10,0,complete,2026-07-22,
MSAB B,MSAB-B.ST,MSAB-B.ST,32,2,32,22,0,complete,2026-04-28,
MTG B,MTG-B.ST,MTG-B.ST,32,15,32,20,0,complete,2026-07-21,
MTRS,MTRS.ST,MTRS.ST,32,37,32,20,0,complete,2026-07-17,
MYCR,MYCR.ST,MYCR.ST,32,6,32,25,0,complete,2026-07-14,
NDA SE,NDA-SE.ST,NDA-SE.ST,10,25,10,10,0,complete,2026-07-16,
NEWA B,NEWA-B.ST,NEWA-B.ST,32,18,32,22,0,complete,2026-08-20,
NIBE B,NIBE-B.ST,NIBE-B.ST,32,50,32,20,0,complete,2026-08-21,
NMAN,NMAN.ST,NMAN.ST,32,1,32,31,0,complete,2026-07-16,
NOLA B,NOLA-B.ST,NOLA-B.ST,32,1,32,21,0,complete,2026-07-17,
NORION,NORION.ST,NORION.ST,32,15,32,21,0,complete,2026-04-23,
PACT,PACT.ST,PACT.ST,32,31,32,21,0,complete,2026-07-16,
PEAB B,PEAB-B.ST,PEAB-B.ST,32,50,32,20,0,complete,2026-07-14,
PLAZ B,PLAZ-B.ST,PLAZ-B.ST,32,1,32,31,0,complete,2026-07-03,
PNDX B,PNDX-B.ST,PNDX-B.ST,32,11,32,21,0,complete,2026-07-15,
REJL B,REJL-B.ST,REJL-B.ST,32,9,32,23,0,complete,2026-07-15,
SAAB B,SAAB-B.ST,SAAB-B.ST,32,50,32,20,0,complete,2026-07-17,
SAGA A,SAGA-A.ST,SAGA-A.ST,32,0,32,32,0,complete,,Yahoo-historiken är för gammal: senaste datum 2012-10-26 (5069 dagar sedan)
SAVE,SAVE.ST,SAVE.ST,23,23,23,11,0,complete,2026-07-17,
SCA B,SCA-B.ST,SCA-B.ST,32,50,32,20,0,complete,2026-07-22,
SCST,SCST.ST,SCST.ST,32,7,32,23,0,complete,2026-07-17,
SEB A,SEB-A.ST,SEB-A.ST,32,50,32,20,0,complete,2026-07-15,
SECARE,SECARE.ST,SECARE.ST,32,19,32,20,0,complete,2026-07-22,
SECT B,SECT-B.ST,SECT-B.ST,32,5,32,28,0,complete,2026-09-04,
SECU B,SECU-B.ST,SECU-B.ST,32,50,32,20,0,complete,2026-07-24,
SFAST,SFAST.ST,SFAST.ST,19,1,19,17,0,complete,2026-02-19,
SHB A,SHB-A.ST,SHB-A.ST,32,50,32,20,0,complete,2026-07-15,
SHOT,SHOT.ST,SHOT.ST,32,16,32,20,0,complete,2026-07-15,
SINT,SINT.ST,SINT.ST,32,9,32,22,0,complete,2026-04-29,
SOBI,SOBI.ST,SOBI.ST,32,50,32,20,0,complete,2026-07-16,
SVED B,SVED-B.ST,SVED-B.ST,32,10,32,22,0,complete,2026-04-23,
SWEC A,SWEC-A.ST,SWEC-B.ST,32,50,32,22,0,complete,2026-07-17,Rapportdatum hämtade via systeraktien SWEC-B.ST
SWEC B,SWEC-B.ST,SWEC-B.ST,32,50,32,20,0,complete,2026-07-17,
SWED A,SWED-A.ST,SWED-A.ST,32,50,32,20,0,complete,2026-07-17,
SYSR,SYSR.ST,SYSR.ST,32,18,32,21,0,complete,2026-06-10,
TEL2 B,TEL2-B.ST,TEL2-B.ST,32,50,32,21,0,complete,2026-07-16,
THULE,THULE.ST,THULE.ST,32,47,32,21,0,complete,2026-07-20,
TREL B,TREL-B.ST,TREL-B.ST,32,50,32,21,0,complete,2026-07-16,
VBG B,VBG-B.ST,VBG-B.ST,32,12,32,20,0,complete,2026-07-17,
VIT B,VIT-B.ST,VIT-B.ST,32,50,32,22,0,complete,2026-07-14,
VITR,VITR.ST,VITR.ST,32,3,32,22,0,complete,2026-07-16,
VIVA,VIVA.ST,VIVA.ST,19,9,19,9,0,complete,2026-02-19,
VOLV A,VOLV-A.ST,VOLV-A.ST,32,0,32,32,0,complete,,
WALL B,WALL-B.ST,WALL-B.ST,32,1,32,22,0,complete,2026-07-06,
WIHL,WIHL.ST,WIHL.ST,32,0,32,23,0,complete,,Yahoo-historiken är för gammal: senaste datum 2025-10-23 (324 dagar sedan)
ZZ B,ZZ-B.ST,ZZ-B.ST,32,0,32,25,0,complete,,Yahoo-historiken är för gammal: senaste datum 2025-11-19 (297 dagar sedan)
