ticker,price_rows,eps_rows,pe_rows,score_rows,first_eps_date,first_gbm_date,first_score_date,last_score_date,latest_eps_raw,latest_eps_valuation_currency,eps_currency,price_currency,latest_fx_rate,latest_pe_ttm,latest_score,signals_total,signals_executed,status
AAK.ST,2701,1823,1823,1780,2019-07-01,2019-08-30,2019-08-30,2026-09-29,13.8706,13.8706,SEK,SEK,1.0,13.070811864790118,0.23182699999999992,60,23,ready
ABB.ST,2701,2005,2005,1962,2018-10-01,2018-11-29,2018-11-29,2026-09-29,26.4067,26.4067,SEK,SEK,1.0,36.634642890405175,66.84234435362325,35,21,ready
ADDT-B.ST,2701,2005,2005,1962,2018-10-01,2018-11-29,2018-11-29,2026-09-29,8.2352,8.2352,SEK,SEK,1.0,41.40761608704099,62.855209525995974,52,25,ready
ALIG.ST,2701,2005,2005,1962,2018-10-01,2018-11-29,2018-11-29,2026-09-29,5.1778,5.1778,SEK,SEK,1.0,23.33037256204523,21.63008320420258,43,18,ready
ALIV-SDB.ST,2701,2005,2005,1962,2018-10-01,2018-11-29,2018-11-29,2026-09-29,79.5815,79.5815,SEK,SEK,1.0,14.2872401249034,26.73523978158594,48,24,ready
ALLEI.ST,1025,1003,1003,840,2022-09-30,2023-05-25,2023-05-25,2026-09-29,3.6416,3.6416,SEK,SEK,1.0,31.991432337434095,48.45578849077143,20,11,ready
ANOD-B.ST,2701,2005,2005,1962,2018-10-01,2018-11-29,2018-11-29,2026-09-29,2.3889,2.3889,SEK,SEK,1.0,21.13943656076018,97.67616936584511,62,30,ready
ARJO-B.ST,2207,2005,2005,1962,2018-10-01,2018-11-29,2018-11-29,2026-09-29,1.4098,1.4098,SEK,SEK,1.0,19.619804119316292,29.23087014376366,61,32,ready
ASSA-B.ST,2701,2005,2005,1962,2018-10-01,2018-11-29,2018-11-29,2026-09-29,14.7582,14.7582,SEK,SEK,1.0,24.054423981244323,58.542997153578234,36,19,ready
ATCO-A.ST,2701,2005,2005,1962,2018-10-01,2018-11-29,2018-11-29,2026-09-29,5.459,5.459,SEK,SEK,1.0,38.13885271079725,67.57467204685196,47,24,ready
ATCO-B.ST,2701,2005,2005,1962,2018-10-01,2018-11-29,2018-11-29,2026-09-29,5.459,5.459,SEK,SEK,1.0,32.844843936940435,60.18035415601937,50,22,ready
ATRLJ-B.ST,2701,2005,2005,1942,2018-10-01,2018-11-29,2018-11-29,2026-09-29,0.9072,0.9072,SEK,SEK,1.0,26.179453262786595,0.846318321666621,56,23,ready
ATT.ST,2701,2005,2005,1938,2018-10-01,2018-11-29,2018-11-29,2026-09-29,6.6217,6.6217,SEK,SEK,1.0,19.330383436277693,87.18554924169288,59,22,ready
AXFO.ST,2701,2005,2005,1962,2018-10-01,2018-11-29,2018-11-29,2026-09-29,11.2117,11.2117,SEK,SEK,1.0,22.886806291955335,88.0365565046382,52,27,ready
AZA.ST,2701,2005,2005,1962,2018-10-01,2018-11-29,2018-11-29,2026-09-29,17.8906,17.8906,SEK,SEK,1.0,21.19548881574857,14.999672695253404,69,36,ready
AZN.ST,2701,2005,2005,1934,2018-10-01,2018-11-29,2018-11-29,2026-09-29,64.3345,64.3345,SEK,SEK,1.0,25.515081332721945,82.79366894935688,54,22,ready
BAHN-B.ST,2701,2005,2005,1962,2018-10-01,2018-11-29,2018-11-29,2026-09-29,1.7206,1.7206,SEK,SEK,1.0,34.69719909504792,63.40022240730526,27,18,ready
BALD-B.ST,2701,2005,2005,1941,2018-10-01,2018-11-29,2018-11-29,2026-09-29,5.8427,5.8427,SEK,SEK,1.0,8.24447569941043,0.0,56,31,ready
BEIA-B.ST,2701,2005,2005,1962,2018-10-01,2018-11-29,2018-11-29,2026-09-29,12.4622,12.4622,SEK,SEK,1.0,24.15303878929884,57.66702710195553,56,29,ready
BEIJ-B.ST,2701,2005,2005,1962,2018-10-01,2018-11-29,2018-11-29,2026-09-29,4.6631,4.6631,SEK,SEK,1.0,31.88865710541103,100.0,60,22,ready
BERG-B.ST,2701,2005,2005,1931,2018-10-01,2018-11-29,2018-11-29,2026-09-29,8.5268,8.5268,SEK,SEK,1.0,30.492095510625322,28.374187874708962,56,21,ready
BETS-B.ST,2701,2005,2005,1962,2018-10-01,2018-11-29,2018-11-29,2026-09-29,10.6525,10.6525,SEK,SEK,1.0,8.960337662355522,61.90343979848616,51,28,ready
BILI-A.ST,2701,2005,2005,1962,2018-10-01,2018-11-29,2018-11-29,2026-09-29,9.0762,9.0762,SEK,SEK,1.0,15.75549238668165,25.260346365743928,48,28,ready
BIOG-B.ST,2701,2005,2005,1962,2018-10-01,2018-11-29,2018-11-29,2026-09-29,3.4324,3.4324,SEK,SEK,1.0,33.38771660474335,61.64724400605101,53,25,ready
BOL.ST,2701,2005,2005,1962,2018-10-01,2018-11-29,2018-11-29,2026-09-29,44.6319,44.6319,SEK,SEK,1.0,11.31477709889115,5.163067521608406,50,26,ready
BORG.ST,2701,2005,2005,1962,2018-10-01,2018-11-29,2018-11-29,2026-09-29,3.884,3.884,SEK,SEK,1.0,13.903192584963955,0.1655259999999999,50,27,ready
BRAV.ST,2701,2005,2005,1962,2018-10-01,2018-11-29,2018-11-29,2026-09-29,6.8665,6.8665,SEK,SEK,1.0,21.845190417243135,99.957976,40,18,ready
BTS-B.ST,2701,2005,2005,1962,2018-10-01,2018-11-29,2018-11-29,2026-09-29,4.9017,4.9017,SEK,SEK,1.0,42.536262929187835,96.17482055380034,46,24,ready
CAST.ST,2701,2005,2005,1944,2018-10-01,2018-11-29,2018-11-29,2026-09-29,5.5414,5.5414,SEK,SEK,1.0,22.73793626159454,13.608461147368756,56,25,ready
CATE.ST,2701,2005,2005,1962,2018-10-01,2018-11-29,2018-11-29,2026-09-29,33.9816,33.9816,SEK,SEK,1.0,10.411516461643028,0.0,54,25,ready
CIBUS.ST,2147,624,624,552,2024-04-02,2024-05-28,2024-05-28,2026-09-29,11.4241,11.4241,SEK,SEK,1.0,10.876130285974389,0.19163600000000022,20,7,ready
CLA-B.ST,2701,2005,2005,1962,2018-10-01,2018-11-29,2018-11-29,2026-09-29,2.9822,2.9822,SEK,SEK,1.0,17.084702824404616,0.8387470000000004,49,21,ready
CLAS-B.ST,2701,2023,2023,1980,2018-09-05,2018-11-05,2018-11-05,2026-09-29,19.75,19.75,SEK,SEK,1.0,21.893670577037184,38.31931351142626,45,24,ready
COOR.ST,2701,2005,2005,1962,2018-10-01,2018-11-29,2018-11-29,2026-09-29,2.7278,2.7278,SEK,SEK,1.0,18.32978957401569,50.515488984686385,51,29,ready
CTT.ST,2701,2005,2005,1962,2018-10-01,2018-11-29,2018-11-29,2026-09-29,4.5574,4.5574,SEK,SEK,1.0,28.43726820193874,18.989349073473242,49,22,ready
DIOS.ST,2701,2005,2005,1933,2018-10-01,2018-11-29,2018-11-29,2026-09-29,7.9718,7.9718,SEK,SEK,1.0,7.244286108532577,0.2325360000000002,46,21,ready
DOM.ST,2701,2005,2005,1938,2018-10-01,2018-11-29,2018-11-29,2026-09-29,0.9671,0.9671,SEK,SEK,1.0,21.528280110458297,0.6432010000000004,66,23,ready
DUNI.ST,2701,2005,2005,1938,2018-10-01,2018-11-29,2018-11-29,2026-09-29,4.3192,4.3192,SEK,SEK,1.0,17.71161326171513,30.596075716578223,40,20,ready
DYVOX.ST,1206,1191,1191,1021,2022-01-03,2022-09-06,2022-09-06,2026-09-29,2.1177,2.1177,SEK,SEK,1.0,35.51022191445539,50.39678284362557,44,19,ready
EAST.ST,2701,624,624,570,2024-04-02,2024-05-28,2024-05-28,2026-09-29,2.9634,2.9634,SEK,SEK,1.0,14.375379116596168,0.9773450000000002,23,7,ready
EKTA-B.ST,2701,1962,1962,1919,2018-11-29,2019-02-05,2019-02-05,2026-09-29,-0.9498,-0.9498,SEK,SEK,1.0,-55.38007841031911,43.25251700000002,58,23,ready
EMBRAC-B.ST,2476,2005,2005,1922,2018-10-01,2018-11-29,2018-11-29,2026-09-29,-23.6958,-23.6958,SEK,SEK,1.0,-3.5955737703830297,0.21582800000000102,68,25,ready
EPI-A.ST,2080,2005,2005,1895,2018-10-01,2019-03-11,2019-03-11,2026-09-29,7.3082,7.3082,SEK,SEK,1.0,36.24695463951238,64.37759789569603,50,22,ready
EPI-B.ST,2080,2005,2005,1895,2018-10-01,2019-03-11,2019-03-11,2026-09-29,7.3082,7.3082,SEK,SEK,1.0,30.486303474420215,57.95871346355248,47,24,ready
EQL.ST,561,561,561,376,2024-07-04,2025-03-28,2025-03-28,2026-09-29,-0.4802,-0.4802,SEK,SEK,1.0,-47.896709704289876,98.73792499999998,18,9,ready
EQT.ST,1763,1191,1191,1117,2022-01-03,2022-03-04,2022-03-04,2026-09-29,9.6909,9.6909,SEK,SEK,1.0,29.34711883276934,0.07304,44,17,ready
ERIC-B.ST,2701,2005,2005,1900,2018-10-01,2018-11-22,2018-11-22,2026-09-29,7.3818,7.3818,SEK,SEK,1.0,12.606680966511387,13.19646717321465,47,13,ready
ESSITY-B.ST,2335,2005,2005,1962,2018-10-01,2018-11-29,2018-11-29,2026-09-29,17.7274,17.7274,SEK,SEK,1.0,14.627073783689022,12.751099561753211,52,20,ready
EVO.ST,2701,750,750,707,2023-10-02,2023-11-30,2023-11-30,2026-09-29,58.0766,58.0766,SEK,SEK,1.0,13.595836801499011,23.48797690293194,29,4,ready
FABG.ST,2701,2005,2005,1900,2018-10-01,2018-11-29,2018-11-29,2026-09-29,1.3701,1.3701,SEK,SEK,1.0,49.0475125525452,2.500485187182873,67,25,ready
FOI-B.ST,2701,624,624,581,2024-04-02,2024-06-04,2024-06-04,2026-09-29,5.69,5.69,SEK,SEK,1.0,50.35149384885764,0.804147,19,9,ready
GENO.ST,2701,2005,2005,1917,2018-10-01,2018-11-22,2018-11-22,2026-09-29,0.3101,0.3101,SEK,SEK,1.0,59.85165903238434,0.209232,78,29,ready
GETI-B.ST,2701,2005,2005,1940,2018-10-01,2018-11-22,2018-11-22,2026-09-29,9.8249,9.8249,SEK,SEK,1.0,25.15038383123651,70.4615311768798,53,22,ready
HANZA.ST,2701,2005,2005,1939,2018-10-01,2018-11-29,2018-11-29,2026-09-29,6.2697,6.2697,SEK,SEK,1.0,24.3073821548853,79.69757282730953,59,26,ready
HEXA-B.ST,2701,750,750,707,2023-10-02,2023-11-30,2023-11-30,2026-09-29,2.0452,2.0452,SEK,SEK,1.0,48.07353789107384,57.79113425265772,14,10,ready
HMS.ST,2701,2005,2005,1962,2018-10-01,2018-11-29,2018-11-29,2026-09-29,11.0138,11.0138,SEK,SEK,1.0,49.664965770215545,92.13661631178837,70,32,ready
HOLM-A.ST,2701,2005,2005,1962,2018-10-01,2018-11-29,2018-11-29,2026-09-29,17.3172,17.3172,SEK,SEK,1.0,18.65197607003442,58.41334340976824,29,16,ready
HPOL-B.ST,2701,2005,2005,1962,2018-10-01,2018-11-29,2018-11-29,2026-09-29,5.3072,5.3072,SEK,SEK,1.0,18.08863430810974,69.51111288854709,47,18,ready
HTRO.ST,2701,2005,2005,1928,2018-10-01,2018-11-29,2018-11-29,2026-09-29,0.1876,0.1876,SEK,SEK,1.0,210.28785054871778,47.99788909664174,70,30,ready
HUFV-A.ST,2701,2005,2005,1922,2018-10-01,2018-11-29,2018-11-29,2026-09-29,5.9488,5.9488,SEK,SEK,1.0,19.012237505735794,7.27312433679513,58,23,ready
INDT.ST,2701,2005,2005,1962,2018-10-01,2018-11-29,2018-11-29,2026-09-29,7.3589,7.3589,SEK,SEK,1.0,34.67909564584954,81.0393910398845,53,30,ready
INDU-A.ST,2701,1634,1634,1550,2020-03-31,2020-05-28,2020-05-28,2026-09-29,145.5363,145.5363,SEK,SEK,1.0,3.7069789461460814,53.25790387508777,47,23,ready
INTRUM.ST,2701,2005,2005,1933,2018-10-01,2018-11-29,2018-11-29,2026-09-29,-3.0284,-3.0284,SEK,SEK,1.0,-1.057984412952484,99.14999499999998,62,28,ready
INVE-A.ST,2701,2005,2005,1908,2018-10-01,2018-11-29,2018-11-29,2026-09-29,85.67,85.67,SEK,SEK,1.0,4.6737480319421545,35.98346896313306,37,17,ready
INWI.ST,2701,2005,2005,1962,2018-10-01,2018-11-29,2018-11-29,2026-09-29,9.0934,9.0934,SEK,SEK,1.0,19.849561220225656,61.38050810785302,39,22,ready
KAMBI.ST,2701,750,750,707,2023-10-02,2023-11-30,2023-11-30,2026-09-29,3.2318,3.2318,SEK,SEK,1.0,52.045298888620025,15.129216725551043,26,12,ready
KNOW.ST,2701,2005,2005,1962,2018-10-01,2018-11-29,2018-11-29,2026-09-29,-10.6273,-10.6273,SEK,SEK,1.0,-8.88278316466825,36.62861100000001,53,23,ready
LAGR-B.ST,2701,2005,2005,1962,2018-10-01,2018-11-29,2018-11-29,2026-09-29,6.0659,6.0659,SEK,SEK,1.0,37.356370217694916,58.869135252365375,59,25,ready
LIFCO-B.ST,2701,2005,2005,1962,2018-10-01,2018-11-29,2018-11-29,2026-09-29,8.4827,8.4827,SEK,SEK,1.0,37.323022870491194,57.58473149446939,53,28,ready
LIME.ST,1957,1823,1823,1772,2019-07-01,2019-09-11,2019-09-11,2026-09-29,8.954,8.954,SEK,SEK,1.0,27.417913781550144,51.546972982241854,73,34,ready
LOOMIS.ST,2701,1574,1574,1531,2020-06-30,2020-08-28,2020-08-28,2026-09-29,27.5825,27.5825,SEK,SEK,1.0,20.266473307350676,89.38698153987701,39,16,ready
LUMI.ST,2340,750,750,683,2023-10-02,2023-11-30,2023-11-30,2026-09-29,16.7034,16.7034,SEK,SEK,1.0,14.392279050761188,33.846806557653274,32,7,ready
MCAP.ST,2701,1943,1943,1900,2019-01-02,2019-03-04,2019-03-04,2026-09-29,16.0553,16.0553,SEK,SEK,1.0,32.232346950851124,8.661753907765064,64,26,ready
MCOV-B.ST,2351,624,624,581,2024-04-02,2024-06-04,2024-06-04,2026-09-29,6.1103,6.1103,SEK,SEK,1.0,42.06012798062289,91.40779764509209,14,6,ready
MSAB-B.ST,2701,2005,2005,1962,2018-10-01,2018-11-29,2018-11-29,2026-09-29,3.7849,3.7849,SEK,SEK,1.0,24.04290734233401,39.49051915111052,64,36,ready
MTG-B.ST,2701,2005,2005,1910,2018-10-01,2018-11-29,2018-11-29,2026-09-29,1.4179,1.4179,SEK,SEK,1.0,88.15854432611609,10.507712685922698,68,29,ready
MTRS.ST,2353,2005,2005,1934,2018-10-01,2018-11-29,2018-11-29,2026-09-29,2.7939,2.7939,SEK,SEK,1.0,47.20999101488399,0.0,59,31,ready
MYCR.ST,2701,2005,2005,1962,2018-10-01,2018-11-29,2018-11-29,2026-09-29,8.889,8.889,SEK,SEK,1.0,37.95702485054386,82.63326144691946,49,34,ready
NDA-SE.ST,2701,750,750,707,2023-10-02,2023-11-30,2023-11-30,2026-09-29,15.3227,15.3227,SEK,SEK,1.0,13.02316191348508,67.41488795971352,8,4,ready
NEWA-B.ST,2701,2005,2005,1962,2018-10-01,2018-11-29,2018-11-29,2026-09-29,6.0518,6.0518,SEK,SEK,1.0,14.830298423609504,53.85314632601861,54,33,ready
NIBE-B.ST,2701,2005,2005,1962,2018-10-01,2018-11-29,2018-11-29,2026-09-29,1.314,1.314,SEK,SEK,1.0,34.42161304584195,86.87933144709687,72,30,ready
NMAN.ST,2701,2005,2005,1962,2018-10-01,2018-11-29,2018-11-29,2026-09-29,6.983,6.983,SEK,SEK,1.0,18.101102896445497,18.82176857985119,55,24,ready
NOLA-B.ST,2701,2005,2005,1962,2018-10-01,2018-11-29,2018-11-29,2026-09-29,2.658,2.658,SEK,SEK,1.0,20.20316055791552,73.87129222095062,62,28,ready
NORION.ST,1037,1037,1037,852,2022-08-15,2023-05-08,2023-05-08,2026-09-29,6.0195,6.0195,SEK,SEK,1.0,11.230168365166724,47.060298185340464,25,10,ready
PACT.ST,2701,2005,2005,1962,2018-10-01,2018-11-29,2018-11-29,2026-09-29,7.4491,7.4491,SEK,SEK,1.0,18.82106522240837,78.91098641005175,49,26,ready
PEAB-B.ST,2701,2005,2005,1962,2018-10-01,2018-11-29,2018-11-29,2026-09-29,7.3157,7.3157,SEK,SEK,1.0,13.55304366306422,66.70800903105008,41,18,ready
PLAZ-B.ST,2701,2005,2005,1937,2018-10-01,2018-11-29,2018-11-29,2026-09-29,6.119,6.119,SEK,SEK,1.0,10.6063084696648,0.7592510000000001,44,19,ready
PNDX-B.ST,2701,2005,2005,1895,2018-10-01,2018-11-29,2018-11-29,2026-09-29,16.3667,16.3667,SEK,SEK,1.0,9.519329067665309,0.736367,54,21,ready
REJL-B.ST,2701,2005,2005,1962,2018-10-01,2018-11-29,2018-11-29,2026-09-29,7.4602,7.4602,SEK,SEK,1.0,18.739444391806895,0.0,51,19,ready
SAAB-B.ST,2701,2005,2005,1962,2018-10-01,2018-11-29,2018-11-29,2026-09-29,13.1159,13.1159,SEK,SEK,1.0,46.82103215074356,44.04647189639436,55,27,ready
SAGA-A.ST,2701,2005,2005,1920,2018-10-01,2018-11-29,2018-11-29,2026-09-29,12.6443,12.6443,SEK,SEK,1.0,12.574836092152196,10.176349133746283,64,30,ready
SAVE.ST,1468,1444,1444,1283,2021-01-04,2021-08-24,2021-08-24,2026-09-29,12.9682,12.9682,SEK,SEK,1.0,26.09460016783242,22.777380489997526,43,23,ready
SCA-B.ST,2701,2005,2005,1962,2018-10-01,2018-11-29,2018-11-29,2026-09-29,3.1609,3.1609,SEK,SEK,1.0,38.675693631560634,89.01311961741854,45,20,ready
SCST.ST,2701,2005,2005,1962,2018-10-01,2018-11-29,2018-11-29,2026-09-29,6.6108,6.6108,SEK,SEK,1.0,25.715495855267136,100.0,42,26,ready
SEB-A.ST,2701,2005,2005,1962,2018-10-01,2018-11-29,2018-11-29,2026-09-29,15.6768,15.6768,SEK,SEK,1.0,15.009440896851258,92.5559915003215,35,18,ready
SECARE.ST,2590,2005,2005,1962,2018-10-01,2018-11-29,2018-11-29,2026-09-29,0.5005,0.5005,SEK,SEK,1.0,42.957042957042965,30.463304440958055,63,28,ready
SECT-B.ST,2701,2024,2024,1981,2018-09-04,2018-11-02,2018-11-02,2026-09-29,3.22,3.22,SEK,SEK,1.0,90.31055521520769,61.92924692330065,49,23,ready
SECU-B.ST,2701,2005,2005,1962,2018-10-01,2018-11-29,2018-11-29,2026-09-29,9.7553,9.7553,SEK,SEK,1.0,15.622276495493155,64.27393455273064,53,25,ready
SFAST.ST,1469,1191,1191,1131,2022-01-03,2022-03-04,2022-03-04,2026-09-29,1.4545,1.4545,SEK,SEK,1.0,7.768992912158724,1.0219880000000001,35,15,ready
SHB-A.ST,2701,2005,2005,1962,2018-10-01,2018-11-29,2018-11-29,2026-09-29,11.8696,11.8696,SEK,SEK,1.0,13.138605930127568,91.96678833532252,26,14,ready
SHOT.ST,2701,2005,2005,1937,2018-10-01,2018-11-29,2018-11-29,2026-09-29,3.3747,3.3747,SEK,SEK,1.0,26.06157493947379,39.81173910774385,54,30,ready
SINT.ST,2701,2005,2005,1962,2018-10-01,2018-11-29,2018-11-29,2026-09-29,2.7122,2.7122,SEK,SEK,1.0,37.97655040188776,19.29101867396905,58,32,ready
SOBI.ST,2701,2005,2005,1920,2018-10-01,2018-11-29,2018-11-29,2026-09-29,3.85,3.85,SEK,SEK,1.0,113.40259898792614,18.691871072835003,37,21,ready
SVED-B.ST,2701,2005,2005,1962,2018-10-01,2018-11-29,2018-11-29,2026-09-29,4.0326,4.0326,SEK,SEK,1.0,13.614045907325027,2.6887046478971284,50,27,ready
SWEC-A.ST,2701,2005,2005,1962,2018-10-01,2018-11-29,2018-11-29,2026-09-29,6.3027,6.3027,SEK,SEK,1.0,20.626080885969508,60.95204812321323,52,21,ready
SWEC-B.ST,2701,2005,2005,1962,2018-10-01,2018-11-29,2018-11-29,2026-09-29,6.3027,6.3027,SEK,SEK,1.0,20.515017857705082,58.66330316676297,56,22,ready
SWED-A.ST,2701,2005,2005,1962,2018-10-01,2018-11-29,2018-11-29,2026-09-29,27.6204,27.6204,SEK,SEK,1.0,14.916510984634545,98.53681887367854,31,20,ready
SYSR.ST,2701,1958,1958,1915,2018-12-05,2019-02-11,2019-02-11,2026-09-29,3.8374,3.8374,SEK,SEK,1.0,22.489186181205454,52.49585924827109,53,22,ready
TEL2-B.ST,2701,2005,2005,1962,2018-10-01,2018-11-29,2018-11-29,2026-09-29,14.5075,14.5075,SEK,SEK,1.0,11.356195071514733,26.214965413992193,50,17,ready
THULE.ST,2701,2005,2005,1962,2018-10-01,2018-11-29,2018-11-29,2026-09-29,10.8071,10.8071,SEK,SEK,1.0,18.1269715183985,10.124185947149515,65,27,ready
TREL-B.ST,2701,2005,2005,1928,2018-10-01,2018-11-29,2018-11-29,2026-09-29,16.8458,16.8458,SEK,SEK,1.0,27.140296822177117,77.59068485904646,47,24,ready
VBG-B.ST,2701,2005,2005,1962,2018-10-01,2018-11-29,2018-11-29,2026-09-29,16.4133,16.4133,SEK,SEK,1.0,18.91758512913308,40.15580257370896,44,17,ready
VIT-B.ST,2701,2005,2005,1962,2018-10-01,2018-11-29,2018-11-29,2026-09-29,11.6753,11.6753,SEK,SEK,1.0,22.83453154124653,56.81452528542936,60,30,ready
VITR.ST,2701,2005,2005,1950,2018-10-01,2018-11-29,2018-11-29,2026-09-29,-36.7885,-36.7885,SEK,SEK,1.0,-2.506217892771986,59.16439800000001,69,33,ready
VIVA.ST,1200,1188,1188,1015,2022-01-03,2022-09-09,2022-09-09,2026-09-24,2.3148,2.3148,SEK,SEK,1.0,16.67530606277911,68.456515502519,36,10,ready
VOLV-A.ST,2701,2005,2005,1962,2018-10-01,2018-11-29,2018-11-29,2026-09-29,17.6252,17.6252,SEK,SEK,1.0,18.428158987867867,7.33603215009084,37,25,ready
WALL-B.ST,2701,2005,2005,1910,2018-10-01,2018-11-29,2018-11-29,2026-09-29,4.1556,4.1556,SEK,SEK,1.0,8.744826295261309,0.0,52,23,ready
WIHL.ST,2701,2005,2005,1932,2018-10-01,2018-11-29,2018-11-29,2026-09-29,7.1106,7.1106,SEK,SEK,1.0,10.097601194239278,0.7773990000000001,47,23,ready
ZZ-B.ST,2701,2005,2005,1962,2018-10-01,2018-11-29,2018-11-29,2026-09-29,10.9755,10.9755,SEK,SEK,1.0,12.117898956767345,26.921308273081515,66,26,ready
