ticker,report_period,effective_date_old,effective_date_new,rebuilt_at
EKTA-B.ST,2026-Q3,2026-08-26,2026-08-27,2026-10-06T11:54:36+02:00
EKTA-B.ST,YAHOO-2026-07-31,2026-08-26,2026-08-27,2026-10-06T11:54:36+02:00
EQL.ST,2026-Q2,2026-08-15,2026-08-07,2026-10-06T11:54:36+02:00
LIME.ST,2025-Q2,2025-07-12,2025-07-11,2026-10-06T11:54:36+02:00
MSAB-B.ST,2026-Q2,2026-08-15,2026-07-16,2026-10-06T11:54:36+02:00
NORION.ST,2026-Q2,2026-08-15,2026-07-14,2026-10-06T11:54:36+02:00
SFAST.ST,2026-Q2,2026-08-15,2026-07-09,2026-10-06T11:54:36+02:00
SINT.ST,2026-Q2,2026-08-23,2026-08-19,2026-10-06T11:54:36+02:00
SVED-B.ST,2026-Q2,2026-08-15,2026-07-15,2026-10-06T11:54:36+02:00
SYSR.ST,2026-Q3,2026-09-04,2026-08-27,2026-10-06T11:54:36+02:00
SYSR.ST,YAHOO-2026-07-31,2026-08-27,2026-08-28,2026-10-06T11:54:36+02:00
WIHL.ST,2026-Q2,2026-08-15,2026-07-06,2026-10-06T11:54:36+02:00
ZZ-B.ST,2026-Q1,2026-08-15,2026-05-22,2026-10-06T11:54:36+02:00
SYSR.ST,YAHOO-2026-07-31,2026-08-28,2026-08-27 00:00:00,2026-10-06T12:28:39+02:00
CIBUS.ST,2020-Q1,,2020-05-15 00:00:00,2026-10-06T13:43:31+02:00
CIBUS.ST,2020-Q2,,2020-08-20 00:00:00,2026-10-06T13:43:31+02:00
CIBUS.ST,2020-Q3,,2020-11-12 00:00:00,2026-10-06T13:43:31+02:00
CIBUS.ST,2020-Q4,,2021-02-25 00:00:00,2026-10-06T13:43:31+02:00
CIBUS.ST,2021-Q1,,2021-05-12 00:00:00,2026-10-06T13:43:31+02:00
CIBUS.ST,2021-Q2,,2021-08-18 00:00:00,2026-10-06T13:43:31+02:00
CIBUS.ST,2021-Q3,,2021-11-11 00:00:00,2026-10-06T13:43:31+02:00
CIBUS.ST,2021-Q4,,2022-02-24 00:00:00,2026-10-06T13:43:31+02:00
CIBUS.ST,2022-Q1,,2022-05-05 00:00:00,2026-10-06T13:43:31+02:00
CIBUS.ST,2022-Q2,,2022-07-21 00:00:00,2026-10-06T13:43:31+02:00
CIBUS.ST,2022-Q3,,2022-11-09 00:00:00,2026-10-06T13:43:31+02:00
CIBUS.ST,2022-Q4,,2023-02-23 00:00:00,2026-10-06T13:43:31+02:00
CIBUS.ST,2023-Q1,,2023-04-27 00:00:00,2026-10-06T13:43:31+02:00
CIBUS.ST,2023-Q2,,2023-07-18 00:00:00,2026-10-06T13:43:31+02:00
CIBUS.ST,2023-Q3,,2023-11-07 00:00:00,2026-10-06T13:43:31+02:00
CIBUS.ST,2023-Q4,,2024-02-29 00:00:00,2026-10-06T13:43:31+02:00
CIBUS.ST,2025-Q4,2026-03-19,2026-02-18 00:00:00,2026-10-06T13:43:31+02:00
ZZ-B.ST,2026-Q2,2026-08-26,2026-08-25 00:00:00,2026-10-06T13:43:31+02:00
