ticker,tradingview_symbol,source_file,raw_rows,eps_rows_from_2018_q3,output_rows,first_period,last_period,current_quarter_action,missing_report_dates,max_identical_eps_quarters,warning
AAK,OMXSTO:AAK,"OMXSTO_DLY_AAK, 3M.csv",84,30,29,2019-Q2,2026-Q2,dropped_unchanged,17,1,
ABB,OMXSTO:ABB,"OMXSTO_DLY_ABB, 3M.csv",102,33,32,2018-Q3,2026-Q2,dropped_unchanged,0,1,
ADDT B,OMXSTO:ADDT_B,"OMXSTO_DLY_ADDT_B, 3M.csv",101,33,32,2018-Q3,2026-Q2,dropped_unchanged,20,1,
ALIG,OMXSTO:ALIG,"OMXSTO_DLY_ALIG, 3M.csv",46,33,32,2018-Q3,2026-Q2,dropped_unchanged,20,1,
ALIV SDB,OMXSTO:ALIV_SDB,"OMXSTO_DLY_ALIV_SDB, 3M.csv",107,33,32,2018-Q3,2026-Q2,dropped_unchanged,20,1,
ALLEI,OMXSTO:ALLEI,"OMXSTO_DLY_ALLEI, 3M.csv",17,17,16,2022-Q3,2026-Q2,dropped_unchanged,5,1,
ANOD B,OMXSTO:ANOD_B,"OMXSTO_DLY_ANOD_B, 3M.csv",91,33,32,2018-Q3,2026-Q2,dropped_unchanged,21,1,
ARJO B,OMXSTO:ARJO_B,"OMXSTO_DLY_ARJO_B, 3M.csv",36,33,32,2018-Q3,2026-Q2,dropped_unchanged,22,1,
ASSA B,OMXSTO:ASSA_B,"OMXSTO_DLY_ASSA_B, 3M.csv",107,33,32,2018-Q3,2026-Q2,dropped_unchanged,21,1,
ATCO A,OMXSTO:ATCO_A,"OMXSTO_DLY_ATCO_A, 3M.csv",107,33,32,2018-Q3,2026-Q2,dropped_unchanged,21,1,
ATCO B,OMXSTO:ATCO_B,"OMXSTO_DLY_ATCO_B, 3M.csv",107,33,32,2018-Q3,2026-Q2,dropped_unchanged,22,1,
ATRLJ B,OMXSTO:ATRLJ_B,"OMXSTO_DLY_ATRLJ_B, 3M.csv",108,33,32,2018-Q3,2026-Q2,dropped_unchanged,20,9,long_unchanged_run
ATT,OMXSTO:ATT,"OMXSTO_DLY_ATT, 3M.csv",44,33,32,2018-Q3,2026-Q2,dropped_unchanged,21,1,
AXFO,OMXSTO:AXFO,"OMXSTO_DLY_AXFO, 3M.csv",107,33,32,2018-Q3,2026-Q2,dropped_unchanged,21,1,
AZA,OMXSTO:AZA,"OMXSTO_DLY_AZA, 3M.csv",107,33,32,2018-Q3,2026-Q2,dropped_unchanged,20,1,
AZN,OMXSTO:AZN,"OMXSTO_DLY_AZN, 3M.csv",107,33,32,2018-Q3,2026-Q2,dropped_unchanged,22,1,
BAHN B,OMXSTO:BAHN_B,"OMXSTO_DLY_BAHN_B, 3M.csv",76,33,32,2018-Q3,2026-Q2,dropped_unchanged,22,5,long_unchanged_run
BALD B,OMXSTO:BALD_B,"OMXSTO_DLY_BALD_B, 3M.csv",85,33,32,2018-Q3,2026-Q2,dropped_unchanged,21,5,long_unchanged_run
BEIA B,OMXSTO:BEIA_B,"OMXSTO_DLY_BEIA_B, 3M.csv",102,33,32,2018-Q3,2026-Q2,dropped_unchanged,20,1,
BEIJ B,OMXSTO:BEIJ_B,"OMXSTO_DLY_BEIJ_B, 3M.csv",107,33,32,2018-Q3,2026-Q2,dropped_unchanged,20,2,
BERG B,OMXSTO:BERG_B,BERG_B_3M.csv,78,33,32,2018-Q3,2026-Q2,dropped_unchanged,20,1,
BETS B,OMXSTO:BETS_B,BETS_B_3M.csv,81,33,32,2018-Q3,2026-Q2,dropped_unchanged,20,1,
BILI A,OMXSTO:BILI_A,BILI_A_3M.csv,107,33,32,2018-Q3,2026-Q2,dropped_unchanged,20,1,
BIOG B,OMXSTO:BIOG_B,BIOG_B_3M.csv,107,33,32,2018-Q3,2026-Q2,dropped_unchanged,22,1,
BOL,OMXSTO:BOL,BOL_3M.csv,107,33,32,2018-Q3,2026-Q2,dropped_unchanged,20,1,
BORG,OMXSTO:BORG,BORG_3M.csv,78,33,32,2018-Q3,2026-Q2,dropped_unchanged,23,1,
BRAV,OMXSTO:BRAV,BRAV_3M.csv,44,33,32,2018-Q3,2026-Q2,dropped_unchanged,20,1,
BTS B,OMXSTO:BTS_B,BTS_B_3M.csv,102,33,32,2018-Q3,2026-Q2,dropped_unchanged,21,1,
CAST,OMXSTO:CAST,CAST_3M.csv,107,33,32,2018-Q3,2026-Q2,dropped_unchanged,20,1,
CATE,OMXSTO:CATE,CATE_3M.csv,82,33,32,2018-Q3,2026-Q2,dropped_unchanged,21,1,
CIBUS,OMXSTO:CIBUS,CIBUS_3M.csv,35,27,26,2020-Q1,2026-Q2,dropped_unchanged,16,1,
CLAS B,OMXSTO:CLAS_B,CLAS_B_3M.csv,100,33,32,2018-Q3,2026-Q2,dropped_unchanged,22,1,
CLA B,OMXSTO:CLA_B,CLA_B_3M.csv,72,33,32,2018-Q3,2026-Q2,dropped_unchanged,20,1,
COOR,OMXSTO:COOR,COOR_3M.csv,46,33,32,2018-Q3,2026-Q2,dropped_unchanged,20,1,
CTT,OMXSTO:CTT,CTT_3M.csv,107,33,32,2018-Q3,2026-Q2,dropped_unchanged,22,4,long_unchanged_run
DIOS,OMXSTO:DIOS,DIOS_3M.csv,82,33,32,2018-Q3,2026-Q2,dropped_unchanged,23,1,
DOM,OMXSTO:DOM,DOM_3M.csv,44,33,32,2018-Q3,2026-Q2,dropped_unchanged,20,1,
DUNI,OMXSTO:DUNI,DUNI_3M.csv,76,33,32,2018-Q3,2026-Q2,dropped_unchanged,22,2,
DYVOX,OMXSTO:DYVOX,DYVOX_3M.csv,20,20,19,2021-Q4,2026-Q2,dropped_unchanged,0,1,
EAST,OMXSTO:EAST,EAST_3M.csv,76,33,32,2018-Q3,2026-Q2,dropped_unchanged,22,1,
EKTA B,OMXSTO:EKTA_B,EKTA_B_3M.csv,107,32,32,2018-Q4,2026-Q3,kept_changed,21,1,
EMBRAC B,OMXSTO:EMBRAC_B,EMBRAC_B_3M.csv,40,33,32,2018-Q3,2026-Q2,dropped_unchanged,22,1,
EPI A,OMXSTO:EPI_A,EPI_A_3M.csv,34,33,32,2018-Q3,2026-Q2,dropped_unchanged,21,1,
EPI B,OMXSTO:EPI_B,EPI_B_3M.csv,34,33,32,2018-Q3,2026-Q2,dropped_unchanged,22,1,
EQL,OMXSTO:EQL,EQL_3M.csv,31,29,28,2019-Q3,2026-Q2,dropped_unchanged,18,5,long_unchanged_run
EQT,OMXSTO:EQT,EQT_3M.csv,29,28,27,2019-Q4,2026-Q2,dropped_unchanged,22,2,
ERIC B,OMXSTO:ERIC_B,ERIC_B_3M.csv,106,33,32,2018-Q3,2026-Q2,dropped_unchanged,20,1,
ESSITY B,OMXSTO:ESSITY_B,ESSITY_B_3M.csv,38,33,32,2018-Q3,2026-Q2,dropped_unchanged,20,1,
EVO,OMXSTO:EVO,EVO_3M.csv,47,33,32,2018-Q3,2026-Q2,dropped_unchanged,22,1,
FABG,OMXSTO:FABG,FABG_3M.csv,86,33,32,2018-Q3,2026-Q2,dropped_unchanged,21,1,
FOI B,OMXSTO:FOI_B,FOI_B_3M.csv,50,33,32,2018-Q3,2026-Q2,dropped_unchanged,32,1,
GENO,OMXSTO:GENO,GENO_3M.csv,74,33,32,2018-Q3,2026-Q2,dropped_unchanged,20,1,
GETI B,OMXSTO:GETI_B,GETI_B_3M.csv,107,33,32,2018-Q3,2026-Q2,dropped_unchanged,20,1,
HANZA,OMXSTO:HANZA,HANZA_3M.csv,50,33,32,2018-Q3,2026-Q2,dropped_unchanged,20,1,
HEXA B,OMXSTO:HEXA_B,HEXA_B_3M.csv,107,33,32,2018-Q3,2026-Q2,dropped_unchanged,21,1,
HMS,OMXSTO:HMS,HMS_3M.csv,76,33,32,2018-Q3,2026-Q2,dropped_unchanged,21,1,
HOLM A,OMXSTO:HOLM_A,HOLM_A_3M.csv,107,33,32,2018-Q3,2026-Q2,dropped_unchanged,30,1,
HPOL B,OMXSTO:HPOL_B,HPOL_B_3M.csv,74,33,32,2018-Q3,2026-Q2,dropped_unchanged,21,1,
HTRO,OMXSTO:HTRO,HTRO_3M.csv,61,33,32,2018-Q3,2026-Q2,dropped_unchanged,20,1,
HUFV A,OMXSTO:HUFV_A,HUFV_A_3M.csv,107,33,32,2018-Q3,2026-Q2,dropped_unchanged,21,1,
INDT,OMXSTO:INDT,INDT_3M.csv,84,33,32,2018-Q3,2026-Q2,dropped_unchanged,20,1,
INDU A,OMXSTO:INDU_A,INDU_A_3M.csv,107,27,26,2020-Q1,2026-Q2,dropped_unchanged,26,1,
INTRUM,OMXSTO:INTRUM,INTRUM_3M.csv,98,33,32,2018-Q3,2026-Q2,dropped_unchanged,23,1,
INVE A,OMXSTO:INVE_A,INVE_A_3M.csv,107,33,32,2018-Q3,2026-Q2,dropped_unchanged,32,1,
INWI,OMXSTO:INWI,INWI_3M.csv,49,33,32,2018-Q3,2026-Q2,dropped_unchanged,22,1,
KAMBI,OMXSTO:KAMBI,KAMBI_3M.csv,50,33,32,2018-Q3,2026-Q2,dropped_unchanged,21,2,
KNOW,OMXSTO:KNOW,KNOW_3M.csv,107,33,32,2018-Q3,2026-Q2,dropped_unchanged,20,1,
LAGR B,OMXSTO:LAGR_B,LAGR_B_3M.csv,101,33,32,2018-Q3,2026-Q2,dropped_unchanged,20,1,
LIFCO B,OMXSTO:LIFCO_B,LIFCO_B_3M.csv,48,33,32,2018-Q3,2026-Q2,dropped_unchanged,23,2,
LIME,OMXSTO:LIME,LIME_3M.csv,32,30,29,2019-Q2,2026-Q2,dropped_unchanged,19,1,
LOOMIS,OMXSTO:LOOMIS,LOOMIS_3M.csv,26,26,25,2020-Q2,2026-Q2,dropped_unchanged,14,1,
LUMI,OMXSTO:LUMI,LUMI_3M.csv,88,33,32,2018-Q3,2026-Q2,dropped_unchanged,22,1,
MCAP,OMXSTO:MCAP,MCAP_3M.csv,76,32,31,2018-Q4,2026-Q2,dropped_unchanged,29,1,
MCOV B,OMXSTO:MCOV_B,MCOV_B_3M.csv,38,33,32,2018-Q3,2026-Q2,dropped_unchanged,25,1,
MSAB B,OMXSTO:MSAB_B,MSAB_B_3M.csv,60,33,32,2018-Q3,2026-Q2,dropped_unchanged,22,1,
MTG B,OMXSTO:MTG_B,MTG_B_3M.csv,107,33,32,2018-Q3,2026-Q2,dropped_unchanged,20,1,
MTRS,OMXSTO:MTRS,MTRS_3M.csv,38,33,32,2018-Q3,2026-Q2,dropped_unchanged,20,1,
MYCR,OMXSTO:MYCR,MYCR_3M.csv,50,33,32,2018-Q3,2026-Q2,dropped_unchanged,25,1,
NDA SE,OMXSTO:NDA_SE,NDA_SE_3M.csv,107,33,32,2018-Q3,2026-Q2,dropped_unchanged,20,1,
NEWA B,OMXSTO:NEWA_B,NEWA_B_3M.csv,106,33,32,2018-Q3,2026-Q2,dropped_unchanged,22,1,
NIBE B,OMXSTO:NIBE_B,NIBE_B_3M.csv,107,33,32,2018-Q3,2026-Q2,dropped_unchanged,20,1,
NMAN,OMXSTO:NMAN,NMAN_3M.csv,78,33,32,2018-Q3,2026-Q2,dropped_unchanged,31,1,
NOLA B,OMXSTO:NOLA_B,NOLA_B_3M.csv,107,33,32,2018-Q3,2026-Q2,dropped_unchanged,21,1,
NORION,OMXSTO:NORION,NORION_3M.csv,46,33,32,2018-Q3,2026-Q2,dropped_unchanged,21,1,
PACT,OMXSTO:PACT,PACT_3M.csv,107,33,32,2018-Q3,2026-Q2,dropped_unchanged,21,24,long_unchanged_run
PEAB B,OMXSTO:PEAB_B,PEAB_B_3M.csv,107,33,32,2018-Q3,2026-Q2,dropped_unchanged,20,1,
PLAZ B,OMXSTO:PLAZ_B,PLAZ_B_3M.csv,52,33,32,2018-Q3,2026-Q2,dropped_unchanged,31,1,
PNDX B,OMXSTO:PNDX_B,PNDX_B_3M.csv,46,33,32,2018-Q3,2026-Q2,dropped_unchanged,21,1,
REJL B,OMXSTO:REJL_B,REJL_B_3M.csv,80,33,32,2018-Q3,2026-Q2,dropped_unchanged,23,1,
SAAB B,OMXSTO:SAAB_B,SAAB_B_3M.csv,107,33,32,2018-Q3,2026-Q2,dropped_unchanged,20,1,
SAGA A,OMXSTO:SAGA_A,SAGA_A_3M.csv,58,33,32,2018-Q3,2026-Q2,dropped_unchanged,32,5,long_unchanged_run
SAVE,OMXSTO:SAVE,SAVE_3M.csv,24,24,23,2020-Q4,2026-Q2,dropped_unchanged,11,1,
SCA B,OMXSTO:SCA_B,SCA_B_3M.csv,107,33,32,2018-Q3,2026-Q2,dropped_unchanged,20,1,
SCST,OMXSTO:SCST,SCST_3M.csv,50,33,32,2018-Q3,2026-Q2,dropped_unchanged,23,5,long_unchanged_run
SEB A,OMXSTO:SEB_A,SEB_A_3M.csv,107,33,32,2018-Q3,2026-Q2,dropped_unchanged,20,1,
SECARE,OMXSTO:SECARE,SECARE_3M.csv,42,33,32,2018-Q3,2026-Q2,dropped_unchanged,20,1,
SECT B,OMXSTO:SECT_B,SECT_B_3M.csv,105,33,32,2018-Q3,2026-Q2,dropped_unchanged,28,1,
SECU B,OMXSTO:SECU_B,SECU_B_3M.csv,107,33,32,2018-Q3,2026-Q2,dropped_unchanged,20,1,
SFAST,OMXSTO:SFAST,SFAST_3M.csv,24,20,19,2021-Q4,2026-Q2,dropped_unchanged,17,1,
SHB A,OMXSTO:SHB_A,SHB_A_3M.csv,107,33,32,2018-Q3,2026-Q2,dropped_unchanged,20,1,
SHOT,OMXSTO:SHOT,SHOT_3M.csv,44,33,32,2018-Q3,2026-Q2,dropped_unchanged,20,1,
SINT,OMXSTO:SINT,SINT_3M.csv,98,33,32,2018-Q3,2026-Q2,dropped_unchanged,22,1,
SOBI,OMXSTO:SOBI,SOBI_3M.csv,66,33,32,2018-Q3,2026-Q2,dropped_unchanged,20,1,
SVED B,OMXSTO:SVED_B,SVED_B_3M.csv,107,33,32,2018-Q3,2026-Q2,dropped_unchanged,22,1,
SWEC A,OMXSTO:SWEC_A,SWEC_A_3M.csv,108,33,32,2018-Q3,2026-Q2,dropped_unchanged,22,1,
SWEC B,OMXSTO:SWEC_B,SWEC_B_3M.csv,107,33,32,2018-Q3,2026-Q2,dropped_unchanged,20,1,
SWED A,OMXSTO:SWED_A,SWED_A_3M.csv,107,33,32,2018-Q3,2026-Q2,dropped_unchanged,20,1,
SYSR,OMXSTO:SYSR,SYSR_3M.csv,76,32,32,2018-Q4,2026-Q3,kept_changed,21,1,
TEL2 B,OMXSTO:TEL2_B,TEL2_B_3M.csv,107,33,32,2018-Q3,2026-Q2,dropped_unchanged,21,1,
THULE,OMXSTO:THULE,THULE_3M.csv,48,33,32,2018-Q3,2026-Q2,dropped_unchanged,21,1,
TREL B,OMXSTO:TREL_B,TREL_B_3M.csv,107,33,32,2018-Q3,2026-Q2,dropped_unchanged,21,1,
VBG B,OMXSTO:VBG_B,VBG_B_3M.csv,107,33,32,2018-Q3,2026-Q2,dropped_unchanged,20,1,
VITR,OMXSTO:VITR,VITR_3M.csv,102,33,32,2018-Q3,2026-Q2,dropped_unchanged,22,1,
VIT B,OMXSTO:VIT_B,VIT_B_3M.csv,107,33,32,2018-Q3,2026-Q2,dropped_unchanged,22,5,long_unchanged_run
VIVA,OMXSTO:VIVA,VIVA_3M.csv,20,20,19,2021-Q4,2026-Q2,dropped_unchanged,9,1,
VOLV A,OMXSTO:VOLV_A,VOLV_A_3M.csv,107,33,32,2018-Q3,2026-Q2,dropped_unchanged,32,1,
WALL B,OMXSTO:WALL_B,WALL_B_3M.csv,107,33,32,2018-Q3,2026-Q2,dropped_unchanged,22,1,
WIHL,OMXSTO:WIHL,WIHL_3M.csv,98,33,32,2018-Q3,2026-Q2,dropped_unchanged,23,1,
ZZ B,OMXSTO:ZZ_B,ZZ_B_3M.csv,65,33,32,2018-Q3,2026-Q2,dropped_unchanged,25,1,
