ticker,earliest_eps_period_end,earliest_eps_quarter,earliest_usable_period_end,earliest_usable_quarter,earliest_usable_report_date,periods_with_eps,periods_with_report_date,periods_before_first_usable,start_status
AAK.ST,2023-09-30,2023-Q3,2023-09-30,2023-Q3,2023-10-25,12,12,0,usable
ABB.ST,2023-09-30,2023-Q3,2023-09-30,2023-Q3,2023-10-18,12,12,0,usable
ADDT-B.ST,2023-09-30,2023-Q3,2023-09-30,2023-Q3,2023-10-26,12,12,0,usable
ALIG.ST,2023-09-30,2023-Q3,2023-09-30,2023-Q3,2023-10-24,12,12,0,usable
ALIV-SDB.ST,2023-09-30,2023-Q3,2023-09-30,2023-Q3,2023-10-20,12,12,0,usable
ALLEI.ST,2023-09-30,2023-Q3,2023-09-30,2023-Q3,2023-10-24,11,11,0,usable
ANOD-B.ST,2023-09-30,2023-Q3,2023-09-30,2023-Q3,2023-10-27,11,11,0,usable
ARJO-B.ST,2023-09-30,2023-Q3,2023-09-30,2023-Q3,2023-10-19,10,10,0,usable
ASSA-B.ST,2023-09-30,2023-Q3,2023-09-30,2023-Q3,2023-10-25,11,11,0,usable
ATCO-A.ST,2023-09-30,2023-Q3,2023-09-30,2023-Q3,2023-10-25,11,11,0,usable
ATCO-B.ST,2023-09-30,2023-Q3,2024-03-31,2024-Q1,2024-04-24,12,10,2,usable
ATRLJ-B.ST,2023-09-30,2023-Q3,2023-09-30,2023-Q3,2023-10-12,12,12,0,usable
ATT.ST,2023-09-30,2023-Q3,2023-12-31,2023-Q4,2024-02-08,12,10,1,usable
AXFO.ST,2023-09-30,2023-Q3,2023-09-30,2023-Q3,2023-10-25,11,11,0,usable
AZA.ST,2023-09-30,2023-Q3,2023-09-30,2023-Q3,2023-10-20,12,12,0,usable
AZN.ST,2023-09-30,2023-Q3,2023-09-30,2023-Q3,2023-11-09,10,10,0,usable
BAHN-B.ST,2023-09-30,2023-Q3,2023-12-31,2023-Q4,2024-02-13,11,10,1,usable
BALD-B.ST,2023-09-30,2023-Q3,2023-09-30,2023-Q3,2024-02-09,12,11,0,usable
BEIA-B.ST,2023-09-30,2023-Q3,2023-09-30,2023-Q3,2023-10-26,12,12,0,usable
BEIJ-B.ST,2023-09-30,2023-Q3,2023-09-30,2023-Q3,2023-10-24,12,12,0,usable
BERG-B.ST,2023-09-30,2023-Q3,2023-09-30,2023-Q3,2023-10-19,12,12,0,usable
BETS-B.ST,2023-09-30,2023-Q3,2023-09-30,2023-Q3,2023-10-26,12,12,0,usable
BILI-A.ST,2023-09-30,2023-Q3,2023-09-30,2023-Q3,2023-10-24,12,12,0,usable
BIOG-B.ST,2023-09-30,2023-Q3,2024-03-31,2024-Q1,2024-05-07,12,10,2,usable
BOL.ST,2023-09-30,2023-Q3,2023-09-30,2023-Q3,2023-10-20,12,12,0,usable
BORG.ST,2023-09-30,2023-Q3,2024-03-31,2024-Q1,2024-05-16,11,9,2,usable
BRAV.ST,2023-09-30,2023-Q3,2023-09-30,2023-Q3,2023-10-25,12,12,0,usable
BTS-B.ST,2023-09-30,2023-Q3,2023-09-30,2023-Q3,2023-11-10,11,11,0,usable
CAST.ST,2023-09-30,2023-Q3,2023-09-30,2023-Q3,2023-10-27,12,12,0,usable
CATE.ST,2023-09-30,2023-Q3,2023-09-30,2023-Q3,2023-10-27,11,11,0,usable
CIBUS.ST,2023-09-30,2023-Q3,2024-03-31,2024-Q1,2024-04-23,11,10,1,usable
CLA-B.ST,2023-09-30,2023-Q3,2023-09-30,2023-Q3,2023-10-27,12,12,0,usable
CLAS-B.ST,2023-10-31,2023-Q4,2024-01-31,2024-Q1,2024-03-06,11,10,1,usable
COOR.ST,2023-09-30,2023-Q3,2023-09-30,2023-Q3,2023-10-25,12,12,0,usable
CTT.ST,2023-09-30,2023-Q3,2024-03-31,2024-Q1,2024-04-26,11,10,1,usable
DIOS.ST,2023-09-30,2023-Q3,2024-03-31,2024-Q1,2024-04-26,11,9,2,usable
DOM.ST,2023-09-30,2023-Q3,2023-09-30,2023-Q3,2023-10-26,12,12,0,usable
DUNI.ST,2022-09-30,2022-Q3,2024-03-31,2024-Q1,2024-04-24,13,10,3,usable
DYVOX.ST,2023-09-30,2023-Q3,2023-09-30,2023-Q3,2023-10-27,11,11,0,usable
EAST.ST,2023-09-30,2023-Q3,2024-03-31,2024-Q1,2024-04-24,12,10,2,usable
EKTA-B.ST,2023-10-31,2023-Q4,2023-10-31,2023-Q4,2023-11-30,10,10,0,usable
EMBRAC-B.ST,2023-09-30,2023-Q3,2023-09-30,2023-Q3,2023-11-16,10,10,0,usable
EPI-A.ST,2023-09-30,2023-Q3,2023-09-30,2023-Q3,2023-10-27,11,11,0,usable
EPI-B.ST,2023-09-30,2023-Q3,2024-03-31,2024-Q1,2024-04-23,12,10,2,usable
EQL.ST,2024-03-31,2024-Q1,2024-03-31,2024-Q1,2024-05-14,10,10,0,usable
EQT.ST,2023-06-30,2023-Q2,2023-06-30,2023-Q2,2023-07-14,5,5,0,usable
ERIC-B.ST,2023-09-30,2023-Q3,2023-09-30,2023-Q3,2023-10-17,12,12,0,usable
ESSITY-B.ST,2023-09-30,2023-Q3,2023-09-30,2023-Q3,2023-10-26,12,12,0,usable
EVO.ST,2023-09-30,2023-Q3,2023-09-30,2023-Q3,2023-10-26,10,10,0,usable
FABG.ST,2023-09-30,2023-Q3,2023-09-30,2023-Q3,2023-10-19,11,11,0,usable
FOI-B.ST,2023-09-30,2023-Q3,,,,12,0,12,eps_exists_but_no_report_date
GENO.ST,2023-09-30,2023-Q3,2023-09-30,2023-Q3,2023-11-15,12,12,0,usable
GETI-B.ST,2023-09-30,2023-Q3,2023-09-30,2023-Q3,2023-10-23,12,12,0,usable
HANZA.ST,2023-09-30,2023-Q3,2023-09-30,2023-Q3,2023-11-07,12,12,0,usable
HEXA-B.ST,2023-09-30,2023-Q3,2023-09-30,2023-Q3,2023-10-27,11,11,0,usable
HMS.ST,2023-09-30,2023-Q3,2023-09-30,2023-Q3,2023-10-18,11,11,0,usable
HOLM-A.ST,2023-09-30,2023-Q3,,,,12,0,12,eps_exists_but_no_report_date
HPOL-B.ST,2023-09-30,2023-Q3,2023-09-30,2023-Q3,2023-10-27,11,11,0,usable
HTRO.ST,2023-09-30,2023-Q3,2023-09-30,2023-Q3,2023-10-27,12,12,0,usable
HUFV-A.ST,2023-09-30,2023-Q3,2023-09-30,2023-Q3,2023-11-09,10,10,0,usable
INDT.ST,2023-09-30,2023-Q3,2023-09-30,2023-Q3,2023-10-27,12,12,0,usable
INDU-A.ST,2022-12-31,2022-Q4,,,,13,0,13,eps_exists_but_no_report_date
INTRUM.ST,2023-09-30,2023-Q3,2023-09-30,2023-Q3,2023-10-25,9,9,0,usable
INVE-A.ST,2023-09-30,2023-Q3,,,,11,0,11,eps_exists_but_no_report_date
INWI.ST,2023-09-30,2023-Q3,2023-09-30,2023-Q3,2023-10-24,12,11,0,usable
KAMBI.ST,2023-09-30,2023-Q3,2023-09-30,2023-Q3,2023-11-01,11,11,0,usable
KNOW.ST,2023-09-30,2023-Q3,2023-09-30,2023-Q3,2023-10-25,12,12,0,usable
LAGR-B.ST,2023-09-30,2023-Q3,2023-09-30,2023-Q3,2023-10-25,12,12,0,usable
LIFCO-B.ST,2023-09-30,2023-Q3,2023-09-30,2023-Q3,2023-10-20,11,10,0,usable
LIME.ST,2023-09-30,2023-Q3,2023-09-30,2023-Q3,2023-10-19,10,10,0,usable
LOOMIS.ST,2023-09-30,2023-Q3,2023-09-30,2023-Q3,2023-10-26,11,11,0,usable
LUMI.ST,2023-09-30,2023-Q3,2023-09-30,2023-Q3,2023-11-01,10,10,0,usable
MCAP.ST,2023-09-30,2023-Q3,2024-09-30,2024-Q3,2025-01-31,11,3,3,usable
MCOV-B.ST,2023-09-30,2023-Q3,2024-09-30,2024-Q3,2025-02-12,12,8,4,usable
MSAB-B.ST,2023-09-30,2023-Q3,2023-09-30,2023-Q3,2023-10-26,12,10,0,usable
MTG-B.ST,2023-09-30,2023-Q3,2023-09-30,2023-Q3,2023-10-25,12,12,0,usable
MTRS.ST,2023-09-30,2023-Q3,2023-09-30,2023-Q3,2023-10-24,12,12,0,usable
MYCR.ST,2022-12-31,2022-Q4,2023-12-31,2023-Q4,2024-04-18,13,8,2,usable
NDA-SE.ST,2023-09-30,2023-Q3,2023-09-30,2023-Q3,2023-10-19,12,12,0,usable
NEWA-B.ST,2023-09-30,2023-Q3,2023-09-30,2023-Q3,2023-11-07,10,9,0,usable
NIBE-B.ST,2023-09-30,2023-Q3,2023-09-30,2023-Q3,2023-11-15,11,11,0,usable
NMAN.ST,2023-09-30,2023-Q3,2026-03-31,2026-Q1,2026-07-16,12,2,10,usable
NOLA-B.ST,2023-09-30,2023-Q3,2023-09-30,2023-Q3,2023-10-26,12,12,0,usable
NORION.ST,2023-09-30,2023-Q3,2023-09-30,2023-Q3,2023-10-20,11,11,0,usable
PACT.ST,2023-09-30,2023-Q3,2023-09-30,2023-Q3,2023-10-27,11,11,0,usable
PEAB-B.ST,2023-09-30,2023-Q3,2023-09-30,2023-Q3,2023-10-27,12,12,0,usable
PLAZ-B.ST,2023-09-30,2023-Q3,2024-09-30,2024-Q3,2025-01-28,11,3,4,usable
PNDX-B.ST,2023-09-30,2023-Q3,2023-09-30,2023-Q3,2024-02-08,12,12,0,usable
REJL-B.ST,2023-09-30,2023-Q3,2024-03-31,2024-Q1,2024-07-15,12,10,2,usable
SAAB-B.ST,2023-09-30,2023-Q3,2023-09-30,2023-Q3,2023-10-26,12,12,0,usable
SAGA-A.ST,2023-09-30,2023-Q3,,,,12,0,12,eps_exists_but_no_report_date
SAVE.ST,2023-09-30,2023-Q3,2023-09-30,2023-Q3,2023-10-24,12,12,0,usable
SCA-B.ST,2023-09-30,2023-Q3,2023-09-30,2023-Q3,2023-10-27,12,12,0,usable
SCST.ST,2023-09-30,2023-Q3,2023-09-30,2023-Q3,2023-10-26,10,10,0,usable
SEB-A.ST,2023-09-30,2023-Q3,2023-09-30,2023-Q3,2023-10-25,12,12,0,usable
SECARE.ST,2023-09-30,2023-Q3,2023-09-30,2023-Q3,2023-10-25,12,12,0,usable
SECT-B.ST,2023-10-31,2023-Q4,2025-04-30,2025-Q2,2025-09-04,10,5,5,usable
SECU-B.ST,2023-09-30,2023-Q3,2023-09-30,2023-Q3,2023-11-07,12,12,0,usable
SFAST.ST,2023-09-30,2023-Q3,2025-12-31,2025-Q4,2026-02-19,12,2,9,usable
SHB-A.ST,2023-09-30,2023-Q3,2023-09-30,2023-Q3,2023-10-18,12,12,0,usable
SHOT.ST,2023-09-30,2023-Q3,2023-09-30,2023-Q3,2023-10-26,12,12,0,usable
SINT.ST,2023-09-30,2023-Q3,2024-03-31,2024-Q1,2024-04-24,11,9,1,usable
SOBI.ST,2023-09-30,2023-Q3,2023-09-30,2023-Q3,2023-10-30,12,12,0,usable
SVED-B.ST,2023-09-30,2023-Q3,2023-12-31,2023-Q4,2024-02-29,11,10,1,usable
SWEC-A.ST,2023-09-30,2023-Q3,,,,12,0,12,eps_exists_but_no_report_date
SWEC-B.ST,2023-09-30,2023-Q3,2023-09-30,2023-Q3,2023-10-27,12,12,0,usable
SWED-A.ST,2023-09-30,2023-Q3,2023-09-30,2023-Q3,2023-10-26,12,12,0,usable
SYSR.ST,2023-10-31,2023-Q4,2023-10-31,2023-Q4,2023-12-07,10,10,0,usable
TEL2-B.ST,2023-09-30,2023-Q3,2023-09-30,2023-Q3,2023-10-18,11,11,0,usable
THULE.ST,2023-09-30,2023-Q3,2023-09-30,2023-Q3,2023-10-27,11,11,0,usable
TREL-B.ST,2023-09-30,2023-Q3,2023-09-30,2023-Q3,2023-10-26,11,11,0,usable
VBG-B.ST,2023-09-30,2023-Q3,2023-09-30,2023-Q3,2023-10-24,12,12,0,usable
VIT-B.ST,2023-09-30,2023-Q3,2023-09-30,2023-Q3,2023-10-19,10,10,0,usable
VITR.ST,2023-09-30,2023-Q3,2023-09-30,2023-Q3,2023-10-27,11,11,0,usable
VIVA.ST,2023-09-30,2023-Q3,2023-12-31,2023-Q4,2024-02-22,11,9,1,usable
VOLV-A.ST,2023-09-30,2023-Q3,,,,12,0,12,eps_exists_but_no_report_date
WALL-B.ST,2023-09-30,2023-Q3,2023-09-30,2023-Q3,2023-10-20,11,11,0,usable
WIHL.ST,2023-09-30,2023-Q3,2023-09-30,2023-Q3,2023-10-24,11,9,0,usable
ZZ-B.ST,2023-09-30,2023-Q3,2023-09-30,2023-Q3,2023-11-16,9,6,0,usable
