ticker,metric,as_of_date,value,currency_code,current_trailing_eps,is_latest_metric_row
AAK.ST,trailingBasicEPS,2023-09-30,10.01,SEK,13.87,False
AAK.ST,trailingBasicEPS,2023-12-31,11.35,SEK,13.87,False
AAK.ST,trailingBasicEPS,2024-03-31,12.39,SEK,13.87,False
AAK.ST,trailingBasicEPS,2024-06-30,13.15,SEK,13.87,False
AAK.ST,trailingBasicEPS,2024-09-30,13.38,SEK,13.87,False
AAK.ST,trailingBasicEPS,2024-12-31,13.62,SEK,13.87,False
AAK.ST,trailingBasicEPS,2025-03-31,13.62,SEK,13.87,False
AAK.ST,trailingBasicEPS,2025-06-30,12.97,SEK,13.87,False
AAK.ST,trailingBasicEPS,2025-12-31,13.21,SEK,13.87,False
AAK.ST,trailingBasicEPS,2026-03-31,13.31,SEK,13.87,False
AAK.ST,trailingBasicEPS,2026-06-30,13.91,SEK,13.87,True
AAK.ST,trailingDilutedEPS,2023-09-30,10.01,SEK,13.87,False
AAK.ST,trailingDilutedEPS,2023-12-31,11.35,SEK,13.87,False
AAK.ST,trailingDilutedEPS,2024-03-31,12.39,SEK,13.87,False
AAK.ST,trailingDilutedEPS,2024-06-30,13.13,SEK,13.87,False
AAK.ST,trailingDilutedEPS,2024-09-30,13.35,SEK,13.87,False
AAK.ST,trailingDilutedEPS,2024-12-31,13.57,SEK,13.87,False
AAK.ST,trailingDilutedEPS,2025-03-31,13.56,SEK,13.87,False
AAK.ST,trailingDilutedEPS,2025-06-30,12.92,SEK,13.87,False
AAK.ST,trailingDilutedEPS,2025-12-31,13.16,SEK,13.87,False
AAK.ST,trailingDilutedEPS,2026-03-31,13.27,SEK,13.87,False
AAK.ST,trailingDilutedEPS,2026-06-30,13.87,SEK,13.87,True
ABB.ST,trailingBasicEPS,2023-09-30,2.12,USD,26.04,False
ABB.ST,trailingBasicEPS,2023-12-31,2.02,USD,26.04,False
ABB.ST,trailingBasicEPS,2024-03-31,1.95,USD,26.04,False
ABB.ST,trailingBasicEPS,2024-06-30,2.07,USD,26.04,False
ABB.ST,trailingBasicEPS,2024-09-30,2.1,USD,26.04,False
ABB.ST,trailingBasicEPS,2024-12-31,2.13,USD,26.04,False
ABB.ST,trailingBasicEPS,2025-03-31,2.24,USD,26.04,False
ABB.ST,trailingBasicEPS,2025-06-30,2.27,USD,26.04,False
ABB.ST,trailingBasicEPS,2025-12-31,2.59,USD,26.04,False
ABB.ST,trailingBasicEPS,2026-03-31,2.72,USD,26.04,False
ABB.ST,trailingBasicEPS,2026-06-30,2.77,USD,26.04,True
ABB.ST,trailingDilutedEPS,2023-09-30,2.11,USD,26.04,False
ABB.ST,trailingDilutedEPS,2023-12-31,2.01,USD,26.04,False
ABB.ST,trailingDilutedEPS,2024-03-31,1.94,USD,26.04,False
ABB.ST,trailingDilutedEPS,2024-06-30,2.05,USD,26.04,False
ABB.ST,trailingDilutedEPS,2024-09-30,2.09,USD,26.04,False
ABB.ST,trailingDilutedEPS,2024-12-31,2.13,USD,26.04,False
ABB.ST,trailingDilutedEPS,2025-03-31,2.24,USD,26.04,False
ABB.ST,trailingDilutedEPS,2025-06-30,2.27,USD,26.04,False
ABB.ST,trailingDilutedEPS,2025-12-31,2.59,USD,26.04,False
ABB.ST,trailingDilutedEPS,2026-03-31,2.72,USD,26.04,False
ABB.ST,trailingDilutedEPS,2026-06-30,2.76,USD,26.04,True
ADDT-B.ST,trailingBasicEPS,2023-09-30,6.05,SEK,8.25,False
ADDT-B.ST,trailingBasicEPS,2023-12-31,6.1,SEK,8.25,False
ADDT-B.ST,trailingBasicEPS,2024-03-31,6.05,SEK,8.25,False
ADDT-B.ST,trailingBasicEPS,2024-06-30,6.45,SEK,8.25,False
ADDT-B.ST,trailingBasicEPS,2024-09-30,6.45,SEK,8.25,False
ADDT-B.ST,trailingBasicEPS,2024-12-31,6.65,SEK,8.25,False
ADDT-B.ST,trailingBasicEPS,2025-03-31,7.0,SEK,8.25,False
ADDT-B.ST,trailingBasicEPS,2025-06-30,7.2,SEK,8.25,False
ADDT-B.ST,trailingBasicEPS,2025-12-31,7.65,SEK,8.25,False
ADDT-B.ST,trailingBasicEPS,2026-03-31,7.95,SEK,8.25,False
ADDT-B.ST,trailingBasicEPS,2026-06-30,8.25,SEK,8.25,True
ADDT-B.ST,trailingDilutedEPS,2023-09-30,6.05,SEK,8.25,False
ADDT-B.ST,trailingDilutedEPS,2023-12-31,6.1,SEK,8.25,False
ADDT-B.ST,trailingDilutedEPS,2024-03-31,6.05,SEK,8.25,False
ADDT-B.ST,trailingDilutedEPS,2024-06-30,6.45,SEK,8.25,False
ADDT-B.ST,trailingDilutedEPS,2024-09-30,6.45,SEK,8.25,False
ADDT-B.ST,trailingDilutedEPS,2024-12-31,6.65,SEK,8.25,False
ADDT-B.ST,trailingDilutedEPS,2025-03-31,7.0,SEK,8.25,False
ADDT-B.ST,trailingDilutedEPS,2025-06-30,7.2,SEK,8.25,False
ADDT-B.ST,trailingDilutedEPS,2025-12-31,7.65,SEK,8.25,False
ADDT-B.ST,trailingDilutedEPS,2026-03-31,7.95,SEK,8.25,False
ADDT-B.ST,trailingDilutedEPS,2026-06-30,8.25,SEK,8.25,True
ALIG.ST,trailingBasicEPS,2023-09-30,5.94589,SEK,5.14,False
ALIG.ST,trailingBasicEPS,2023-12-31,5.25,SEK,5.14,False
ALIG.ST,trailingBasicEPS,2024-03-31,4.77,SEK,5.14,False
ALIG.ST,trailingBasicEPS,2024-06-30,4.9,SEK,5.14,False
ALIG.ST,trailingBasicEPS,2024-09-30,5.16,SEK,5.14,False
ALIG.ST,trailingBasicEPS,2024-12-31,5.89,SEK,5.14,False
ALIG.ST,trailingBasicEPS,2025-03-31,6.39,SEK,5.14,False
ALIG.ST,trailingBasicEPS,2025-06-30,6.78,SEK,5.14,False
ALIG.ST,trailingBasicEPS,2025-12-31,5.71,SEK,5.14,False
ALIG.ST,trailingBasicEPS,2026-03-31,5.36,SEK,5.14,False
ALIG.ST,trailingBasicEPS,2026-06-30,5.2,SEK,5.14,True
ALIG.ST,trailingDilutedEPS,2023-09-30,5.94589,SEK,5.14,False
ALIG.ST,trailingDilutedEPS,2023-12-31,5.25,SEK,5.14,False
ALIG.ST,trailingDilutedEPS,2024-03-31,4.77,SEK,5.14,False
ALIG.ST,trailingDilutedEPS,2024-06-30,4.89,SEK,5.14,False
ALIG.ST,trailingDilutedEPS,2024-09-30,5.15,SEK,5.14,False
ALIG.ST,trailingDilutedEPS,2024-12-31,5.87,SEK,5.14,False
ALIG.ST,trailingDilutedEPS,2025-03-31,6.36,SEK,5.14,False
ALIG.ST,trailingDilutedEPS,2025-06-30,6.75,SEK,5.14,False
ALIG.ST,trailingDilutedEPS,2025-12-31,5.65,SEK,5.14,False
ALIG.ST,trailingDilutedEPS,2026-03-31,5.3,SEK,5.14,False
ALIG.ST,trailingDilutedEPS,2026-06-30,5.14,SEK,5.14,True
ALIV-SDB.ST,trailingBasicEPS,2023-09-30,4.85,USD,81.06,False
ALIV-SDB.ST,trailingBasicEPS,2023-12-31,5.74,USD,81.06,False
ALIV-SDB.ST,trailingBasicEPS,2024-03-31,6.41,USD,81.06,False
ALIV-SDB.ST,trailingBasicEPS,2024-06-30,7.5,USD,81.06,False
ALIV-SDB.ST,trailingBasicEPS,2024-09-30,7.68,USD,81.06,False
ALIV-SDB.ST,trailingBasicEPS,2024-12-31,8.06,USD,81.06,False
ALIV-SDB.ST,trailingBasicEPS,2025-03-31,8.68,USD,81.06,False
ALIV-SDB.ST,trailingBasicEPS,2025-06-30,9.14,USD,81.06,False
ALIV-SDB.ST,trailingBasicEPS,2025-12-31,9.59,USD,81.06,False
ALIV-SDB.ST,trailingBasicEPS,2026-03-31,9.33,USD,81.06,False
ALIV-SDB.ST,trailingBasicEPS,2026-06-30,8.52,USD,81.06,True
ALIV-SDB.ST,trailingDilutedEPS,2023-09-30,4.83,USD,81.06,False
ALIV-SDB.ST,trailingDilutedEPS,2023-12-31,5.72,USD,81.06,False
ALIV-SDB.ST,trailingDilutedEPS,2024-03-31,6.38,USD,81.06,False
ALIV-SDB.ST,trailingDilutedEPS,2024-06-30,7.48,USD,81.06,False
ALIV-SDB.ST,trailingDilutedEPS,2024-09-30,7.66,USD,81.06,False
ALIV-SDB.ST,trailingDilutedEPS,2024-12-31,8.04,USD,81.06,False
ALIV-SDB.ST,trailingDilutedEPS,2025-03-31,8.66,USD,81.06,False
ALIV-SDB.ST,trailingDilutedEPS,2025-06-30,9.12,USD,81.06,False
ALIV-SDB.ST,trailingDilutedEPS,2025-12-31,9.55,USD,81.06,False
ALIV-SDB.ST,trailingDilutedEPS,2026-03-31,9.29,USD,81.06,False
ALIV-SDB.ST,trailingDilutedEPS,2026-06-30,8.48,USD,81.06,True
ALLEI.ST,trailingBasicEPS,2023-09-30,6.32,SEK,3.66,False
ALLEI.ST,trailingBasicEPS,2024-03-31,3.24,SEK,3.66,False
ALLEI.ST,trailingBasicEPS,2024-06-30,4.91,SEK,3.66,False
ALLEI.ST,trailingBasicEPS,2024-09-30,5.3,SEK,3.66,False
ALLEI.ST,trailingBasicEPS,2024-12-31,4.88,SEK,3.66,False
ALLEI.ST,trailingBasicEPS,2025-03-31,6.24,SEK,3.66,False
ALLEI.ST,trailingBasicEPS,2025-06-30,4.52,SEK,3.66,False
ALLEI.ST,trailingBasicEPS,2025-12-31,2.68,SEK,3.66,False
ALLEI.ST,trailingBasicEPS,2026-03-31,2.27,SEK,3.66,False
ALLEI.ST,trailingBasicEPS,2026-06-30,3.65,SEK,3.66,True
ALLEI.ST,trailingDilutedEPS,2023-09-30,6.32,SEK,3.66,False
ALLEI.ST,trailingDilutedEPS,2024-03-31,3.23,SEK,3.66,False
ALLEI.ST,trailingDilutedEPS,2024-06-30,4.89,SEK,3.66,False
ALLEI.ST,trailingDilutedEPS,2024-09-30,5.29,SEK,3.66,False
ALLEI.ST,trailingDilutedEPS,2024-12-31,4.87,SEK,3.66,False
ALLEI.ST,trailingDilutedEPS,2025-03-31,6.23,SEK,3.66,False
ALLEI.ST,trailingDilutedEPS,2025-06-30,4.51,SEK,3.66,False
ALLEI.ST,trailingDilutedEPS,2025-12-31,2.68,SEK,3.66,False
ALLEI.ST,trailingDilutedEPS,2026-03-31,2.27,SEK,3.66,False
ALLEI.ST,trailingDilutedEPS,2026-06-30,3.65,SEK,3.66,True
ANOD-B.ST,trailingBasicEPS,2023-09-30,2.07,SEK,2.4,False
ANOD-B.ST,trailingBasicEPS,2023-12-31,2.09,SEK,2.4,False
ANOD-B.ST,trailingBasicEPS,2024-03-31,2.21,SEK,2.4,False
ANOD-B.ST,trailingBasicEPS,2024-06-30,2.37,SEK,2.4,False
ANOD-B.ST,trailingBasicEPS,2024-09-30,2.82,SEK,2.4,False
ANOD-B.ST,trailingBasicEPS,2025-03-31,2.79,SEK,2.4,False
ANOD-B.ST,trailingBasicEPS,2025-06-30,3.16,SEK,2.4,False
ANOD-B.ST,trailingBasicEPS,2025-12-31,2.87,SEK,2.4,False
ANOD-B.ST,trailingBasicEPS,2026-03-31,3.03,SEK,2.4,False
ANOD-B.ST,trailingBasicEPS,2026-06-30,2.4,SEK,2.4,True
ANOD-B.ST,trailingDilutedEPS,2023-09-30,2.07,SEK,2.4,False
ANOD-B.ST,trailingDilutedEPS,2023-12-31,2.09,SEK,2.4,False
ANOD-B.ST,trailingDilutedEPS,2024-03-31,2.21,SEK,2.4,False
ANOD-B.ST,trailingDilutedEPS,2024-06-30,2.37,SEK,2.4,False
ANOD-B.ST,trailingDilutedEPS,2024-09-30,2.82,SEK,2.4,False
ANOD-B.ST,trailingDilutedEPS,2025-03-31,2.79,SEK,2.4,False
ANOD-B.ST,trailingDilutedEPS,2025-06-30,3.16,SEK,2.4,False
ANOD-B.ST,trailingDilutedEPS,2025-12-31,2.87,SEK,2.4,False
ANOD-B.ST,trailingDilutedEPS,2026-03-31,3.03,SEK,2.4,False
ANOD-B.ST,trailingDilutedEPS,2026-06-30,2.4,SEK,2.4,True
ARJO-B.ST,trailingBasicEPS,2023-09-30,1.42,SEK,1.42,False
ARJO-B.ST,trailingBasicEPS,2024-03-31,1.82,SEK,1.42,False
ARJO-B.ST,trailingBasicEPS,2024-06-30,1.88,SEK,1.42,False
ARJO-B.ST,trailingBasicEPS,2024-09-30,1.85,SEK,1.42,False
ARJO-B.ST,trailingBasicEPS,2025-03-31,1.69,SEK,1.42,False
ARJO-B.ST,trailingBasicEPS,2025-06-30,1.58,SEK,1.42,False
ARJO-B.ST,trailingBasicEPS,2025-12-31,1.23,SEK,1.42,False
ARJO-B.ST,trailingBasicEPS,2026-03-31,1.29,SEK,1.42,False
ARJO-B.ST,trailingBasicEPS,2026-06-30,1.42,SEK,1.42,True
ARJO-B.ST,trailingDilutedEPS,2023-09-30,1.42,SEK,1.42,False
ARJO-B.ST,trailingDilutedEPS,2024-03-31,1.82,SEK,1.42,False
ARJO-B.ST,trailingDilutedEPS,2024-06-30,1.88,SEK,1.42,False
ARJO-B.ST,trailingDilutedEPS,2024-09-30,1.85,SEK,1.42,False
ARJO-B.ST,trailingDilutedEPS,2025-03-31,1.69,SEK,1.42,False
ARJO-B.ST,trailingDilutedEPS,2025-06-30,1.58,SEK,1.42,False
ARJO-B.ST,trailingDilutedEPS,2025-12-31,1.23,SEK,1.42,False
ARJO-B.ST,trailingDilutedEPS,2026-03-31,1.29,SEK,1.42,False
ARJO-B.ST,trailingDilutedEPS,2026-06-30,1.42,SEK,1.42,True
ASSA-B.ST,trailingBasicEPS,2023-09-30,12.07,SEK,14.74,False
ASSA-B.ST,trailingBasicEPS,2023-12-31,12.27,SEK,14.74,False
ASSA-B.ST,trailingBasicEPS,2024-03-31,12.94,SEK,14.74,False
ASSA-B.ST,trailingBasicEPS,2024-06-30,13.24,SEK,14.74,False
ASSA-B.ST,trailingBasicEPS,2024-09-30,13.79,SEK,14.74,False
ASSA-B.ST,trailingBasicEPS,2024-12-31,14.08,SEK,14.74,False
ASSA-B.ST,trailingBasicEPS,2025-03-31,13.18,SEK,14.74,False
ASSA-B.ST,trailingBasicEPS,2025-06-30,13.09,SEK,14.74,False
ASSA-B.ST,trailingBasicEPS,2025-12-31,13.23,SEK,14.74,False
ASSA-B.ST,trailingBasicEPS,2026-03-31,14.2,SEK,14.74,False
ASSA-B.ST,trailingBasicEPS,2026-06-30,14.75,SEK,14.74,True
ASSA-B.ST,trailingDilutedEPS,2023-09-30,12.07,SEK,14.74,False
ASSA-B.ST,trailingDilutedEPS,2023-12-31,12.27,SEK,14.74,False
ASSA-B.ST,trailingDilutedEPS,2024-03-31,12.94,SEK,14.74,False
ASSA-B.ST,trailingDilutedEPS,2024-06-30,13.24,SEK,14.74,False
ASSA-B.ST,trailingDilutedEPS,2024-09-30,13.79,SEK,14.74,False
ASSA-B.ST,trailingDilutedEPS,2024-12-31,14.08,SEK,14.74,False
ASSA-B.ST,trailingDilutedEPS,2025-03-31,13.18,SEK,14.74,False
ASSA-B.ST,trailingDilutedEPS,2025-06-30,13.09,SEK,14.74,False
ASSA-B.ST,trailingDilutedEPS,2025-12-31,13.23,SEK,14.74,False
ASSA-B.ST,trailingDilutedEPS,2026-03-31,14.2,SEK,14.74,False
ASSA-B.ST,trailingDilutedEPS,2026-06-30,14.75,SEK,14.74,True
ATCO-A.ST,trailingBasicEPS,2023-09-30,5.61,SEK,5.46,False
ATCO-A.ST,trailingBasicEPS,2024-03-31,5.89,SEK,5.46,False
ATCO-A.ST,trailingBasicEPS,2024-06-30,6.04,SEK,5.46,False
ATCO-A.ST,trailingBasicEPS,2024-09-30,5.9,SEK,5.46,False
ATCO-A.ST,trailingBasicEPS,2024-12-31,6.11,SEK,5.46,False
ATCO-A.ST,trailingBasicEPS,2025-03-31,5.99,SEK,5.46,False
ATCO-A.ST,trailingBasicEPS,2025-06-30,5.76,SEK,5.46,False
ATCO-A.ST,trailingBasicEPS,2025-12-31,5.43,SEK,5.46,False
ATCO-A.ST,trailingBasicEPS,2026-03-31,5.36,SEK,5.46,False
ATCO-A.ST,trailingBasicEPS,2026-06-30,5.47,SEK,5.46,True
ATCO-A.ST,trailingDilutedEPS,2023-09-30,5.6,SEK,5.46,False
ATCO-A.ST,trailingDilutedEPS,2024-03-31,5.88,SEK,5.46,False
ATCO-A.ST,trailingDilutedEPS,2024-06-30,6.03,SEK,5.46,False
ATCO-A.ST,trailingDilutedEPS,2024-09-30,5.89,SEK,5.46,False
ATCO-A.ST,trailingDilutedEPS,2024-12-31,6.1,SEK,5.46,False
ATCO-A.ST,trailingDilutedEPS,2025-03-31,5.98,SEK,5.46,False
ATCO-A.ST,trailingDilutedEPS,2025-06-30,5.75,SEK,5.46,False
ATCO-A.ST,trailingDilutedEPS,2025-12-31,5.42,SEK,5.46,False
ATCO-A.ST,trailingDilutedEPS,2026-03-31,5.35,SEK,5.46,False
ATCO-A.ST,trailingDilutedEPS,2026-06-30,5.46,SEK,5.46,True
ATCO-B.ST,trailingBasicEPS,2023-09-30,5.61,SEK,5.45,False
ATCO-B.ST,trailingBasicEPS,2023-12-31,5.76,SEK,5.45,False
ATCO-B.ST,trailingBasicEPS,2024-03-31,5.89,SEK,5.45,False
ATCO-B.ST,trailingBasicEPS,2024-06-30,6.04,SEK,5.45,False
ATCO-B.ST,trailingBasicEPS,2024-09-30,5.9,SEK,5.45,False
ATCO-B.ST,trailingBasicEPS,2024-12-31,6.11,SEK,5.45,False
ATCO-B.ST,trailingBasicEPS,2025-03-31,5.99,SEK,5.45,False
ATCO-B.ST,trailingBasicEPS,2025-06-30,5.76,SEK,5.45,False
ATCO-B.ST,trailingBasicEPS,2025-12-31,5.43,SEK,5.45,False
ATCO-B.ST,trailingBasicEPS,2026-03-31,5.36,SEK,5.45,False
ATCO-B.ST,trailingBasicEPS,2026-06-30,5.47,SEK,5.45,True
ATCO-B.ST,trailingDilutedEPS,2023-09-30,5.6,SEK,5.45,False
ATCO-B.ST,trailingDilutedEPS,2023-12-31,5.75,SEK,5.45,False
ATCO-B.ST,trailingDilutedEPS,2024-03-31,5.88,SEK,5.45,False
ATCO-B.ST,trailingDilutedEPS,2024-06-30,6.03,SEK,5.45,False
ATCO-B.ST,trailingDilutedEPS,2024-09-30,5.89,SEK,5.45,False
ATCO-B.ST,trailingDilutedEPS,2024-12-31,6.1,SEK,5.45,False
ATCO-B.ST,trailingDilutedEPS,2025-03-31,5.98,SEK,5.45,False
ATCO-B.ST,trailingDilutedEPS,2025-06-30,5.75,SEK,5.45,False
ATCO-B.ST,trailingDilutedEPS,2025-12-31,5.42,SEK,5.45,False
ATCO-B.ST,trailingDilutedEPS,2026-03-31,5.35,SEK,5.45,False
ATCO-B.ST,trailingDilutedEPS,2026-06-30,5.46,SEK,5.45,True
ATRLJ-B.ST,trailingBasicEPS,2023-09-30,-11.25,SEK,0.91,False
ATRLJ-B.ST,trailingBasicEPS,2023-12-31,-7.56,SEK,0.91,False
ATRLJ-B.ST,trailingBasicEPS,2024-03-31,-2.02,SEK,0.91,False
ATRLJ-B.ST,trailingBasicEPS,2024-06-30,1.18,SEK,0.91,False
ATRLJ-B.ST,trailingBasicEPS,2024-09-30,0.51,SEK,0.91,False
ATRLJ-B.ST,trailingBasicEPS,2024-12-31,6.74,SEK,0.91,False
ATRLJ-B.ST,trailingBasicEPS,2025-03-31,1.422,SEK,0.91,False
ATRLJ-B.ST,trailingBasicEPS,2025-06-30,1.118,SEK,0.91,False
ATRLJ-B.ST,trailingBasicEPS,2025-12-31,1.31,SEK,0.91,False
ATRLJ-B.ST,trailingBasicEPS,2026-03-31,0.72,SEK,0.91,False
ATRLJ-B.ST,trailingBasicEPS,2026-06-30,0.91,SEK,0.91,True
ATRLJ-B.ST,trailingDilutedEPS,2023-09-30,-11.25,SEK,0.91,False
ATRLJ-B.ST,trailingDilutedEPS,2023-12-31,-7.56,SEK,0.91,False
ATRLJ-B.ST,trailingDilutedEPS,2024-03-31,-2.02,SEK,0.91,False
ATRLJ-B.ST,trailingDilutedEPS,2024-06-30,1.18,SEK,0.91,False
ATRLJ-B.ST,trailingDilutedEPS,2024-09-30,0.51,SEK,0.91,False
ATRLJ-B.ST,trailingDilutedEPS,2024-12-31,6.74,SEK,0.91,False
ATRLJ-B.ST,trailingDilutedEPS,2025-03-31,1.422,SEK,0.91,False
ATRLJ-B.ST,trailingDilutedEPS,2025-06-30,1.118,SEK,0.91,False
ATRLJ-B.ST,trailingDilutedEPS,2025-12-31,1.31,SEK,0.91,False
ATRLJ-B.ST,trailingDilutedEPS,2026-03-31,0.72,SEK,0.91,False
ATRLJ-B.ST,trailingDilutedEPS,2026-06-30,0.91,SEK,0.91,True
ATT.ST,trailingBasicEPS,2023-09-30,1.706214,SEK,5.87,False
ATT.ST,trailingBasicEPS,2023-12-31,2.33,SEK,5.87,False
ATT.ST,trailingBasicEPS,2024-03-31,2.55,SEK,5.87,False
ATT.ST,trailingBasicEPS,2024-06-30,2.45,SEK,5.87,False
ATT.ST,trailingBasicEPS,2024-09-30,2.51,SEK,5.87,False
ATT.ST,trailingBasicEPS,2024-12-31,2.86,SEK,5.87,False
ATT.ST,trailingBasicEPS,2025-03-31,3.34,SEK,5.87,False
ATT.ST,trailingBasicEPS,2025-06-30,3.66,SEK,5.87,False
ATT.ST,trailingBasicEPS,2025-12-31,5.45,SEK,5.87,False
ATT.ST,trailingBasicEPS,2026-03-31,5.92,SEK,5.87,True
ATT.ST,trailingDilutedEPS,2023-09-30,1.696214,SEK,5.87,False
ATT.ST,trailingDilutedEPS,2023-12-31,2.33,SEK,5.87,False
ATT.ST,trailingDilutedEPS,2024-03-31,2.55,SEK,5.87,False
ATT.ST,trailingDilutedEPS,2024-06-30,2.45,SEK,5.87,False
ATT.ST,trailingDilutedEPS,2024-09-30,2.51,SEK,5.87,False
ATT.ST,trailingDilutedEPS,2024-12-31,2.85,SEK,5.87,False
ATT.ST,trailingDilutedEPS,2025-03-31,3.33,SEK,5.87,False
ATT.ST,trailingDilutedEPS,2025-06-30,3.64,SEK,5.87,False
ATT.ST,trailingDilutedEPS,2025-12-31,5.42,SEK,5.87,False
ATT.ST,trailingDilutedEPS,2026-03-31,5.88,SEK,5.87,True
AXFO.ST,trailingBasicEPS,2023-09-30,10.11,SEK,11.22,False
AXFO.ST,trailingBasicEPS,2024-03-31,11.32,SEK,11.22,False
AXFO.ST,trailingBasicEPS,2024-06-30,11.07,SEK,11.22,False
AXFO.ST,trailingBasicEPS,2024-09-30,10.96,SEK,11.22,False
AXFO.ST,trailingBasicEPS,2024-12-31,10.16,SEK,11.22,False
AXFO.ST,trailingBasicEPS,2025-03-31,9.65,SEK,11.22,False
AXFO.ST,trailingBasicEPS,2025-06-30,9.81,SEK,11.22,False
AXFO.ST,trailingBasicEPS,2025-12-31,10.84,SEK,11.22,False
AXFO.ST,trailingBasicEPS,2026-03-31,11.17,SEK,11.22,False
AXFO.ST,trailingBasicEPS,2026-06-30,11.27,SEK,11.22,True
AXFO.ST,trailingDilutedEPS,2023-09-30,10.06,SEK,11.22,False
AXFO.ST,trailingDilutedEPS,2024-03-31,11.27,SEK,11.22,False
AXFO.ST,trailingDilutedEPS,2024-06-30,11.02,SEK,11.22,False
AXFO.ST,trailingDilutedEPS,2024-09-30,10.91,SEK,11.22,False
AXFO.ST,trailingDilutedEPS,2024-12-31,10.11,SEK,11.22,False
AXFO.ST,trailingDilutedEPS,2025-03-31,9.6,SEK,11.22,False
AXFO.ST,trailingDilutedEPS,2025-06-30,9.77,SEK,11.22,False
AXFO.ST,trailingDilutedEPS,2025-12-31,10.79,SEK,11.22,False
AXFO.ST,trailingDilutedEPS,2026-03-31,11.12,SEK,11.22,False
AXFO.ST,trailingDilutedEPS,2026-06-30,11.22,SEK,11.22,True
AZA.ST,trailingBasicEPS,2023-09-30,12.63,SEK,17.91,False
AZA.ST,trailingBasicEPS,2023-12-31,12.64,SEK,17.91,False
AZA.ST,trailingBasicEPS,2024-03-31,12.97,SEK,17.91,False
AZA.ST,trailingBasicEPS,2024-06-30,13.18,SEK,17.91,False
AZA.ST,trailingBasicEPS,2024-09-30,13.53,SEK,17.91,False
AZA.ST,trailingBasicEPS,2024-12-31,14.33,SEK,17.91,False
AZA.ST,trailingBasicEPS,2025-03-31,15.3,SEK,17.91,False
AZA.ST,trailingBasicEPS,2025-06-30,15.89,SEK,17.91,False
AZA.ST,trailingBasicEPS,2025-12-31,16.57,SEK,17.91,False
AZA.ST,trailingBasicEPS,2026-06-30,17.94,SEK,17.91,True
AZA.ST,trailingDilutedEPS,2023-09-30,12.6,SEK,17.91,False
AZA.ST,trailingDilutedEPS,2023-12-31,12.64,SEK,17.91,False
AZA.ST,trailingDilutedEPS,2024-03-31,12.97,SEK,17.91,False
AZA.ST,trailingDilutedEPS,2024-06-30,13.18,SEK,17.91,False
AZA.ST,trailingDilutedEPS,2024-09-30,13.53,SEK,17.91,False
AZA.ST,trailingDilutedEPS,2024-12-31,14.32,SEK,17.91,False
AZA.ST,trailingDilutedEPS,2025-03-31,15.27,SEK,17.91,False
AZA.ST,trailingDilutedEPS,2025-06-30,15.85,SEK,17.91,False
AZA.ST,trailingDilutedEPS,2025-12-31,16.53,SEK,17.91,False
AZA.ST,trailingDilutedEPS,2026-06-30,17.91,SEK,17.91,True
AZN.ST,trailingBasicEPS,2023-09-30,3.8,USD,64.04,False
AZN.ST,trailingBasicEPS,2024-03-31,4.09,USD,64.04,False
AZN.ST,trailingBasicEPS,2024-06-30,4.15,USD,64.04,False
AZN.ST,trailingBasicEPS,2024-09-30,4.19,USD,64.04,False
AZN.ST,trailingBasicEPS,2025-03-31,5.01,USD,64.04,False
AZN.ST,trailingBasicEPS,2025-06-30,5.35,USD,64.04,False
AZN.ST,trailingBasicEPS,2025-12-31,6.6,USD,64.04,False
AZN.ST,trailingBasicEPS,2026-03-31,6.71,USD,64.04,False
AZN.ST,trailingBasicEPS,2026-06-30,6.74,USD,64.04,True
AZN.ST,trailingDilutedEPS,2023-09-30,3.78,USD,64.04,False
AZN.ST,trailingDilutedEPS,2024-03-31,4.05,USD,64.04,False
AZN.ST,trailingDilutedEPS,2024-06-30,4.12,USD,64.04,False
AZN.ST,trailingDilutedEPS,2024-09-30,4.15,USD,64.04,False
AZN.ST,trailingDilutedEPS,2025-03-31,4.97,USD,64.04,False
AZN.ST,trailingDilutedEPS,2025-06-30,5.31,USD,64.04,False
AZN.ST,trailingDilutedEPS,2025-12-31,6.54,USD,64.04,False
AZN.ST,trailingDilutedEPS,2026-03-31,6.64,USD,64.04,False
AZN.ST,trailingDilutedEPS,2026-06-30,6.68,USD,64.04,True
BAHN-B.ST,trailingBasicEPS,2023-09-30,1.86,SEK,1.74,False
BAHN-B.ST,trailingBasicEPS,2023-12-31,2.0,SEK,1.74,False
BAHN-B.ST,trailingBasicEPS,2024-03-31,2.05,SEK,1.74,False
BAHN-B.ST,trailingBasicEPS,2024-06-30,2.12,SEK,1.74,False
BAHN-B.ST,trailingBasicEPS,2024-09-30,2.14,SEK,1.74,False
BAHN-B.ST,trailingBasicEPS,2024-12-31,2.05,SEK,1.74,False
BAHN-B.ST,trailingBasicEPS,2025-03-31,2.07,SEK,1.74,False
BAHN-B.ST,trailingBasicEPS,2025-06-30,2.09,SEK,1.74,False
BAHN-B.ST,trailingBasicEPS,2025-09-30,2.06,SEK,1.74,False
BAHN-B.ST,trailingBasicEPS,2025-12-31,1.7,SEK,1.74,False
BAHN-B.ST,trailingBasicEPS,2026-03-31,1.74,SEK,1.74,True
BAHN-B.ST,trailingDilutedEPS,2023-09-30,1.86,SEK,1.74,False
BAHN-B.ST,trailingDilutedEPS,2023-12-31,2.0,SEK,1.74,False
BAHN-B.ST,trailingDilutedEPS,2024-03-31,2.05,SEK,1.74,False
BAHN-B.ST,trailingDilutedEPS,2024-06-30,2.12,SEK,1.74,False
BAHN-B.ST,trailingDilutedEPS,2024-09-30,2.14,SEK,1.74,False
BAHN-B.ST,trailingDilutedEPS,2024-12-31,2.05,SEK,1.74,False
BAHN-B.ST,trailingDilutedEPS,2025-03-31,2.07,SEK,1.74,False
BAHN-B.ST,trailingDilutedEPS,2025-06-30,2.09,SEK,1.74,False
BAHN-B.ST,trailingDilutedEPS,2025-09-30,2.06,SEK,1.74,False
BAHN-B.ST,trailingDilutedEPS,2025-12-31,1.7,SEK,1.74,False
BAHN-B.ST,trailingDilutedEPS,2026-03-31,1.74,SEK,1.74,True
BALD-B.ST,trailingBasicEPS,2023-09-30,-0.96,SEK,5.18,False
BALD-B.ST,trailingBasicEPS,2023-12-31,-6.03,SEK,5.18,False
BALD-B.ST,trailingBasicEPS,2024-03-31,-6.5,SEK,5.18,False
BALD-B.ST,trailingBasicEPS,2024-06-30,-5.08,SEK,5.18,False
BALD-B.ST,trailingBasicEPS,2024-09-30,-4.42,SEK,5.18,False
BALD-B.ST,trailingBasicEPS,2024-12-31,2.82,SEK,5.18,False
BALD-B.ST,trailingBasicEPS,2025-03-31,5.59,SEK,5.18,False
BALD-B.ST,trailingBasicEPS,2025-06-30,5.58,SEK,5.18,False
BALD-B.ST,trailingBasicEPS,2025-12-31,6.41,SEK,5.18,False
BALD-B.ST,trailingBasicEPS,2026-03-31,5.93,SEK,5.18,False
BALD-B.ST,trailingBasicEPS,2026-06-30,5.9,SEK,5.18,True
BALD-B.ST,trailingDilutedEPS,2023-09-30,-0.96,SEK,5.18,False
BALD-B.ST,trailingDilutedEPS,2023-12-31,-6.03,SEK,5.18,False
BALD-B.ST,trailingDilutedEPS,2024-03-31,-6.5,SEK,5.18,False
BALD-B.ST,trailingDilutedEPS,2024-06-30,-5.08,SEK,5.18,False
BALD-B.ST,trailingDilutedEPS,2024-09-30,-4.42,SEK,5.18,False
BALD-B.ST,trailingDilutedEPS,2024-12-31,2.82,SEK,5.18,False
BALD-B.ST,trailingDilutedEPS,2025-03-31,5.12,SEK,5.18,False
BALD-B.ST,trailingDilutedEPS,2025-06-30,5.24,SEK,5.18,False
BALD-B.ST,trailingDilutedEPS,2025-12-31,5.86,SEK,5.18,False
BALD-B.ST,trailingDilutedEPS,2026-03-31,5.37,SEK,5.18,False
BALD-B.ST,trailingDilutedEPS,2026-06-30,5.18,SEK,5.18,True
BEIA-B.ST,trailingBasicEPS,2023-09-30,14.37,SEK,12.45,False
BEIA-B.ST,trailingBasicEPS,2023-12-31,8.61,SEK,12.45,False
BEIA-B.ST,trailingBasicEPS,2024-03-31,8.65,SEK,12.45,False
BEIA-B.ST,trailingBasicEPS,2024-06-30,8.95,SEK,12.45,False
BEIA-B.ST,trailingBasicEPS,2024-09-30,11.74,SEK,12.45,False
BEIA-B.ST,trailingBasicEPS,2024-12-31,11.85,SEK,12.45,False
BEIA-B.ST,trailingBasicEPS,2025-03-31,12.0,SEK,12.45,False
BEIA-B.ST,trailingBasicEPS,2025-06-30,11.01,SEK,12.45,False
BEIA-B.ST,trailingBasicEPS,2025-12-31,9.43,SEK,12.45,False
BEIA-B.ST,trailingBasicEPS,2026-03-31,10.23,SEK,12.45,False
BEIA-B.ST,trailingBasicEPS,2026-06-30,12.46,SEK,12.45,True
BEIA-B.ST,trailingDilutedEPS,2023-09-30,14.37,SEK,12.45,False
BEIA-B.ST,trailingDilutedEPS,2023-12-31,8.61,SEK,12.45,False
BEIA-B.ST,trailingDilutedEPS,2024-03-31,8.643188,SEK,12.45,False
BEIA-B.ST,trailingDilutedEPS,2024-06-30,8.945709,SEK,12.45,False
BEIA-B.ST,trailingDilutedEPS,2024-09-30,11.74,SEK,12.45,False
BEIA-B.ST,trailingDilutedEPS,2024-12-31,11.848223,SEK,12.45,False
BEIA-B.ST,trailingDilutedEPS,2025-03-31,12.0,SEK,12.45,False
BEIA-B.ST,trailingDilutedEPS,2025-06-30,11.01,SEK,12.45,False
BEIA-B.ST,trailingDilutedEPS,2025-12-31,9.43,SEK,12.45,False
BEIA-B.ST,trailingDilutedEPS,2026-03-31,10.23,SEK,12.45,False
BEIA-B.ST,trailingDilutedEPS,2026-06-30,12.456137,SEK,12.45,True
BERG-B.ST,trailingBasicEPS,2023-09-30,7.45,SEK,8.55,False
BERG-B.ST,trailingBasicEPS,2023-12-31,7.35,SEK,8.55,False
BERG-B.ST,trailingBasicEPS,2024-03-31,7.15,SEK,8.55,False
BERG-B.ST,trailingBasicEPS,2024-06-30,7.4,SEK,8.55,False
BERG-B.ST,trailingBasicEPS,2024-09-30,7.55,SEK,8.55,False
BERG-B.ST,trailingBasicEPS,2024-12-31,7.55,SEK,8.55,False
BERG-B.ST,trailingBasicEPS,2025-03-31,-1.95,SEK,8.55,False
BERG-B.ST,trailingBasicEPS,2025-06-30,-1.8,SEK,8.55,False
BERG-B.ST,trailingBasicEPS,2025-12-31,-2.55,SEK,8.55,False
BERG-B.ST,trailingBasicEPS,2026-03-31,8.55,SEK,8.55,False
BERG-B.ST,trailingBasicEPS,2026-06-30,8.55,SEK,8.55,True
BERG-B.ST,trailingDilutedEPS,2023-09-30,7.4,SEK,8.55,False
BERG-B.ST,trailingDilutedEPS,2023-12-31,7.3,SEK,8.55,False
BERG-B.ST,trailingDilutedEPS,2024-03-31,7.15,SEK,8.55,False
BERG-B.ST,trailingDilutedEPS,2024-06-30,7.4,SEK,8.55,False
BERG-B.ST,trailingDilutedEPS,2024-09-30,7.55,SEK,8.55,False
BERG-B.ST,trailingDilutedEPS,2024-12-31,7.55,SEK,8.55,False
BERG-B.ST,trailingDilutedEPS,2025-03-31,-1.95,SEK,8.55,False
BERG-B.ST,trailingDilutedEPS,2025-06-30,-1.85,SEK,8.55,False
BERG-B.ST,trailingDilutedEPS,2025-12-31,-2.55,SEK,8.55,False
BERG-B.ST,trailingDilutedEPS,2026-03-31,8.5,SEK,8.55,False
BERG-B.ST,trailingDilutedEPS,2026-06-30,8.55,SEK,8.55,True
BETS-B.ST,trailingBasicEPS,2023-09-30,1.25,EUR,10.59,False
BETS-B.ST,trailingBasicEPS,2023-12-31,1.29,EUR,10.59,False
BETS-B.ST,trailingBasicEPS,2024-03-31,1.315574,EUR,10.59,False
BETS-B.ST,trailingBasicEPS,2024-06-30,1.280476,EUR,10.59,False
BETS-B.ST,trailingBasicEPS,2024-09-30,1.24,EUR,10.59,False
BETS-B.ST,trailingBasicEPS,2024-12-31,1.32,EUR,10.59,False
BETS-B.ST,trailingBasicEPS,2025-03-31,1.37,EUR,10.59,False
BETS-B.ST,trailingBasicEPS,2025-06-30,1.4,EUR,10.59,False
BETS-B.ST,trailingBasicEPS,2025-12-31,1.29,EUR,10.59,False
BETS-B.ST,trailingBasicEPS,2026-03-31,1.12,EUR,10.59,False
BETS-B.ST,trailingBasicEPS,2026-06-30,0.98,EUR,10.59,True
BETS-B.ST,trailingDilutedEPS,2023-09-30,1.25,EUR,10.59,False
BETS-B.ST,trailingDilutedEPS,2023-12-31,1.29,EUR,10.59,False
BETS-B.ST,trailingDilutedEPS,2024-03-31,1.315574,EUR,10.59,False
BETS-B.ST,trailingDilutedEPS,2024-06-30,1.280476,EUR,10.59,False
BETS-B.ST,trailingDilutedEPS,2024-09-30,1.24,EUR,10.59,False
BETS-B.ST,trailingDilutedEPS,2024-12-31,1.32,EUR,10.59,False
BETS-B.ST,trailingDilutedEPS,2025-03-31,1.34,EUR,10.59,False
BETS-B.ST,trailingDilutedEPS,2025-06-30,1.38,EUR,10.59,False
BETS-B.ST,trailingDilutedEPS,2025-12-31,1.27,EUR,10.59,False
BETS-B.ST,trailingDilutedEPS,2026-03-31,1.11,EUR,10.59,False
BETS-B.ST,trailingDilutedEPS,2026-06-30,0.96,EUR,10.59,True
BILI-A.ST,trailingBasicEPS,2023-09-30,11.3,SEK,9.07,False
BILI-A.ST,trailingBasicEPS,2023-12-31,10.12,SEK,9.07,False
BILI-A.ST,trailingBasicEPS,2024-03-31,9.09,SEK,9.07,False
BILI-A.ST,trailingBasicEPS,2024-06-30,8.48,SEK,9.07,False
BILI-A.ST,trailingBasicEPS,2024-09-30,7.79,SEK,9.07,False
BILI-A.ST,trailingBasicEPS,2024-12-31,7.19,SEK,9.07,False
BILI-A.ST,trailingBasicEPS,2025-03-31,7.1,SEK,9.07,False
BILI-A.ST,trailingBasicEPS,2025-06-30,6.94,SEK,9.07,False
BILI-A.ST,trailingBasicEPS,2025-12-31,8.22,SEK,9.07,False
BILI-A.ST,trailingBasicEPS,2026-03-31,8.72,SEK,9.07,False
BILI-A.ST,trailingBasicEPS,2026-06-30,9.15,SEK,9.07,True
BILI-A.ST,trailingDilutedEPS,2023-09-30,11.29,SEK,9.07,False
BILI-A.ST,trailingDilutedEPS,2023-12-31,10.1,SEK,9.07,False
BILI-A.ST,trailingDilutedEPS,2024-03-31,9.07,SEK,9.07,False
BILI-A.ST,trailingDilutedEPS,2024-06-30,8.46,SEK,9.07,False
BILI-A.ST,trailingDilutedEPS,2024-09-30,7.77,SEK,9.07,False
BILI-A.ST,trailingDilutedEPS,2024-12-31,7.16,SEK,9.07,False
BILI-A.ST,trailingDilutedEPS,2025-03-31,7.07,SEK,9.07,False
BILI-A.ST,trailingDilutedEPS,2025-06-30,6.9,SEK,9.07,False
BILI-A.ST,trailingDilutedEPS,2025-12-31,8.17,SEK,9.07,False
BILI-A.ST,trailingDilutedEPS,2026-03-31,8.66,SEK,9.07,False
BILI-A.ST,trailingDilutedEPS,2026-06-30,9.08,SEK,9.07,True
BIOG-B.ST,trailingBasicEPS,2023-09-30,4.33,SEK,3.44,False
BIOG-B.ST,trailingBasicEPS,2023-12-31,3.62,SEK,3.44,False
BIOG-B.ST,trailingBasicEPS,2024-03-31,3.68,SEK,3.44,False
BIOG-B.ST,trailingBasicEPS,2024-06-30,3.98,SEK,3.44,False
BIOG-B.ST,trailingBasicEPS,2024-09-30,3.34,SEK,3.44,False
BIOG-B.ST,trailingBasicEPS,2024-12-31,3.48,SEK,3.44,False
BIOG-B.ST,trailingBasicEPS,2025-03-31,3.06,SEK,3.44,False
BIOG-B.ST,trailingBasicEPS,2025-06-30,2.83,SEK,3.44,False
BIOG-B.ST,trailingBasicEPS,2025-12-31,3.29,SEK,3.44,False
BIOG-B.ST,trailingBasicEPS,2026-03-31,3.28,SEK,3.44,False
BIOG-B.ST,trailingBasicEPS,2026-06-30,3.43,SEK,3.44,True
BIOG-B.ST,trailingDilutedEPS,2023-09-30,4.33,SEK,3.44,False
BIOG-B.ST,trailingDilutedEPS,2023-12-31,3.62,SEK,3.44,False
BIOG-B.ST,trailingDilutedEPS,2024-03-31,3.68,SEK,3.44,False
BIOG-B.ST,trailingDilutedEPS,2024-06-30,3.98,SEK,3.44,False
BIOG-B.ST,trailingDilutedEPS,2024-09-30,3.34,SEK,3.44,False
BIOG-B.ST,trailingDilutedEPS,2024-12-31,3.48,SEK,3.44,False
BIOG-B.ST,trailingDilutedEPS,2025-03-31,3.06,SEK,3.44,False
BIOG-B.ST,trailingDilutedEPS,2025-06-30,2.83,SEK,3.44,False
BIOG-B.ST,trailingDilutedEPS,2025-12-31,3.29,SEK,3.44,False
BIOG-B.ST,trailingDilutedEPS,2026-03-31,3.28,SEK,3.44,False
BIOG-B.ST,trailingDilutedEPS,2026-06-30,3.43,SEK,3.44,True
BOL.ST,trailingBasicEPS,2023-09-30,25.57,SEK,44.73,False
BOL.ST,trailingBasicEPS,2023-12-31,22.21,SEK,44.73,False
BOL.ST,trailingBasicEPS,2024-03-31,17.08,SEK,44.73,False
BOL.ST,trailingBasicEPS,2024-06-30,28.38,SEK,44.73,False
BOL.ST,trailingBasicEPS,2024-09-30,31.76,SEK,44.73,False
BOL.ST,trailingBasicEPS,2024-12-31,36.65,SEK,44.73,False
BOL.ST,trailingBasicEPS,2025-03-31,40.48,SEK,44.73,False
BOL.ST,trailingBasicEPS,2025-06-30,29.19,SEK,44.73,False
BOL.ST,trailingBasicEPS,2025-12-31,33.39,SEK,44.73,False
BOL.ST,trailingBasicEPS,2026-03-31,38.85,SEK,44.73,False
BOL.ST,trailingBasicEPS,2026-06-30,44.74,SEK,44.73,True
BOL.ST,trailingDilutedEPS,2023-09-30,25.57,SEK,44.73,False
BOL.ST,trailingDilutedEPS,2023-12-31,22.21,SEK,44.73,False
BOL.ST,trailingDilutedEPS,2024-03-31,17.08,SEK,44.73,False
BOL.ST,trailingDilutedEPS,2024-06-30,28.38,SEK,44.73,False
BOL.ST,trailingDilutedEPS,2024-09-30,31.76,SEK,44.73,False
BOL.ST,trailingDilutedEPS,2024-12-31,36.65,SEK,44.73,False
BOL.ST,trailingDilutedEPS,2025-03-31,40.48,SEK,44.73,False
BOL.ST,trailingDilutedEPS,2025-06-30,29.19,SEK,44.73,False
BOL.ST,trailingDilutedEPS,2025-12-31,33.39,SEK,44.73,False
BOL.ST,trailingDilutedEPS,2026-03-31,38.85,SEK,44.73,False
BOL.ST,trailingDilutedEPS,2026-06-30,44.74,SEK,44.73,True
BORG.ST,trailingBasicEPS,2023-09-30,2.64,SEK,3.88,False
BORG.ST,trailingBasicEPS,2023-12-31,3.02,SEK,3.88,False
BORG.ST,trailingBasicEPS,2024-03-31,2.87,SEK,3.88,False
BORG.ST,trailingBasicEPS,2024-06-30,2.97,SEK,3.88,False
BORG.ST,trailingBasicEPS,2024-09-30,3.08,SEK,3.88,False
BORG.ST,trailingBasicEPS,2024-12-31,2.89,SEK,3.88,False
BORG.ST,trailingBasicEPS,2025-03-31,3.48,SEK,3.88,False
BORG.ST,trailingBasicEPS,2025-06-30,3.38,SEK,3.88,False
BORG.ST,trailingBasicEPS,2025-09-30,3.45,SEK,3.88,False
BORG.ST,trailingBasicEPS,2025-12-31,3.66,SEK,3.88,False
BORG.ST,trailingBasicEPS,2026-03-31,3.7,SEK,3.88,True
BORG.ST,trailingDilutedEPS,2023-09-30,2.64,SEK,3.88,False
BORG.ST,trailingDilutedEPS,2023-12-31,3.02,SEK,3.88,False
BORG.ST,trailingDilutedEPS,2024-03-31,2.87,SEK,3.88,False
BORG.ST,trailingDilutedEPS,2024-06-30,2.97,SEK,3.88,False
BORG.ST,trailingDilutedEPS,2024-09-30,3.08,SEK,3.88,False
BORG.ST,trailingDilutedEPS,2024-12-31,2.89,SEK,3.88,False
BORG.ST,trailingDilutedEPS,2025-03-31,3.48,SEK,3.88,False
BORG.ST,trailingDilutedEPS,2025-06-30,3.38,SEK,3.88,False
BORG.ST,trailingDilutedEPS,2025-09-30,3.45,SEK,3.88,False
BORG.ST,trailingDilutedEPS,2025-12-31,3.66,SEK,3.88,False
BORG.ST,trailingDilutedEPS,2026-03-31,3.7,SEK,3.88,True
BRAV.ST,trailingBasicEPS,2023-09-30,6.41,SEK,6.85,False
BRAV.ST,trailingBasicEPS,2023-12-31,6.02,SEK,6.85,False
BRAV.ST,trailingBasicEPS,2024-03-31,5.68,SEK,6.85,False
BRAV.ST,trailingBasicEPS,2024-06-30,5.39,SEK,6.85,False
BRAV.ST,trailingBasicEPS,2024-09-30,5.14,SEK,6.85,False
BRAV.ST,trailingBasicEPS,2024-12-31,5.17,SEK,6.85,False
BRAV.ST,trailingBasicEPS,2025-03-31,5.3,SEK,6.85,False
BRAV.ST,trailingBasicEPS,2025-06-30,5.45,SEK,6.85,False
BRAV.ST,trailingBasicEPS,2025-12-31,6.02,SEK,6.85,False
BRAV.ST,trailingBasicEPS,2026-03-31,6.08,SEK,6.85,False
BRAV.ST,trailingBasicEPS,2026-06-30,6.86,SEK,6.85,True
BRAV.ST,trailingDilutedEPS,2023-09-30,6.4,SEK,6.85,False
BRAV.ST,trailingDilutedEPS,2023-12-31,6.0,SEK,6.85,False
BRAV.ST,trailingDilutedEPS,2024-03-31,5.66,SEK,6.85,False
BRAV.ST,trailingDilutedEPS,2024-06-30,5.37,SEK,6.85,False
BRAV.ST,trailingDilutedEPS,2024-09-30,5.12,SEK,6.85,False
BRAV.ST,trailingDilutedEPS,2024-12-31,5.16,SEK,6.85,False
BRAV.ST,trailingDilutedEPS,2025-03-31,5.29,SEK,6.85,False
BRAV.ST,trailingDilutedEPS,2025-06-30,5.44,SEK,6.85,False
BRAV.ST,trailingDilutedEPS,2025-12-31,6.01,SEK,6.85,False
BRAV.ST,trailingDilutedEPS,2026-03-31,6.07,SEK,6.85,False
BRAV.ST,trailingDilutedEPS,2026-06-30,6.85,SEK,6.85,True
BTS-B.ST,trailingBasicEPS,2023-09-30,8.91,SEK,4.91,False
BTS-B.ST,trailingBasicEPS,2023-12-31,11.08,SEK,4.91,False
BTS-B.ST,trailingBasicEPS,2024-03-31,12.66,SEK,4.91,False
BTS-B.ST,trailingBasicEPS,2024-06-30,12.64,SEK,4.91,False
BTS-B.ST,trailingBasicEPS,2024-09-30,21.3,SEK,4.91,False
BTS-B.ST,trailingBasicEPS,2024-12-31,19.93,SEK,4.91,False
BTS-B.ST,trailingBasicEPS,2025-03-31,18.51,SEK,4.91,False
BTS-B.ST,trailingBasicEPS,2025-06-30,17.42,SEK,4.91,False
BTS-B.ST,trailingBasicEPS,2025-09-30,8.34,SEK,4.91,False
BTS-B.ST,trailingBasicEPS,2025-12-31,6.89,SEK,4.91,False
BTS-B.ST,trailingBasicEPS,2026-03-31,6.98,SEK,4.91,True
BTS-B.ST,trailingDilutedEPS,2023-09-30,8.91,SEK,4.91,False
BTS-B.ST,trailingDilutedEPS,2023-12-31,11.08,SEK,4.91,False
BTS-B.ST,trailingDilutedEPS,2024-03-31,12.66,SEK,4.91,False
BTS-B.ST,trailingDilutedEPS,2024-06-30,12.64,SEK,4.91,False
BTS-B.ST,trailingDilutedEPS,2024-09-30,21.3,SEK,4.91,False
BTS-B.ST,trailingDilutedEPS,2024-12-31,19.93,SEK,4.91,False
BTS-B.ST,trailingDilutedEPS,2025-03-31,18.51,SEK,4.91,False
BTS-B.ST,trailingDilutedEPS,2025-06-30,17.42,SEK,4.91,False
BTS-B.ST,trailingDilutedEPS,2025-09-30,8.34,SEK,4.91,False
BTS-B.ST,trailingDilutedEPS,2025-12-31,6.89,SEK,4.91,False
BTS-B.ST,trailingDilutedEPS,2026-03-31,6.98,SEK,4.91,True
CAST.ST,trailingBasicEPS,2023-09-30,-23.756163,SEK,5.58,False
CAST.ST,trailingBasicEPS,2023-12-31,-25.68,SEK,5.58,False
CAST.ST,trailingBasicEPS,2024-03-31,-15.04,SEK,5.58,False
CAST.ST,trailingBasicEPS,2024-06-30,-16.56,SEK,5.58,False
CAST.ST,trailingBasicEPS,2024-09-30,-12.86,SEK,5.58,False
CAST.ST,trailingBasicEPS,2024-12-31,4.79,SEK,5.58,False
CAST.ST,trailingBasicEPS,2025-03-31,5.16,SEK,5.58,False
CAST.ST,trailingBasicEPS,2025-06-30,5.39,SEK,5.58,False
CAST.ST,trailingBasicEPS,2025-12-31,1.91,SEK,5.58,False
CAST.ST,trailingBasicEPS,2026-03-31,4.57,SEK,5.58,False
CAST.ST,trailingBasicEPS,2026-06-30,5.59,SEK,5.58,True
CAST.ST,trailingDilutedEPS,2023-09-30,-23.756163,SEK,5.58,False
CAST.ST,trailingDilutedEPS,2023-12-31,-25.68,SEK,5.58,False
CAST.ST,trailingDilutedEPS,2024-03-31,-15.04,SEK,5.58,False
CAST.ST,trailingDilutedEPS,2024-06-30,-16.56,SEK,5.58,False
CAST.ST,trailingDilutedEPS,2024-09-30,-12.86,SEK,5.58,False
CAST.ST,trailingDilutedEPS,2024-12-31,4.79,SEK,5.58,False
CAST.ST,trailingDilutedEPS,2025-03-31,5.16,SEK,5.58,False
CAST.ST,trailingDilutedEPS,2025-06-30,5.39,SEK,5.58,False
CAST.ST,trailingDilutedEPS,2025-12-31,1.91,SEK,5.58,False
CAST.ST,trailingDilutedEPS,2026-03-31,4.57,SEK,5.58,False
CAST.ST,trailingDilutedEPS,2026-06-30,5.59,SEK,5.58,True
CATE.ST,trailingBasicEPS,2023-09-30,-0.46,SEK,34.04,False
CATE.ST,trailingBasicEPS,2024-03-31,30.99,SEK,34.04,False
CATE.ST,trailingBasicEPS,2024-06-30,27.33,SEK,34.04,False
CATE.ST,trailingBasicEPS,2024-09-30,27.31,SEK,34.04,False
CATE.ST,trailingBasicEPS,2024-12-31,19.36,SEK,34.04,False
CATE.ST,trailingBasicEPS,2025-03-31,24.07,SEK,34.04,False
CATE.ST,trailingBasicEPS,2025-06-30,23.58,SEK,34.04,False
CATE.ST,trailingBasicEPS,2025-12-31,27.24,SEK,34.04,False
CATE.ST,trailingBasicEPS,2026-03-31,27.33,SEK,34.04,False
CATE.ST,trailingBasicEPS,2026-06-30,34.05,SEK,34.04,True
CATE.ST,trailingDilutedEPS,2023-09-30,-0.46,SEK,34.04,False
CATE.ST,trailingDilutedEPS,2024-03-31,30.99,SEK,34.04,False
CATE.ST,trailingDilutedEPS,2024-06-30,27.33,SEK,34.04,False
CATE.ST,trailingDilutedEPS,2024-09-30,27.31,SEK,34.04,False
CATE.ST,trailingDilutedEPS,2024-12-31,19.36,SEK,34.04,False
CATE.ST,trailingDilutedEPS,2025-03-31,24.07,SEK,34.04,False
CATE.ST,trailingDilutedEPS,2025-06-30,23.58,SEK,34.04,False
CATE.ST,trailingDilutedEPS,2025-12-31,27.24,SEK,34.04,False
CATE.ST,trailingDilutedEPS,2026-03-31,27.33,SEK,34.04,False
CATE.ST,trailingDilutedEPS,2026-06-30,34.05,SEK,34.04,True
CIBUS.ST,trailingBasicEPS,2023-09-30,-0.01,EUR,11.36,False
CIBUS.ST,trailingBasicEPS,2024-03-31,-0.52,EUR,11.36,False
CIBUS.ST,trailingBasicEPS,2024-06-30,-0.55,EUR,11.36,False
CIBUS.ST,trailingBasicEPS,2024-09-30,-0.8,EUR,11.36,False
CIBUS.ST,trailingBasicEPS,2024-12-31,-0.12,EUR,11.36,False
CIBUS.ST,trailingBasicEPS,2025-03-31,0.38,EUR,11.36,False
CIBUS.ST,trailingBasicEPS,2025-06-30,0.51,EUR,11.36,False
CIBUS.ST,trailingBasicEPS,2025-12-31,1.14,EUR,11.36,False
CIBUS.ST,trailingBasicEPS,2026-03-31,1.02,EUR,11.36,False
CIBUS.ST,trailingBasicEPS,2026-06-30,1.03,EUR,11.36,True
CIBUS.ST,trailingDilutedEPS,2023-09-30,-0.01,EUR,11.36,False
CIBUS.ST,trailingDilutedEPS,2024-03-31,-0.52,EUR,11.36,False
CIBUS.ST,trailingDilutedEPS,2024-06-30,-0.55,EUR,11.36,False
CIBUS.ST,trailingDilutedEPS,2024-09-30,-0.8,EUR,11.36,False
CIBUS.ST,trailingDilutedEPS,2024-12-31,-0.12,EUR,11.36,False
CIBUS.ST,trailingDilutedEPS,2025-03-31,0.38,EUR,11.36,False
CIBUS.ST,trailingDilutedEPS,2025-06-30,0.51,EUR,11.36,False
CIBUS.ST,trailingDilutedEPS,2025-12-31,1.14,EUR,11.36,False
CIBUS.ST,trailingDilutedEPS,2026-03-31,1.02,EUR,11.36,False
CIBUS.ST,trailingDilutedEPS,2026-06-30,1.03,EUR,11.36,True
CLA-B.ST,trailingBasicEPS,2023-09-30,1.43,SEK,2.98,False
CLA-B.ST,trailingBasicEPS,2023-12-31,1.53,SEK,2.98,False
CLA-B.ST,trailingBasicEPS,2024-03-31,1.67,SEK,2.98,False
CLA-B.ST,trailingBasicEPS,2024-06-30,1.71,SEK,2.98,False
CLA-B.ST,trailingBasicEPS,2024-09-30,1.6,SEK,2.98,False
CLA-B.ST,trailingBasicEPS,2024-12-31,1.67,SEK,2.98,False
CLA-B.ST,trailingBasicEPS,2025-03-31,2.19,SEK,2.98,False
CLA-B.ST,trailingBasicEPS,2025-06-30,2.31,SEK,2.98,False
CLA-B.ST,trailingBasicEPS,2025-12-31,2.78,SEK,2.98,False
CLA-B.ST,trailingBasicEPS,2026-03-31,2.63,SEK,2.98,False
CLA-B.ST,trailingBasicEPS,2026-06-30,2.98,SEK,2.98,True
CLA-B.ST,trailingDilutedEPS,2023-09-30,1.43,SEK,2.98,False
CLA-B.ST,trailingDilutedEPS,2023-12-31,1.53,SEK,2.98,False
CLA-B.ST,trailingDilutedEPS,2024-03-31,1.67,SEK,2.98,False
CLA-B.ST,trailingDilutedEPS,2024-06-30,1.71,SEK,2.98,False
CLA-B.ST,trailingDilutedEPS,2024-09-30,1.6,SEK,2.98,False
CLA-B.ST,trailingDilutedEPS,2024-12-31,1.67,SEK,2.98,False
CLA-B.ST,trailingDilutedEPS,2025-03-31,2.19,SEK,2.98,False
CLA-B.ST,trailingDilutedEPS,2025-06-30,2.31,SEK,2.98,False
CLA-B.ST,trailingDilutedEPS,2025-12-31,2.78,SEK,2.98,False
CLA-B.ST,trailingDilutedEPS,2026-03-31,2.63,SEK,2.98,False
CLA-B.ST,trailingDilutedEPS,2026-06-30,2.98,SEK,2.98,True
CLAS-B.ST,trailingBasicEPS,2023-10-31,4.45,SEK,18.29,False
CLAS-B.ST,trailingBasicEPS,2024-01-31,7.03,SEK,18.29,False
CLAS-B.ST,trailingBasicEPS,2024-04-30,8.03,SEK,18.29,False
CLAS-B.ST,trailingBasicEPS,2024-07-31,10.75,SEK,18.29,False
CLAS-B.ST,trailingBasicEPS,2024-10-31,11.64,SEK,18.29,False
CLAS-B.ST,trailingBasicEPS,2025-01-31,13.29,SEK,18.29,False
CLAS-B.ST,trailingBasicEPS,2025-04-30,13.91,SEK,18.29,False
CLAS-B.ST,trailingBasicEPS,2025-07-31,14.88,SEK,18.29,False
CLAS-B.ST,trailingBasicEPS,2025-10-31,16.11,SEK,18.29,False
CLAS-B.ST,trailingBasicEPS,2026-01-31,17.48,SEK,18.29,False
CLAS-B.ST,trailingBasicEPS,2026-04-30,18.4,SEK,18.29,True
CLAS-B.ST,trailingDilutedEPS,2023-10-31,4.45,SEK,18.29,False
CLAS-B.ST,trailingDilutedEPS,2024-01-31,7.01,SEK,18.29,False
CLAS-B.ST,trailingDilutedEPS,2024-04-30,8.01,SEK,18.29,False
CLAS-B.ST,trailingDilutedEPS,2024-07-31,10.73,SEK,18.29,False
CLAS-B.ST,trailingDilutedEPS,2024-10-31,11.61,SEK,18.29,False
CLAS-B.ST,trailingDilutedEPS,2025-01-31,13.22,SEK,18.29,False
CLAS-B.ST,trailingDilutedEPS,2025-04-30,13.82,SEK,18.29,False
CLAS-B.ST,trailingDilutedEPS,2025-07-31,14.77,SEK,18.29,False
CLAS-B.ST,trailingDilutedEPS,2025-10-31,15.98,SEK,18.29,False
CLAS-B.ST,trailingDilutedEPS,2026-01-31,17.36,SEK,18.29,False
CLAS-B.ST,trailingDilutedEPS,2026-04-30,18.29,SEK,18.29,True
COOR.ST,trailingBasicEPS,2023-09-30,1.89,SEK,2.8,False
COOR.ST,trailingBasicEPS,2023-12-31,1.64,SEK,2.8,False
COOR.ST,trailingBasicEPS,2024-03-31,1.74,SEK,2.8,False
COOR.ST,trailingBasicEPS,2024-06-30,1.94,SEK,2.8,False
COOR.ST,trailingBasicEPS,2024-09-30,1.78,SEK,2.8,False
COOR.ST,trailingBasicEPS,2024-12-31,1.3,SEK,2.8,False
COOR.ST,trailingBasicEPS,2025-03-31,1.13,SEK,2.8,False
COOR.ST,trailingBasicEPS,2025-06-30,1.26,SEK,2.8,False
COOR.ST,trailingBasicEPS,2025-12-31,2.3,SEK,2.8,False
COOR.ST,trailingBasicEPS,2026-03-31,2.5,SEK,2.8,False
COOR.ST,trailingBasicEPS,2026-06-30,2.8,SEK,2.8,True
COOR.ST,trailingDilutedEPS,2023-09-30,1.89,SEK,2.8,False
COOR.ST,trailingDilutedEPS,2023-12-31,1.64,SEK,2.8,False
COOR.ST,trailingDilutedEPS,2024-03-31,1.74,SEK,2.8,False
COOR.ST,trailingDilutedEPS,2024-06-30,1.94,SEK,2.8,False
COOR.ST,trailingDilutedEPS,2024-09-30,1.78,SEK,2.8,False
COOR.ST,trailingDilutedEPS,2024-12-31,1.3,SEK,2.8,False
COOR.ST,trailingDilutedEPS,2025-03-31,1.13,SEK,2.8,False
COOR.ST,trailingDilutedEPS,2025-06-30,1.26,SEK,2.8,False
COOR.ST,trailingDilutedEPS,2025-12-31,2.3,SEK,2.8,False
COOR.ST,trailingDilutedEPS,2026-03-31,2.5,SEK,2.8,False
COOR.ST,trailingDilutedEPS,2026-06-30,2.8,SEK,2.8,True
CTT.ST,trailingBasicEPS,2023-09-30,6.85,SEK,2.92,False
CTT.ST,trailingBasicEPS,2024-03-31,8.15,SEK,2.92,False
CTT.ST,trailingBasicEPS,2024-06-30,8.13,SEK,2.92,False
CTT.ST,trailingBasicEPS,2024-09-30,7.08,SEK,2.92,False
CTT.ST,trailingBasicEPS,2024-12-31,6.82,SEK,2.92,False
CTT.ST,trailingBasicEPS,2025-03-31,5.16,SEK,2.92,False
CTT.ST,trailingBasicEPS,2025-06-30,4.38,SEK,2.92,False
CTT.ST,trailingBasicEPS,2025-12-31,3.08,SEK,2.92,False
CTT.ST,trailingBasicEPS,2026-03-31,3.31,SEK,2.92,False
CTT.ST,trailingBasicEPS,2026-06-30,2.92,SEK,2.92,True
CTT.ST,trailingDilutedEPS,2023-09-30,6.85,SEK,2.92,False
CTT.ST,trailingDilutedEPS,2024-03-31,8.15,SEK,2.92,False
CTT.ST,trailingDilutedEPS,2024-06-30,8.13,SEK,2.92,False
CTT.ST,trailingDilutedEPS,2024-09-30,7.08,SEK,2.92,False
CTT.ST,trailingDilutedEPS,2024-12-31,6.82,SEK,2.92,False
CTT.ST,trailingDilutedEPS,2025-03-31,5.16,SEK,2.92,False
CTT.ST,trailingDilutedEPS,2025-06-30,4.38,SEK,2.92,False
CTT.ST,trailingDilutedEPS,2025-12-31,3.08,SEK,2.92,False
CTT.ST,trailingDilutedEPS,2026-03-31,3.31,SEK,2.92,False
CTT.ST,trailingDilutedEPS,2026-06-30,2.92,SEK,2.92,True
DIOS.ST,trailingBasicEPS,2023-09-30,-1.95,SEK,7.97,False
DIOS.ST,trailingBasicEPS,2023-12-31,-6.01,SEK,7.97,False
DIOS.ST,trailingBasicEPS,2024-03-31,-1.82,SEK,7.97,False
DIOS.ST,trailingBasicEPS,2024-06-30,-1.57,SEK,7.97,False
DIOS.ST,trailingBasicEPS,2024-09-30,-2.28,SEK,7.97,False
DIOS.ST,trailingBasicEPS,2025-03-31,4.19,SEK,7.97,False
DIOS.ST,trailingBasicEPS,2025-06-30,3.42,SEK,7.97,False
DIOS.ST,trailingBasicEPS,2025-12-31,5.7,SEK,7.97,False
DIOS.ST,trailingBasicEPS,2026-03-31,6.33,SEK,7.97,False
DIOS.ST,trailingBasicEPS,2026-06-30,7.97,SEK,7.97,True
DIOS.ST,trailingDilutedEPS,2023-09-30,-1.95,SEK,7.97,False
DIOS.ST,trailingDilutedEPS,2023-12-31,-6.01,SEK,7.97,False
DIOS.ST,trailingDilutedEPS,2024-03-31,-1.82,SEK,7.97,False
DIOS.ST,trailingDilutedEPS,2024-06-30,-1.57,SEK,7.97,False
DIOS.ST,trailingDilutedEPS,2024-09-30,-2.28,SEK,7.97,False
DIOS.ST,trailingDilutedEPS,2025-03-31,4.19,SEK,7.97,False
DIOS.ST,trailingDilutedEPS,2025-06-30,3.42,SEK,7.97,False
DIOS.ST,trailingDilutedEPS,2025-12-31,5.7,SEK,7.97,False
DIOS.ST,trailingDilutedEPS,2026-03-31,6.33,SEK,7.97,False
DIOS.ST,trailingDilutedEPS,2026-06-30,7.97,SEK,7.97,True
DOM.ST,trailingBasicEPS,2023-09-30,4.09,SEK,0.96,False
DOM.ST,trailingBasicEPS,2023-12-31,4.17,SEK,0.96,False
DOM.ST,trailingBasicEPS,2024-03-31,3.98,SEK,0.96,False
DOM.ST,trailingBasicEPS,2024-06-30,3.69,SEK,0.96,False
DOM.ST,trailingBasicEPS,2024-09-30,-3.61,SEK,0.96,False
DOM.ST,trailingBasicEPS,2024-12-31,-7.21,SEK,0.96,False
DOM.ST,trailingBasicEPS,2025-03-31,-7.49,SEK,0.96,False
DOM.ST,trailingBasicEPS,2025-06-30,-7.79,SEK,0.96,False
DOM.ST,trailingBasicEPS,2025-12-31,1.34,SEK,0.96,False
DOM.ST,trailingBasicEPS,2026-03-31,1.3,SEK,0.96,False
DOM.ST,trailingBasicEPS,2026-06-30,0.96,SEK,0.96,True
DOM.ST,trailingDilutedEPS,2023-09-30,4.09,SEK,0.96,False
DOM.ST,trailingDilutedEPS,2023-12-31,4.17,SEK,0.96,False
DOM.ST,trailingDilutedEPS,2024-03-31,3.98,SEK,0.96,False
DOM.ST,trailingDilutedEPS,2024-06-30,3.69,SEK,0.96,False
DOM.ST,trailingDilutedEPS,2024-09-30,-3.61,SEK,0.96,False
DOM.ST,trailingDilutedEPS,2024-12-31,-7.21,SEK,0.96,False
DOM.ST,trailingDilutedEPS,2025-03-31,-7.49,SEK,0.96,False
DOM.ST,trailingDilutedEPS,2025-06-30,-7.79,SEK,0.96,False
DOM.ST,trailingDilutedEPS,2025-12-31,1.34,SEK,0.96,False
DOM.ST,trailingDilutedEPS,2026-03-31,1.3,SEK,0.96,False
DOM.ST,trailingDilutedEPS,2026-06-30,0.96,SEK,0.96,True
DUNI.ST,trailingBasicEPS,2023-09-30,7.93,SEK,4.33,False
DUNI.ST,trailingBasicEPS,2023-12-31,8.3,SEK,4.33,False
DUNI.ST,trailingBasicEPS,2024-03-31,8.31,SEK,4.33,False
DUNI.ST,trailingBasicEPS,2024-06-30,7.82,SEK,4.33,False
DUNI.ST,trailingBasicEPS,2024-09-30,4.99,SEK,4.33,False
DUNI.ST,trailingBasicEPS,2024-12-31,5.48,SEK,4.33,False
DUNI.ST,trailingBasicEPS,2025-03-31,5.17,SEK,4.33,False
DUNI.ST,trailingBasicEPS,2025-06-30,4.7,SEK,4.33,False
DUNI.ST,trailingBasicEPS,2025-12-31,6.64,SEK,4.33,False
DUNI.ST,trailingBasicEPS,2026-03-31,6.02,SEK,4.33,False
DUNI.ST,trailingBasicEPS,2026-06-30,4.33,SEK,4.33,True
DUNI.ST,trailingDilutedEPS,2023-09-30,7.93,SEK,4.33,False
DUNI.ST,trailingDilutedEPS,2023-12-31,8.3,SEK,4.33,False
DUNI.ST,trailingDilutedEPS,2024-03-31,8.31,SEK,4.33,False
DUNI.ST,trailingDilutedEPS,2024-06-30,7.82,SEK,4.33,False
DUNI.ST,trailingDilutedEPS,2024-09-30,4.99,SEK,4.33,False
DUNI.ST,trailingDilutedEPS,2024-12-31,5.48,SEK,4.33,False
DUNI.ST,trailingDilutedEPS,2025-03-31,5.17,SEK,4.33,False
DUNI.ST,trailingDilutedEPS,2025-06-30,4.7,SEK,4.33,False
DUNI.ST,trailingDilutedEPS,2025-12-31,6.64,SEK,4.33,False
DUNI.ST,trailingDilutedEPS,2026-03-31,6.02,SEK,4.33,False
DUNI.ST,trailingDilutedEPS,2026-06-30,4.33,SEK,4.33,True
DYVOX.ST,trailingBasicEPS,2023-09-30,0.72,SEK,2.12,False
DYVOX.ST,trailingBasicEPS,2024-03-31,1.02,SEK,2.12,False
DYVOX.ST,trailingBasicEPS,2024-06-30,1.2,SEK,2.12,False
DYVOX.ST,trailingBasicEPS,2024-09-30,1.31,SEK,2.12,False
DYVOX.ST,trailingBasicEPS,2024-12-31,1.39,SEK,2.12,False
DYVOX.ST,trailingBasicEPS,2025-03-31,1.52,SEK,2.12,False
DYVOX.ST,trailingBasicEPS,2025-06-30,1.45,SEK,2.12,False
DYVOX.ST,trailingBasicEPS,2025-12-31,1.57,SEK,2.12,False
DYVOX.ST,trailingBasicEPS,2026-03-31,1.7,SEK,2.12,False
DYVOX.ST,trailingBasicEPS,2026-06-30,2.13,SEK,2.12,True
DYVOX.ST,trailingDilutedEPS,2023-09-30,0.71,SEK,2.12,False
DYVOX.ST,trailingDilutedEPS,2024-03-31,1.01,SEK,2.12,False
DYVOX.ST,trailingDilutedEPS,2024-06-30,1.19,SEK,2.12,False
DYVOX.ST,trailingDilutedEPS,2024-09-30,1.3,SEK,2.12,False
DYVOX.ST,trailingDilutedEPS,2024-12-31,1.37,SEK,2.12,False
DYVOX.ST,trailingDilutedEPS,2025-03-31,1.49,SEK,2.12,False
DYVOX.ST,trailingDilutedEPS,2025-06-30,1.42,SEK,2.12,False
DYVOX.ST,trailingDilutedEPS,2025-12-31,1.56,SEK,2.12,False
DYVOX.ST,trailingDilutedEPS,2026-03-31,1.69,SEK,2.12,False
DYVOX.ST,trailingDilutedEPS,2026-06-30,2.12,SEK,2.12,True
EAST.ST,trailingBasicEPS,2023-09-30,-3.26,EUR,3.09,False
EAST.ST,trailingBasicEPS,2023-12-31,-3.24,EUR,3.09,False
EAST.ST,trailingBasicEPS,2024-03-31,-0.62,EUR,3.09,False
EAST.ST,trailingBasicEPS,2024-06-30,-0.23,EUR,3.09,False
EAST.ST,trailingBasicEPS,2024-09-30,0.07,EUR,3.09,False
EAST.ST,trailingBasicEPS,2024-12-31,0.07,EUR,3.09,False
EAST.ST,trailingBasicEPS,2025-03-31,0.24,EUR,3.09,False
EAST.ST,trailingBasicEPS,2025-06-30,0.29,EUR,3.09,False
EAST.ST,trailingBasicEPS,2025-12-31,0.43,EUR,3.09,False
EAST.ST,trailingBasicEPS,2026-03-31,0.28,EUR,3.09,False
EAST.ST,trailingBasicEPS,2026-06-30,0.28,EUR,3.09,True
EAST.ST,trailingDilutedEPS,2023-09-30,-3.27,EUR,3.09,False
EAST.ST,trailingDilutedEPS,2023-12-31,-3.24,EUR,3.09,False
EAST.ST,trailingDilutedEPS,2024-03-31,-0.62,EUR,3.09,False
EAST.ST,trailingDilutedEPS,2024-06-30,-0.23,EUR,3.09,False
EAST.ST,trailingDilutedEPS,2024-09-30,0.07,EUR,3.09,False
EAST.ST,trailingDilutedEPS,2024-12-31,0.07,EUR,3.09,False
EAST.ST,trailingDilutedEPS,2025-03-31,0.24,EUR,3.09,False
EAST.ST,trailingDilutedEPS,2025-06-30,0.29,EUR,3.09,False
EAST.ST,trailingDilutedEPS,2025-12-31,0.43,EUR,3.09,False
EAST.ST,trailingDilutedEPS,2026-03-31,0.28,EUR,3.09,False
EAST.ST,trailingDilutedEPS,2026-06-30,0.28,EUR,3.09,True
EKTA-B.ST,trailingBasicEPS,2023-10-31,3.52,SEK,-1.36,False
EKTA-B.ST,trailingBasicEPS,2024-01-31,3.75,SEK,-1.36,False
EKTA-B.ST,trailingBasicEPS,2024-04-30,3.41,SEK,-1.36,False
EKTA-B.ST,trailingBasicEPS,2024-07-31,2.97,SEK,-1.36,False
EKTA-B.ST,trailingBasicEPS,2024-10-31,2.63,SEK,-1.36,False
EKTA-B.ST,trailingBasicEPS,2025-01-31,2.72,SEK,-1.36,False
EKTA-B.ST,trailingBasicEPS,2025-07-31,0.72,SEK,-1.36,False
EKTA-B.ST,trailingBasicEPS,2025-10-31,0.76,SEK,-1.36,False
EKTA-B.ST,trailingBasicEPS,2026-01-31,-0.1,SEK,-1.36,False
EKTA-B.ST,trailingBasicEPS,2026-04-30,-1.36,SEK,-1.36,True
EKTA-B.ST,trailingDilutedEPS,2023-10-31,3.52,SEK,-1.36,False
EKTA-B.ST,trailingDilutedEPS,2024-01-31,3.75,SEK,-1.36,False
EKTA-B.ST,trailingDilutedEPS,2024-04-30,3.41,SEK,-1.36,False
EKTA-B.ST,trailingDilutedEPS,2024-07-31,2.97,SEK,-1.36,False
EKTA-B.ST,trailingDilutedEPS,2024-10-31,2.63,SEK,-1.36,False
EKTA-B.ST,trailingDilutedEPS,2025-01-31,2.72,SEK,-1.36,False
EKTA-B.ST,trailingDilutedEPS,2025-07-31,0.72,SEK,-1.36,False
EKTA-B.ST,trailingDilutedEPS,2025-10-31,0.76,SEK,-1.36,False
EKTA-B.ST,trailingDilutedEPS,2026-01-31,-0.1,SEK,-1.36,False
EKTA-B.ST,trailingDilutedEPS,2026-04-30,-1.36,SEK,-1.36,True
EMBRAC-B.ST,trailingBasicEPS,2023-09-30,3.52,SEK,-30.57,False
EMBRAC-B.ST,trailingBasicEPS,2023-12-31,0.63,SEK,-30.57,False
EMBRAC-B.ST,trailingBasicEPS,2024-03-31,-15.28,SEK,-30.57,False
EMBRAC-B.ST,trailingBasicEPS,2024-06-30,-19.07,SEK,-30.57,False
EMBRAC-B.ST,trailingBasicEPS,2024-09-30,-18.82,SEK,-30.57,False
EMBRAC-B.ST,trailingBasicEPS,2024-12-31,-91.8,SEK,-30.57,False
EMBRAC-B.ST,trailingBasicEPS,2025-06-30,37.67,SEK,-30.57,False
EMBRAC-B.ST,trailingBasicEPS,2025-09-30,38.06,SEK,-30.57,False
EMBRAC-B.ST,trailingBasicEPS,2025-12-31,41.34,SEK,-30.57,False
EMBRAC-B.ST,trailingBasicEPS,2026-03-31,-27.67,SEK,-30.57,True
EMBRAC-B.ST,trailingDilutedEPS,2023-09-30,3.49,SEK,-30.57,False
EMBRAC-B.ST,trailingDilutedEPS,2023-12-31,0.61,SEK,-30.57,False
EMBRAC-B.ST,trailingDilutedEPS,2024-03-31,-15.28,SEK,-30.57,False
EMBRAC-B.ST,trailingDilutedEPS,2024-06-30,-19.07,SEK,-30.57,False
EMBRAC-B.ST,trailingDilutedEPS,2024-09-30,-18.82,SEK,-30.57,False
EMBRAC-B.ST,trailingDilutedEPS,2024-12-31,-91.8,SEK,-30.57,False
EMBRAC-B.ST,trailingDilutedEPS,2025-06-30,37.66,SEK,-30.57,False
EMBRAC-B.ST,trailingDilutedEPS,2025-09-30,38.05,SEK,-30.57,False
EMBRAC-B.ST,trailingDilutedEPS,2025-12-31,41.33,SEK,-30.57,False
EMBRAC-B.ST,trailingDilutedEPS,2026-03-31,-27.67,SEK,-30.57,True
EPI-A.ST,trailingBasicEPS,2023-09-30,7.92,SEK,7.3,False
EPI-A.ST,trailingBasicEPS,2024-03-31,7.58,SEK,7.3,False
EPI-A.ST,trailingBasicEPS,2024-06-30,7.08,SEK,7.3,False
EPI-A.ST,trailingBasicEPS,2024-09-30,7.15,SEK,7.3,False
EPI-A.ST,trailingBasicEPS,2024-12-31,7.23,SEK,7.3,False
EPI-A.ST,trailingBasicEPS,2025-03-31,7.39,SEK,7.3,False
EPI-A.ST,trailingBasicEPS,2025-06-30,7.44,SEK,7.3,False
EPI-A.ST,trailingBasicEPS,2025-12-31,7.12,SEK,7.3,False
EPI-A.ST,trailingBasicEPS,2026-03-31,7.04,SEK,7.3,False
EPI-A.ST,trailingBasicEPS,2026-06-30,7.31,SEK,7.3,True
EPI-A.ST,trailingDilutedEPS,2023-09-30,7.92,SEK,7.3,False
EPI-A.ST,trailingDilutedEPS,2024-03-31,7.57,SEK,7.3,False
EPI-A.ST,trailingDilutedEPS,2024-06-30,7.07,SEK,7.3,False
EPI-A.ST,trailingDilutedEPS,2024-09-30,7.14,SEK,7.3,False
EPI-A.ST,trailingDilutedEPS,2024-12-31,7.23,SEK,7.3,False
EPI-A.ST,trailingDilutedEPS,2025-03-31,7.39,SEK,7.3,False
EPI-A.ST,trailingDilutedEPS,2025-06-30,7.44,SEK,7.3,False
EPI-A.ST,trailingDilutedEPS,2025-12-31,7.12,SEK,7.3,False
EPI-A.ST,trailingDilutedEPS,2026-03-31,7.04,SEK,7.3,False
EPI-A.ST,trailingDilutedEPS,2026-06-30,7.31,SEK,7.3,True
EPI-B.ST,trailingBasicEPS,2023-09-30,7.92,SEK,7.3,False
EPI-B.ST,trailingBasicEPS,2023-12-31,7.82,SEK,7.3,False
EPI-B.ST,trailingBasicEPS,2024-03-31,7.58,SEK,7.3,False
EPI-B.ST,trailingBasicEPS,2024-06-30,7.08,SEK,7.3,False
EPI-B.ST,trailingBasicEPS,2024-09-30,7.15,SEK,7.3,False
EPI-B.ST,trailingBasicEPS,2024-12-31,7.23,SEK,7.3,False
EPI-B.ST,trailingBasicEPS,2025-03-31,7.39,SEK,7.3,False
EPI-B.ST,trailingBasicEPS,2025-06-30,7.44,SEK,7.3,False
EPI-B.ST,trailingBasicEPS,2025-12-31,7.12,SEK,7.3,False
EPI-B.ST,trailingBasicEPS,2026-03-31,7.04,SEK,7.3,False
EPI-B.ST,trailingBasicEPS,2026-06-30,7.31,SEK,7.3,True
EPI-B.ST,trailingDilutedEPS,2023-09-30,7.92,SEK,7.3,False
EPI-B.ST,trailingDilutedEPS,2023-12-31,7.81,SEK,7.3,False
EPI-B.ST,trailingDilutedEPS,2024-03-31,7.57,SEK,7.3,False
EPI-B.ST,trailingDilutedEPS,2024-06-30,7.07,SEK,7.3,False
EPI-B.ST,trailingDilutedEPS,2024-09-30,7.14,SEK,7.3,False
EPI-B.ST,trailingDilutedEPS,2024-12-31,7.23,SEK,7.3,False
EPI-B.ST,trailingDilutedEPS,2025-03-31,7.39,SEK,7.3,False
EPI-B.ST,trailingDilutedEPS,2025-06-30,7.44,SEK,7.3,False
EPI-B.ST,trailingDilutedEPS,2025-12-31,7.12,SEK,7.3,False
EPI-B.ST,trailingDilutedEPS,2026-03-31,7.04,SEK,7.3,False
EPI-B.ST,trailingDilutedEPS,2026-06-30,7.31,SEK,7.3,True
EQL.ST,trailingBasicEPS,2024-03-31,0.78,SEK,-0.49,False
EQL.ST,trailingBasicEPS,2024-06-30,0.91,SEK,-0.49,False
EQL.ST,trailingBasicEPS,2024-09-30,1.07,SEK,-0.49,False
EQL.ST,trailingBasicEPS,2024-12-31,1.19,SEK,-0.49,False
EQL.ST,trailingBasicEPS,2025-03-31,1.48,SEK,-0.49,False
EQL.ST,trailingBasicEPS,2025-06-30,1.46,SEK,-0.49,False
EQL.ST,trailingBasicEPS,2025-12-31,1.0,SEK,-0.49,False
EQL.ST,trailingBasicEPS,2026-03-31,0.42,SEK,-0.49,False
EQL.ST,trailingBasicEPS,2026-06-30,-0.49,SEK,-0.49,True
EQL.ST,trailingDilutedEPS,2024-03-31,0.76,SEK,-0.49,False
EQL.ST,trailingDilutedEPS,2024-06-30,0.89,SEK,-0.49,False
EQL.ST,trailingDilutedEPS,2024-09-30,1.06,SEK,-0.49,False
EQL.ST,trailingDilutedEPS,2024-12-31,1.16,SEK,-0.49,False
EQL.ST,trailingDilutedEPS,2025-03-31,1.44,SEK,-0.49,False
EQL.ST,trailingDilutedEPS,2025-06-30,1.41,SEK,-0.49,False
EQL.ST,trailingDilutedEPS,2025-12-31,0.98,SEK,-0.49,False
EQL.ST,trailingDilutedEPS,2026-03-31,0.42,SEK,-0.49,False
EQL.ST,trailingDilutedEPS,2026-06-30,-0.49,SEK,-0.49,True
EQT.ST,trailingBasicEPS,2023-06-30,-0.055,EUR,9.82,False
EQT.ST,trailingBasicEPS,2023-12-31,0.11,EUR,9.82,False
EQT.ST,trailingBasicEPS,2024-12-31,0.656,EUR,9.82,False
EQT.ST,trailingBasicEPS,2025-06-30,0.711,EUR,9.82,False
EQT.ST,trailingBasicEPS,2025-12-31,0.619,EUR,9.82,True
EQT.ST,trailingDilutedEPS,2023-06-30,-0.055,EUR,9.82,False
EQT.ST,trailingDilutedEPS,2023-12-31,0.109,EUR,9.82,False
EQT.ST,trailingDilutedEPS,2024-12-31,0.656,EUR,9.82,False
EQT.ST,trailingDilutedEPS,2025-06-30,0.711,EUR,9.82,False
EQT.ST,trailingDilutedEPS,2025-12-31,0.618,EUR,9.82,True
ERIC-B.ST,trailingBasicEPS,2023-09-30,-7.14,SEK,7.38,False
ERIC-B.ST,trailingBasicEPS,2023-12-31,-7.94,SEK,7.38,False
ERIC-B.ST,trailingBasicEPS,2024-03-31,-7.63,SEK,7.38,False
ERIC-B.ST,trailingBasicEPS,2024-06-30,-10.76,SEK,7.38,False
ERIC-B.ST,trailingBasicEPS,2024-09-30,-0.41,SEK,7.38,False
ERIC-B.ST,trailingBasicEPS,2024-12-31,0.01,SEK,7.38,False
ERIC-B.ST,trailingBasicEPS,2025-03-31,0.49,SEK,7.38,False
ERIC-B.ST,trailingBasicEPS,2025-06-30,5.2,SEK,7.38,False
ERIC-B.ST,trailingBasicEPS,2025-12-31,8.53,SEK,7.38,False
ERIC-B.ST,trailingBasicEPS,2026-03-31,7.55,SEK,7.38,False
ERIC-B.ST,trailingBasicEPS,2026-06-30,7.39,SEK,7.38,True
ERIC-B.ST,trailingDilutedEPS,2023-09-30,-7.14,SEK,7.38,False
ERIC-B.ST,trailingDilutedEPS,2023-12-31,-7.94,SEK,7.38,False
ERIC-B.ST,trailingDilutedEPS,2024-03-31,-7.63,SEK,7.38,False
ERIC-B.ST,trailingDilutedEPS,2024-06-30,-10.76,SEK,7.38,False
ERIC-B.ST,trailingDilutedEPS,2024-09-30,-0.41,SEK,7.38,False
ERIC-B.ST,trailingDilutedEPS,2024-12-31,0.01,SEK,7.38,False
ERIC-B.ST,trailingDilutedEPS,2025-03-31,0.48,SEK,7.38,False
ERIC-B.ST,trailingDilutedEPS,2025-06-30,5.19,SEK,7.38,False
ERIC-B.ST,trailingDilutedEPS,2025-12-31,8.51,SEK,7.38,False
ERIC-B.ST,trailingDilutedEPS,2026-03-31,7.54,SEK,7.38,False
ERIC-B.ST,trailingDilutedEPS,2026-06-30,7.38,SEK,7.38,True
ESSITY-B.ST,trailingBasicEPS,2023-09-30,12.73,SEK,17.73,False
ESSITY-B.ST,trailingBasicEPS,2023-12-31,13.6,SEK,17.73,False
ESSITY-B.ST,trailingBasicEPS,2024-03-31,26.02,SEK,17.73,False
ESSITY-B.ST,trailingBasicEPS,2024-06-30,27.21,SEK,17.73,False
ESSITY-B.ST,trailingBasicEPS,2024-09-30,29.7,SEK,17.73,False
ESSITY-B.ST,trailingBasicEPS,2024-12-31,29.83,SEK,17.73,False
ESSITY-B.ST,trailingBasicEPS,2025-03-31,18.05,SEK,17.73,False
ESSITY-B.ST,trailingBasicEPS,2025-06-30,17.72,SEK,17.73,False
ESSITY-B.ST,trailingBasicEPS,2025-12-31,18.37,SEK,17.73,False
ESSITY-B.ST,trailingBasicEPS,2026-03-31,18.17,SEK,17.73,False
ESSITY-B.ST,trailingBasicEPS,2026-06-30,17.73,SEK,17.73,True
ESSITY-B.ST,trailingDilutedEPS,2023-09-30,12.73,SEK,17.73,False
ESSITY-B.ST,trailingDilutedEPS,2023-12-31,13.6,SEK,17.73,False
ESSITY-B.ST,trailingDilutedEPS,2024-03-31,26.02,SEK,17.73,False
ESSITY-B.ST,trailingDilutedEPS,2024-06-30,27.21,SEK,17.73,False
ESSITY-B.ST,trailingDilutedEPS,2024-09-30,29.7,SEK,17.73,False
ESSITY-B.ST,trailingDilutedEPS,2024-12-31,29.83,SEK,17.73,False
ESSITY-B.ST,trailingDilutedEPS,2025-03-31,18.05,SEK,17.73,False
ESSITY-B.ST,trailingDilutedEPS,2025-06-30,17.72,SEK,17.73,False
ESSITY-B.ST,trailingDilutedEPS,2025-12-31,18.37,SEK,17.73,False
ESSITY-B.ST,trailingDilutedEPS,2026-03-31,18.17,SEK,17.73,False
ESSITY-B.ST,trailingDilutedEPS,2026-06-30,17.73,SEK,17.73,True
EVO.ST,trailingBasicEPS,2023-09-30,4.73,EUR,58.55,False
EVO.ST,trailingBasicEPS,2024-03-31,5.1,EUR,58.55,False
EVO.ST,trailingBasicEPS,2024-06-30,5.15,EUR,58.55,False
EVO.ST,trailingBasicEPS,2024-09-30,5.44,EUR,58.55,False
EVO.ST,trailingBasicEPS,2024-12-31,5.94,EUR,58.55,False
EVO.ST,trailingBasicEPS,2025-06-30,5.85,EUR,58.55,False
EVO.ST,trailingBasicEPS,2025-12-31,5.24,EUR,58.55,False
EVO.ST,trailingBasicEPS,2026-03-31,5.26,EUR,58.55,False
EVO.ST,trailingBasicEPS,2026-06-30,5.32,EUR,58.55,True
EVO.ST,trailingDilutedEPS,2023-09-30,4.65,EUR,58.55,False
EVO.ST,trailingDilutedEPS,2024-03-31,5.04,EUR,58.55,False
EVO.ST,trailingDilutedEPS,2024-06-30,5.1,EUR,58.55,False
EVO.ST,trailingDilutedEPS,2024-09-30,5.4,EUR,58.55,False
EVO.ST,trailingDilutedEPS,2024-12-31,5.91,EUR,58.55,False
EVO.ST,trailingDilutedEPS,2025-06-30,5.84,EUR,58.55,False
EVO.ST,trailingDilutedEPS,2025-12-31,5.23,EUR,58.55,False
EVO.ST,trailingDilutedEPS,2026-03-31,5.25,EUR,58.55,False
EVO.ST,trailingDilutedEPS,2026-06-30,5.31,EUR,58.55,True
FABG.ST,trailingBasicEPS,2023-09-30,-19.77,SEK,1.37,False
FABG.ST,trailingBasicEPS,2024-03-31,-14.72,SEK,1.37,False
FABG.ST,trailingBasicEPS,2024-06-30,-11.65,SEK,1.37,False
FABG.ST,trailingBasicEPS,2024-09-30,-8.45,SEK,1.37,False
FABG.ST,trailingBasicEPS,2024-12-31,-0.68,SEK,1.37,False
FABG.ST,trailingBasicEPS,2025-03-31,1.06,SEK,1.37,False
FABG.ST,trailingBasicEPS,2025-06-30,0.64,SEK,1.37,False
FABG.ST,trailingBasicEPS,2025-12-31,-1.11,SEK,1.37,False
FABG.ST,trailingBasicEPS,2026-03-31,-0.23,SEK,1.37,False
FABG.ST,trailingBasicEPS,2026-06-30,1.37,SEK,1.37,True
FABG.ST,trailingDilutedEPS,2023-09-30,-19.77,SEK,1.37,False
FABG.ST,trailingDilutedEPS,2024-03-31,-14.72,SEK,1.37,False
FABG.ST,trailingDilutedEPS,2024-06-30,-11.65,SEK,1.37,False
FABG.ST,trailingDilutedEPS,2024-09-30,-8.45,SEK,1.37,False
FABG.ST,trailingDilutedEPS,2024-12-31,-0.68,SEK,1.37,False
FABG.ST,trailingDilutedEPS,2025-03-31,1.06,SEK,1.37,False
FABG.ST,trailingDilutedEPS,2025-06-30,0.64,SEK,1.37,False
FABG.ST,trailingDilutedEPS,2025-12-31,-1.11,SEK,1.37,False
FABG.ST,trailingDilutedEPS,2026-03-31,-0.23,SEK,1.37,False
FABG.ST,trailingDilutedEPS,2026-06-30,1.37,SEK,1.37,True
