ticker,gap_type,previous_period_end,next_period_end,gap_days,estimated_missing_quarters,detail
AAK.ST,internal_missing_yahoo_period,2025-06-30,2025-12-31,184,1,Yahoo diluted TTM har en lucka mellan två observerade perioder.
ABB.ST,internal_missing_yahoo_period,2025-06-30,2025-12-31,184,1,Yahoo diluted TTM har en lucka mellan två observerade perioder.
ADDT-B.ST,internal_missing_yahoo_period,2025-06-30,2025-12-31,184,1,Yahoo diluted TTM har en lucka mellan två observerade perioder.
ALIG.ST,internal_missing_yahoo_period,2025-06-30,2025-12-31,184,1,Yahoo diluted TTM har en lucka mellan två observerade perioder.
ALIV-SDB.ST,internal_missing_yahoo_period,2025-06-30,2025-12-31,184,1,Yahoo diluted TTM har en lucka mellan två observerade perioder.
ALLEI.ST,internal_missing_yahoo_period,2023-09-30,2024-03-31,183,1,Yahoo diluted TTM har en lucka mellan två observerade perioder.
ALLEI.ST,internal_missing_yahoo_period,2025-06-30,2025-12-31,184,1,Yahoo diluted TTM har en lucka mellan två observerade perioder.
ANOD-B.ST,internal_missing_yahoo_period,2024-09-30,2025-03-31,182,1,Yahoo diluted TTM har en lucka mellan två observerade perioder.
ANOD-B.ST,internal_missing_yahoo_period,2025-06-30,2025-12-31,184,1,Yahoo diluted TTM har en lucka mellan två observerade perioder.
ARJO-B.ST,internal_missing_yahoo_period,2023-09-30,2024-03-31,183,1,Yahoo diluted TTM har en lucka mellan två observerade perioder.
ARJO-B.ST,internal_missing_yahoo_period,2024-09-30,2025-03-31,182,1,Yahoo diluted TTM har en lucka mellan två observerade perioder.
ARJO-B.ST,internal_missing_yahoo_period,2025-06-30,2025-12-31,184,1,Yahoo diluted TTM har en lucka mellan två observerade perioder.
ASSA-B.ST,internal_missing_yahoo_period,2025-06-30,2025-12-31,184,1,Yahoo diluted TTM har en lucka mellan två observerade perioder.
ATCO-A.ST,internal_missing_yahoo_period,2023-09-30,2024-03-31,183,1,Yahoo diluted TTM har en lucka mellan två observerade perioder.
ATCO-A.ST,internal_missing_yahoo_period,2025-06-30,2025-12-31,184,1,Yahoo diluted TTM har en lucka mellan två observerade perioder.
ATCO-B.ST,internal_missing_yahoo_period,2025-06-30,2025-12-31,184,1,Yahoo diluted TTM har en lucka mellan två observerade perioder.
ATRLJ-B.ST,internal_missing_yahoo_period,2025-06-30,2025-12-31,184,1,Yahoo diluted TTM har en lucka mellan två observerade perioder.
ATT.ST,internal_missing_yahoo_period,2025-06-30,2025-12-31,184,1,Yahoo diluted TTM har en lucka mellan två observerade perioder.
AXFO.ST,internal_missing_yahoo_period,2023-09-30,2024-03-31,183,1,Yahoo diluted TTM har en lucka mellan två observerade perioder.
AXFO.ST,internal_missing_yahoo_period,2025-06-30,2025-12-31,184,1,Yahoo diluted TTM har en lucka mellan två observerade perioder.
AZA.ST,internal_missing_yahoo_period,2025-06-30,2025-12-31,184,1,Yahoo diluted TTM har en lucka mellan två observerade perioder.
AZN.ST,internal_missing_yahoo_period,2023-09-30,2024-03-31,183,1,Yahoo diluted TTM har en lucka mellan två observerade perioder.
AZN.ST,internal_missing_yahoo_period,2024-09-30,2025-03-31,182,1,Yahoo diluted TTM har en lucka mellan två observerade perioder.
AZN.ST,internal_missing_yahoo_period,2025-06-30,2025-12-31,184,1,Yahoo diluted TTM har en lucka mellan två observerade perioder.
BALD-B.ST,internal_missing_yahoo_period,2025-06-30,2025-12-31,184,1,Yahoo diluted TTM har en lucka mellan två observerade perioder.
BEIA-B.ST,internal_missing_yahoo_period,2025-06-30,2025-12-31,184,1,Yahoo diluted TTM har en lucka mellan två observerade perioder.
BEIJ-B.ST,internal_missing_yahoo_period,2025-06-30,2025-12-31,184,1,Yahoo diluted TTM har en lucka mellan två observerade perioder.
BERG-B.ST,internal_missing_yahoo_period,2025-06-30,2025-12-31,184,1,Yahoo diluted TTM har en lucka mellan två observerade perioder.
BETS-B.ST,internal_missing_yahoo_period,2025-06-30,2025-12-31,184,1,Yahoo diluted TTM har en lucka mellan två observerade perioder.
BILI-A.ST,internal_missing_yahoo_period,2025-06-30,2025-12-31,184,1,Yahoo diluted TTM har en lucka mellan två observerade perioder.
BIOG-B.ST,internal_missing_yahoo_period,2025-06-30,2025-12-31,184,1,Yahoo diluted TTM har en lucka mellan två observerade perioder.
BOL.ST,internal_missing_yahoo_period,2025-06-30,2025-12-31,184,1,Yahoo diluted TTM har en lucka mellan två observerade perioder.
BRAV.ST,internal_missing_yahoo_period,2025-06-30,2025-12-31,184,1,Yahoo diluted TTM har en lucka mellan två observerade perioder.
CAST.ST,internal_missing_yahoo_period,2025-06-30,2025-12-31,184,1,Yahoo diluted TTM har en lucka mellan två observerade perioder.
CATE.ST,internal_missing_yahoo_period,2023-09-30,2024-03-31,183,1,Yahoo diluted TTM har en lucka mellan två observerade perioder.
CATE.ST,internal_missing_yahoo_period,2025-06-30,2025-12-31,184,1,Yahoo diluted TTM har en lucka mellan två observerade perioder.
CIBUS.ST,leading_missing_report_date,,2023-09-30,,,Första Yahoo-perioden saknar säkert rapportdatum.
CIBUS.ST,internal_missing_yahoo_period,2023-09-30,2024-03-31,183,1,Yahoo diluted TTM har en lucka mellan två observerade perioder.
CIBUS.ST,internal_missing_yahoo_period,2025-06-30,2025-12-31,184,1,Yahoo diluted TTM har en lucka mellan två observerade perioder.
CIBUS.ST,leading_missing_report_date,2023-09-30,,,,EPS-värdet finns hos Yahoo men kan inte aktiveras historiskt utan säkert rapportdatum.
CLA-B.ST,internal_missing_yahoo_period,2025-06-30,2025-12-31,184,1,Yahoo diluted TTM har en lucka mellan två observerade perioder.
CLAS-B.ST,leading_missing_report_date,,2023-10-31,,,Första Yahoo-perioden saknar säkert rapportdatum.
CLAS-B.ST,leading_missing_report_date,2023-10-31,,,,EPS-värdet finns hos Yahoo men kan inte aktiveras historiskt utan säkert rapportdatum.
CLAS-B.ST,internal_missing_report_date,2024-01-31,,,,EPS-värdet finns hos Yahoo men kan inte aktiveras historiskt utan säkert rapportdatum.
CLAS-B.ST,internal_missing_report_date,2024-04-30,,,,EPS-värdet finns hos Yahoo men kan inte aktiveras historiskt utan säkert rapportdatum.
COOR.ST,internal_missing_yahoo_period,2025-06-30,2025-12-31,184,1,Yahoo diluted TTM har en lucka mellan två observerade perioder.
CTT.ST,internal_missing_yahoo_period,2023-09-30,2024-03-31,183,1,Yahoo diluted TTM har en lucka mellan två observerade perioder.
CTT.ST,internal_missing_yahoo_period,2025-06-30,2025-12-31,184,1,Yahoo diluted TTM har en lucka mellan två observerade perioder.
DIOS.ST,internal_missing_yahoo_period,2024-09-30,2025-03-31,182,1,Yahoo diluted TTM har en lucka mellan två observerade perioder.
DIOS.ST,internal_missing_yahoo_period,2025-06-30,2025-12-31,184,1,Yahoo diluted TTM har en lucka mellan två observerade perioder.
DOM.ST,internal_missing_yahoo_period,2025-06-30,2025-12-31,184,1,Yahoo diluted TTM har en lucka mellan två observerade perioder.
DUNI.ST,internal_missing_yahoo_period,2022-09-30,2023-09-30,365,3,Yahoo diluted TTM har en lucka mellan två observerade perioder.
DUNI.ST,internal_missing_yahoo_period,2025-06-30,2025-12-31,184,1,Yahoo diluted TTM har en lucka mellan två observerade perioder.
DYVOX.ST,internal_missing_yahoo_period,2023-09-30,2024-03-31,183,1,Yahoo diluted TTM har en lucka mellan två observerade perioder.
DYVOX.ST,internal_missing_yahoo_period,2025-06-30,2025-12-31,184,1,Yahoo diluted TTM har en lucka mellan två observerade perioder.
EAST.ST,leading_missing_report_date,,2023-09-30,,,Första Yahoo-perioden saknar säkert rapportdatum.
EAST.ST,internal_missing_yahoo_period,2025-06-30,2025-12-31,184,1,Yahoo diluted TTM har en lucka mellan två observerade perioder.
EAST.ST,leading_missing_report_date,2023-09-30,,,,EPS-värdet finns hos Yahoo men kan inte aktiveras historiskt utan säkert rapportdatum.
EAST.ST,internal_missing_report_date,2023-12-31,,,,EPS-värdet finns hos Yahoo men kan inte aktiveras historiskt utan säkert rapportdatum.
EKTA-B.ST,internal_missing_yahoo_period,2025-01-31,2025-07-31,181,1,Yahoo diluted TTM har en lucka mellan två observerade perioder.
EMBRAC-B.ST,internal_missing_yahoo_period,2024-12-31,2025-06-30,181,1,Yahoo diluted TTM har en lucka mellan två observerade perioder.
EPI-A.ST,internal_missing_yahoo_period,2023-09-30,2024-03-31,183,1,Yahoo diluted TTM har en lucka mellan två observerade perioder.
EPI-A.ST,internal_missing_yahoo_period,2025-06-30,2025-12-31,184,1,Yahoo diluted TTM har en lucka mellan två observerade perioder.
EPI-B.ST,internal_missing_yahoo_period,2025-06-30,2025-12-31,184,1,Yahoo diluted TTM har en lucka mellan två observerade perioder.
EQL.ST,internal_missing_yahoo_period,2025-06-30,2025-12-31,184,1,Yahoo diluted TTM har en lucka mellan två observerade perioder.
EQT.ST,internal_missing_yahoo_period,2023-06-30,2023-12-31,184,1,Yahoo diluted TTM har en lucka mellan två observerade perioder.
EQT.ST,internal_missing_yahoo_period,2023-12-31,2024-12-31,366,3,Yahoo diluted TTM har en lucka mellan två observerade perioder.
EQT.ST,internal_missing_yahoo_period,2024-12-31,2025-06-30,181,1,Yahoo diluted TTM har en lucka mellan två observerade perioder.
EQT.ST,internal_missing_yahoo_period,2025-06-30,2025-12-31,184,1,Yahoo diluted TTM har en lucka mellan två observerade perioder.
ERIC-B.ST,internal_missing_yahoo_period,2025-06-30,2025-12-31,184,1,Yahoo diluted TTM har en lucka mellan två observerade perioder.
ESSITY-B.ST,internal_missing_yahoo_period,2025-06-30,2025-12-31,184,1,Yahoo diluted TTM har en lucka mellan två observerade perioder.
EVO.ST,internal_missing_yahoo_period,2023-09-30,2024-03-31,183,1,Yahoo diluted TTM har en lucka mellan två observerade perioder.
EVO.ST,internal_missing_yahoo_period,2024-12-31,2025-06-30,181,1,Yahoo diluted TTM har en lucka mellan två observerade perioder.
EVO.ST,internal_missing_yahoo_period,2025-06-30,2025-12-31,184,1,Yahoo diluted TTM har en lucka mellan två observerade perioder.
FABG.ST,internal_missing_yahoo_period,2023-09-30,2024-03-31,183,1,Yahoo diluted TTM har en lucka mellan två observerade perioder.
FABG.ST,internal_missing_yahoo_period,2025-06-30,2025-12-31,184,1,Yahoo diluted TTM har en lucka mellan två observerade perioder.
FOI-B.ST,leading_missing_report_date,,2023-09-30,,,Första Yahoo-perioden saknar säkert rapportdatum.
FOI-B.ST,internal_missing_yahoo_period,2025-06-30,2025-12-31,184,1,Yahoo diluted TTM har en lucka mellan två observerade perioder.
FOI-B.ST,leading_missing_report_date,2023-09-30,,,,EPS-värdet finns hos Yahoo men kan inte aktiveras historiskt utan säkert rapportdatum.
FOI-B.ST,internal_missing_report_date,2023-12-31,,,,EPS-värdet finns hos Yahoo men kan inte aktiveras historiskt utan säkert rapportdatum.
GETI-B.ST,internal_missing_yahoo_period,2025-06-30,2025-12-31,184,1,Yahoo diluted TTM har en lucka mellan två observerade perioder.
HANZA.ST,internal_missing_yahoo_period,2025-06-30,2025-12-31,184,1,Yahoo diluted TTM har en lucka mellan två observerade perioder.
HEXA-B.ST,internal_missing_yahoo_period,2024-12-31,2025-06-30,181,1,Yahoo diluted TTM har en lucka mellan två observerade perioder.
HEXA-B.ST,internal_missing_yahoo_period,2025-06-30,2025-12-31,184,1,Yahoo diluted TTM har en lucka mellan två observerade perioder.
HMS.ST,internal_missing_yahoo_period,2023-09-30,2024-03-31,183,1,Yahoo diluted TTM har en lucka mellan två observerade perioder.
HMS.ST,internal_missing_yahoo_period,2025-06-30,2025-12-31,184,1,Yahoo diluted TTM har en lucka mellan två observerade perioder.
HOLM-A.ST,internal_missing_yahoo_period,2025-06-30,2025-12-31,184,1,Yahoo diluted TTM har en lucka mellan två observerade perioder.
HPOL-B.ST,internal_missing_yahoo_period,2023-09-30,2024-03-31,183,1,Yahoo diluted TTM har en lucka mellan två observerade perioder.
HPOL-B.ST,internal_missing_yahoo_period,2025-06-30,2025-12-31,184,1,Yahoo diluted TTM har en lucka mellan två observerade perioder.
HTRO.ST,internal_missing_yahoo_period,2025-06-30,2025-12-31,184,1,Yahoo diluted TTM har en lucka mellan två observerade perioder.
HUFV-A.ST,internal_missing_yahoo_period,2023-09-30,2024-03-31,183,1,Yahoo diluted TTM har en lucka mellan två observerade perioder.
HUFV-A.ST,internal_missing_yahoo_period,2025-06-30,2025-12-31,184,1,Yahoo diluted TTM har en lucka mellan två observerade perioder.
INDT.ST,internal_missing_yahoo_period,2025-06-30,2025-12-31,184,1,Yahoo diluted TTM har en lucka mellan två observerade perioder.
INDU-A.ST,internal_missing_yahoo_period,2022-12-31,2023-09-30,273,2,Yahoo diluted TTM har en lucka mellan två observerade perioder.
INDU-A.ST,internal_missing_yahoo_period,2025-06-30,2025-12-31,184,1,Yahoo diluted TTM har en lucka mellan två observerade perioder.
INTRUM.ST,internal_missing_yahoo_period,2023-09-30,2024-03-31,183,1,Yahoo diluted TTM har en lucka mellan två observerade perioder.
INTRUM.ST,internal_missing_yahoo_period,2024-09-30,2025-03-31,182,1,Yahoo diluted TTM har en lucka mellan två observerade perioder.
INTRUM.ST,internal_missing_yahoo_period,2025-06-30,2025-12-31,184,1,Yahoo diluted TTM har en lucka mellan två observerade perioder.
INVE-A.ST,internal_missing_yahoo_period,2024-09-30,2025-03-31,182,1,Yahoo diluted TTM har en lucka mellan två observerade perioder.
INVE-A.ST,internal_missing_yahoo_period,2025-06-30,2025-12-31,184,1,Yahoo diluted TTM har en lucka mellan två observerade perioder.
INWI.ST,internal_missing_yahoo_period,2025-06-30,2025-12-31,184,1,Yahoo diluted TTM har en lucka mellan två observerade perioder.
KAMBI.ST,internal_missing_yahoo_period,2023-09-30,2024-03-31,183,1,Yahoo diluted TTM har en lucka mellan två observerade perioder.
KAMBI.ST,internal_missing_yahoo_period,2025-06-30,2025-12-31,184,1,Yahoo diluted TTM har en lucka mellan två observerade perioder.
KNOW.ST,internal_missing_yahoo_period,2025-06-30,2025-12-31,184,1,Yahoo diluted TTM har en lucka mellan två observerade perioder.
LAGR-B.ST,internal_missing_yahoo_period,2025-06-30,2025-12-31,184,1,Yahoo diluted TTM har en lucka mellan två observerade perioder.
LIFCO-B.ST,internal_missing_yahoo_period,2023-09-30,2024-03-31,183,1,Yahoo diluted TTM har en lucka mellan två observerade perioder.
LIFCO-B.ST,internal_missing_yahoo_period,2025-06-30,2025-12-31,184,1,Yahoo diluted TTM har en lucka mellan två observerade perioder.
LIME.ST,internal_missing_yahoo_period,2023-12-31,2024-06-30,182,1,Yahoo diluted TTM har en lucka mellan två observerade perioder.
LIME.ST,internal_missing_yahoo_period,2024-09-30,2025-03-31,182,1,Yahoo diluted TTM har en lucka mellan två observerade perioder.
LIME.ST,internal_missing_yahoo_period,2025-06-30,2025-12-31,184,1,Yahoo diluted TTM har en lucka mellan två observerade perioder.
LOOMIS.ST,internal_missing_yahoo_period,2024-09-30,2025-03-31,182,1,Yahoo diluted TTM har en lucka mellan två observerade perioder.
LOOMIS.ST,internal_missing_yahoo_period,2025-06-30,2025-12-31,184,1,Yahoo diluted TTM har en lucka mellan två observerade perioder.
LUMI.ST,internal_missing_yahoo_period,2024-09-30,2025-03-31,182,1,Yahoo diluted TTM har en lucka mellan två observerade perioder.
LUMI.ST,internal_missing_yahoo_period,2025-06-30,2025-12-31,184,1,Yahoo diluted TTM har en lucka mellan två observerade perioder.
MCAP.ST,internal_missing_yahoo_period,2023-09-30,2024-03-31,183,1,Yahoo diluted TTM har en lucka mellan två observerade perioder.
MCAP.ST,internal_missing_yahoo_period,2025-06-30,2025-12-31,184,1,Yahoo diluted TTM har en lucka mellan två observerade perioder.
MCOV-B.ST,leading_missing_report_date,,2023-09-30,,,Första Yahoo-perioden saknar säkert rapportdatum.
MCOV-B.ST,internal_missing_yahoo_period,2025-06-30,2025-12-31,184,1,Yahoo diluted TTM har en lucka mellan två observerade perioder.
MCOV-B.ST,leading_missing_report_date,2023-09-30,,,,EPS-värdet finns hos Yahoo men kan inte aktiveras historiskt utan säkert rapportdatum.
MCOV-B.ST,internal_missing_report_date,2023-12-31,,,,EPS-värdet finns hos Yahoo men kan inte aktiveras historiskt utan säkert rapportdatum.
MSAB-B.ST,internal_missing_yahoo_period,2025-06-30,2025-12-31,184,1,Yahoo diluted TTM har en lucka mellan två observerade perioder.
MTRS.ST,internal_missing_yahoo_period,2025-06-30,2025-12-31,184,1,Yahoo diluted TTM har en lucka mellan två observerade perioder.
MYCR.ST,internal_missing_yahoo_period,2022-12-31,2023-09-30,273,2,Yahoo diluted TTM har en lucka mellan två observerade perioder.
MYCR.ST,internal_missing_yahoo_period,2025-06-30,2025-12-31,184,1,Yahoo diluted TTM har en lucka mellan två observerade perioder.
NDA-SE.ST,internal_missing_yahoo_period,2025-06-30,2025-12-31,184,1,Yahoo diluted TTM har en lucka mellan två observerade perioder.
NEWA-B.ST,internal_missing_yahoo_period,2023-09-30,2024-03-31,183,1,Yahoo diluted TTM har en lucka mellan två observerade perioder.
NEWA-B.ST,internal_missing_yahoo_period,2024-09-30,2025-03-31,182,1,Yahoo diluted TTM har en lucka mellan två observerade perioder.
NEWA-B.ST,internal_missing_yahoo_period,2025-06-30,2025-12-31,184,1,Yahoo diluted TTM har en lucka mellan två observerade perioder.
NMAN.ST,internal_missing_yahoo_period,2025-06-30,2025-12-31,184,1,Yahoo diluted TTM har en lucka mellan två observerade perioder.
NOLA-B.ST,internal_missing_yahoo_period,2025-06-30,2025-12-31,184,1,Yahoo diluted TTM har en lucka mellan två observerade perioder.
NORION.ST,internal_missing_yahoo_period,2024-09-30,2025-03-31,182,1,Yahoo diluted TTM har en lucka mellan två observerade perioder.
NORION.ST,internal_missing_yahoo_period,2025-06-30,2025-12-31,184,1,Yahoo diluted TTM har en lucka mellan två observerade perioder.
PACT.ST,internal_missing_yahoo_period,2023-09-30,2024-03-31,183,1,Yahoo diluted TTM har en lucka mellan två observerade perioder.
PACT.ST,internal_missing_yahoo_period,2025-06-30,2025-12-31,184,1,Yahoo diluted TTM har en lucka mellan två observerade perioder.
PEAB-B.ST,internal_missing_yahoo_period,2025-06-30,2025-12-31,184,1,Yahoo diluted TTM har en lucka mellan två observerade perioder.
PLAZ-B.ST,internal_missing_yahoo_period,2024-09-30,2025-03-31,182,1,Yahoo diluted TTM har en lucka mellan två observerade perioder.
PLAZ-B.ST,internal_missing_yahoo_period,2025-06-30,2025-12-31,184,1,Yahoo diluted TTM har en lucka mellan två observerade perioder.
PNDX-B.ST,internal_missing_yahoo_period,2025-06-30,2025-12-31,184,1,Yahoo diluted TTM har en lucka mellan två observerade perioder.
REJL-B.ST,internal_missing_yahoo_period,2025-06-30,2025-12-31,184,1,Yahoo diluted TTM har en lucka mellan två observerade perioder.
SAAB-B.ST,internal_missing_yahoo_period,2025-06-30,2025-12-31,184,1,Yahoo diluted TTM har en lucka mellan två observerade perioder.
SAGA-A.ST,internal_missing_yahoo_period,2025-06-30,2025-12-31,184,1,Yahoo diluted TTM har en lucka mellan två observerade perioder.
SAVE.ST,internal_missing_yahoo_period,2025-06-30,2025-12-31,184,1,Yahoo diluted TTM har en lucka mellan två observerade perioder.
SCA-B.ST,internal_missing_yahoo_period,2025-06-30,2025-12-31,184,1,Yahoo diluted TTM har en lucka mellan två observerade perioder.
SCST.ST,internal_missing_yahoo_period,2023-09-30,2024-03-31,183,1,Yahoo diluted TTM har en lucka mellan två observerade perioder.
SCST.ST,internal_missing_yahoo_period,2024-12-31,2025-06-30,181,1,Yahoo diluted TTM har en lucka mellan två observerade perioder.
SCST.ST,internal_missing_yahoo_period,2025-06-30,2025-12-31,184,1,Yahoo diluted TTM har en lucka mellan två observerade perioder.
SEB-A.ST,internal_missing_yahoo_period,2025-06-30,2025-12-31,184,1,Yahoo diluted TTM har en lucka mellan två observerade perioder.
SECARE.ST,internal_missing_yahoo_period,2025-06-30,2025-12-31,184,1,Yahoo diluted TTM har en lucka mellan två observerade perioder.
SECT-B.ST,leading_missing_report_date,,2023-10-31,,,Första Yahoo-perioden saknar säkert rapportdatum.
SECT-B.ST,internal_missing_yahoo_period,2024-01-31,2024-07-31,182,1,Yahoo diluted TTM har en lucka mellan två observerade perioder.
SECT-B.ST,leading_missing_report_date,2023-10-31,,,,EPS-värdet finns hos Yahoo men kan inte aktiveras historiskt utan säkert rapportdatum.
SECT-B.ST,internal_missing_report_date,2024-01-31,,,,EPS-värdet finns hos Yahoo men kan inte aktiveras historiskt utan säkert rapportdatum.
SECT-B.ST,internal_missing_report_date,2024-07-31,,,,EPS-värdet finns hos Yahoo men kan inte aktiveras historiskt utan säkert rapportdatum.
SECT-B.ST,internal_missing_report_date,2024-10-31,,,,EPS-värdet finns hos Yahoo men kan inte aktiveras historiskt utan säkert rapportdatum.
SECT-B.ST,internal_missing_report_date,2025-01-31,,,,EPS-värdet finns hos Yahoo men kan inte aktiveras historiskt utan säkert rapportdatum.
SECT-B.ST,internal_missing_report_date,2025-04-30,,,,EPS-värdet finns hos Yahoo men kan inte aktiveras historiskt utan säkert rapportdatum.
SECU-B.ST,internal_missing_yahoo_period,2025-06-30,2025-12-31,184,1,Yahoo diluted TTM har en lucka mellan två observerade perioder.
SHB-A.ST,internal_missing_yahoo_period,2025-06-30,2025-12-31,184,1,Yahoo diluted TTM har en lucka mellan två observerade perioder.
SHOT.ST,internal_missing_yahoo_period,2025-06-30,2025-12-31,184,1,Yahoo diluted TTM har en lucka mellan två observerade perioder.
SINT.ST,internal_missing_yahoo_period,2023-09-30,2024-03-31,183,1,Yahoo diluted TTM har en lucka mellan två observerade perioder.
SINT.ST,internal_missing_yahoo_period,2025-06-30,2025-12-31,184,1,Yahoo diluted TTM har en lucka mellan två observerade perioder.
SOBI.ST,internal_missing_yahoo_period,2025-06-30,2025-12-31,184,1,Yahoo diluted TTM har en lucka mellan två observerade perioder.
SVED-B.ST,internal_missing_yahoo_period,2024-09-30,2025-03-31,182,1,Yahoo diluted TTM har en lucka mellan två observerade perioder.
SVED-B.ST,internal_missing_yahoo_period,2025-06-30,2025-12-31,184,1,Yahoo diluted TTM har en lucka mellan två observerade perioder.
SWEC-A.ST,internal_missing_yahoo_period,2025-06-30,2025-12-31,184,1,Yahoo diluted TTM har en lucka mellan två observerade perioder.
SWEC-B.ST,internal_missing_yahoo_period,2025-06-30,2025-12-31,184,1,Yahoo diluted TTM har en lucka mellan två observerade perioder.
SWED-A.ST,internal_missing_yahoo_period,2025-06-30,2025-12-31,184,1,Yahoo diluted TTM har en lucka mellan två observerade perioder.
SYSR.ST,internal_missing_yahoo_period,2025-01-31,2025-07-31,181,1,Yahoo diluted TTM har en lucka mellan två observerade perioder.
TEL2-B.ST,internal_missing_yahoo_period,2023-09-30,2024-03-31,183,1,Yahoo diluted TTM har en lucka mellan två observerade perioder.
TEL2-B.ST,internal_missing_yahoo_period,2025-06-30,2025-12-31,184,1,Yahoo diluted TTM har en lucka mellan två observerade perioder.
THULE.ST,internal_missing_yahoo_period,2023-09-30,2024-03-31,183,1,Yahoo diluted TTM har en lucka mellan två observerade perioder.
THULE.ST,internal_missing_yahoo_period,2025-06-30,2025-12-31,184,1,Yahoo diluted TTM har en lucka mellan två observerade perioder.
TREL-B.ST,internal_missing_yahoo_period,2023-09-30,2024-03-31,183,1,Yahoo diluted TTM har en lucka mellan två observerade perioder.
TREL-B.ST,internal_missing_yahoo_period,2025-06-30,2025-12-31,184,1,Yahoo diluted TTM har en lucka mellan två observerade perioder.
VBG-B.ST,internal_missing_yahoo_period,2025-06-30,2025-12-31,184,1,Yahoo diluted TTM har en lucka mellan två observerade perioder.
VIT-B.ST,internal_missing_yahoo_period,2023-09-30,2024-03-31,183,1,Yahoo diluted TTM har en lucka mellan två observerade perioder.
VIT-B.ST,internal_missing_yahoo_period,2024-09-30,2025-03-31,182,1,Yahoo diluted TTM har en lucka mellan två observerade perioder.
VIT-B.ST,internal_missing_yahoo_period,2025-06-30,2025-12-31,184,1,Yahoo diluted TTM har en lucka mellan två observerade perioder.
VITR.ST,internal_missing_yahoo_period,2024-09-30,2025-03-31,182,1,Yahoo diluted TTM har en lucka mellan två observerade perioder.
VITR.ST,internal_missing_yahoo_period,2025-06-30,2025-12-31,184,1,Yahoo diluted TTM har en lucka mellan två observerade perioder.
VIVA.ST,internal_missing_yahoo_period,2023-12-31,2024-06-30,182,1,Yahoo diluted TTM har en lucka mellan två observerade perioder.
VOLV-A.ST,internal_missing_yahoo_period,2025-06-30,2025-12-31,184,1,Yahoo diluted TTM har en lucka mellan två observerade perioder.
WALL-B.ST,internal_missing_yahoo_period,2023-09-30,2024-03-31,183,1,Yahoo diluted TTM har en lucka mellan två observerade perioder.
WALL-B.ST,internal_missing_yahoo_period,2025-06-30,2025-12-31,184,1,Yahoo diluted TTM har en lucka mellan två observerade perioder.
WIHL.ST,internal_missing_yahoo_period,2023-09-30,2024-03-31,183,1,Yahoo diluted TTM har en lucka mellan två observerade perioder.
WIHL.ST,internal_missing_yahoo_period,2025-06-30,2025-12-31,184,1,Yahoo diluted TTM har en lucka mellan två observerade perioder.
ZZ-B.ST,internal_missing_yahoo_period,2023-12-31,2024-06-30,182,1,Yahoo diluted TTM har en lucka mellan två observerade perioder.
ZZ-B.ST,internal_missing_yahoo_period,2025-03-31,2025-09-30,183,1,Yahoo diluted TTM har en lucka mellan två observerade perioder.
