ticker,periods,direct_periods,reconstructed_periods,report_dates_mapped,report_dates_missing,first_period_end,last_period_end,max_report_lag_days,price_currency,report_currency,currency_ready
AAK.ST,11,11,0,11,0,2023-09-30,2026-06-30,38,SEK,SEK,True
ABB.ST,11,11,0,11,0,2023-09-30,2026-06-30,32,SEK,USD,True
ADDT-B.ST,11,11,0,11,0,2023-09-30,2026-06-30,50,SEK,SEK,True
ALIG.ST,11,11,0,11,0,2023-09-30,2026-06-30,44,SEK,SEK,True
ALIV-SDB.ST,11,11,0,11,0,2023-09-30,2026-06-30,31,SEK,USD,True
ALLEI.ST,10,10,0,10,0,2023-09-30,2026-06-30,27,SEK,SEK,True
ANOD-B.ST,10,10,0,10,0,2023-09-30,2026-06-30,34,SEK,SEK,True
ARJO-B.ST,9,9,0,9,0,2023-09-30,2026-06-30,30,SEK,SEK,True
ASSA-B.ST,11,11,0,11,0,2023-09-30,2026-06-30,38,SEK,SEK,True
ATCO-A.ST,10,10,0,10,0,2023-09-30,2026-06-30,29,SEK,SEK,True
ATCO-B.ST,11,11,0,11,0,2023-09-30,2026-06-30,29,SEK,SEK,True
ATRLJ-B.ST,11,11,0,11,0,2023-09-30,2026-06-30,31,SEK,SEK,True
ATT.ST,11,11,0,11,0,2023-09-30,2026-06-30,51,SEK,SEK,True
AXFO.ST,10,10,0,10,0,2023-09-30,2026-06-30,30,SEK,SEK,True
AZA.ST,11,10,1,11,0,2023-09-30,2026-06-30,21,SEK,SEK,True
AZN.ST,9,9,0,9,0,2023-09-30,2026-06-30,43,SEK,USD,True
BAHN-B.ST,12,12,0,12,0,2023-09-30,2026-06-30,51,SEK,SEK,True
BALD-B.ST,11,11,0,11,0,2023-09-30,2026-06-30,40,SEK,SEK,True
BEIA-B.ST,11,11,0,11,0,2023-09-30,2026-06-30,46,SEK,SEK,True
BEIJ-B.ST,11,11,0,11,0,2023-09-30,2026-06-30,31,SEK,SEK,True
BERG-B.ST,11,11,0,11,0,2023-09-30,2026-06-30,45,SEK,SEK,True
BETS-B.ST,11,11,0,11,0,2023-09-30,2026-06-30,46,SEK,EUR,True
BILI-A.ST,11,11,0,11,0,2023-09-30,2026-06-30,38,SEK,SEK,True
BIOG-B.ST,11,11,0,11,0,2023-09-30,2026-06-30,43,SEK,SEK,True
BOL.ST,11,11,0,11,0,2023-09-30,2026-06-30,39,SEK,SEK,True
BORG.ST,12,12,0,12,0,2023-09-30,2026-06-30,54,SEK,SEK,True
BRAV.ST,11,11,0,11,0,2023-09-30,2026-06-30,49,SEK,SEK,True
BTS-B.ST,12,12,0,12,0,2023-09-30,2026-06-30,57,SEK,SEK,True
CAST.ST,11,11,0,11,0,2023-09-30,2026-06-30,50,SEK,SEK,True
CATE.ST,10,10,0,10,0,2023-09-30,2026-06-30,51,SEK,SEK,True
CIBUS.ST,10,10,0,9,1,2023-09-30,2026-06-30,78,SEK,EUR,True
CLA-B.ST,11,11,0,11,0,2023-09-30,2026-06-30,37,SEK,SEK,True
CLAS-B.ST,12,12,0,9,3,2023-10-31,2026-07-31,43,SEK,SEK,True
COOR.ST,11,11,0,11,0,2023-09-30,2026-06-30,42,SEK,SEK,True
CTT.ST,10,10,0,10,0,2023-09-30,2026-06-30,38,SEK,SEK,True
DIOS.ST,10,10,0,10,0,2023-09-30,2026-06-30,47,SEK,SEK,True
DOM.ST,11,11,0,11,0,2023-09-30,2026-06-30,31,SEK,SEK,True
DUNI.ST,12,12,0,12,0,2022-09-30,2026-06-30,42,SEK,SEK,True
DYVOX.ST,10,10,0,10,0,2023-09-30,2026-06-30,36,SEK,SEK,True
EAST.ST,11,11,0,9,2,2023-09-30,2026-06-30,36,SEK,EUR,True
EKTA-B.ST,11,11,0,11,0,2023-10-31,2026-07-31,36,SEK,SEK,True
EMBRAC-B.ST,11,11,0,11,0,2023-09-30,2026-06-30,53,SEK,SEK,True
EPI-A.ST,10,10,0,10,0,2023-09-30,2026-06-30,30,SEK,SEK,True
EPI-B.ST,11,11,0,11,0,2023-09-30,2026-06-30,30,SEK,SEK,True
EQL.ST,9,9,0,9,0,2024-03-31,2026-06-30,44,SEK,SEK,True
EQT.ST,5,5,0,5,0,2023-06-30,2025-12-31,23,SEK,EUR,True
ERIC-B.ST,11,11,0,11,0,2023-09-30,2026-06-30,24,SEK,SEK,True
ESSITY-B.ST,11,11,0,11,0,2023-09-30,2026-06-30,26,SEK,SEK,True
EVO.ST,9,9,0,9,0,2023-09-30,2026-06-30,36,SEK,EUR,True
FABG.ST,10,10,0,10,0,2023-09-30,2026-06-30,37,SEK,SEK,True
FOI-B.ST,11,11,0,9,2,2023-09-30,2026-06-30,42,SEK,EUR,True
GENO.ST,12,12,0,12,0,2023-09-30,2026-06-30,51,SEK,SEK,True
GETI-B.ST,11,11,0,11,0,2023-09-30,2026-06-30,32,SEK,SEK,True
HANZA.ST,11,11,0,11,0,2023-09-30,2026-06-30,55,SEK,SEK,True
HEXA-B.ST,10,10,0,10,0,2023-09-30,2026-06-30,32,SEK,EUR,True
HMS.ST,10,10,0,10,0,2023-09-30,2026-06-30,28,SEK,SEK,True
HOLM-A.ST,11,11,0,11,0,2023-09-30,2026-06-30,51,SEK,SEK,True
HPOL-B.ST,10,10,0,10,0,2023-09-30,2026-06-30,34,SEK,SEK,True
HTRO.ST,11,11,0,11,0,2023-09-30,2026-06-30,40,SEK,SEK,True
HUFV-A.ST,10,10,0,10,0,2023-09-30,2026-06-30,53,SEK,SEK,True
INDT.ST,11,11,0,11,0,2023-09-30,2026-06-30,32,SEK,SEK,True
INDU-A.ST,12,12,0,12,0,2022-12-31,2026-06-30,41,SEK,SEK,True
INTRUM.ST,9,9,0,9,0,2023-09-30,2026-06-30,59,SEK,SEK,True
INVE-A.ST,10,9,1,10,0,2023-09-30,2026-06-30,23,SEK,SEK,True
INWI.ST,11,11,0,11,0,2023-09-30,2026-06-30,39,SEK,SEK,True
KAMBI.ST,10,10,0,10,0,2023-09-30,2026-06-30,57,SEK,EUR,True
KNOW.ST,11,11,0,11,0,2023-09-30,2026-06-30,39,SEK,SEK,True
LAGR-B.ST,11,11,0,11,0,2023-09-30,2026-06-30,50,SEK,SEK,True
LIFCO-B.ST,10,10,0,10,0,2023-09-30,2026-06-30,31,SEK,SEK,True
LIME.ST,9,9,0,9,0,2023-09-30,2026-06-30,45,SEK,SEK,True
LOOMIS.ST,10,10,0,10,0,2023-09-30,2026-06-30,37,SEK,SEK,True
LUMI.ST,10,10,0,10,0,2023-09-30,2026-06-30,53,SEK,USD,True
MCAP.ST,10,10,0,10,0,2023-09-30,2026-06-30,37,SEK,SEK,True
MCOV-B.ST,11,11,0,9,2,2023-09-30,2026-06-30,43,SEK,EUR,True
MSAB-B.ST,11,11,0,11,0,2023-09-30,2026-06-30,30,SEK,SEK,True
MTG-B.ST,12,12,0,12,0,2023-09-30,2026-06-30,44,SEK,SEK,True
MTRS.ST,11,11,0,11,0,2023-09-30,2026-06-30,36,SEK,SEK,True
MYCR.ST,12,12,0,12,0,2022-12-31,2026-06-30,41,SEK,SEK,True
NDA-SE.ST,11,11,0,11,0,2023-09-30,2026-06-30,36,SEK,EUR,True
NEWA-B.ST,9,9,0,9,0,2023-09-30,2026-06-30,51,SEK,SEK,True
NIBE-B.ST,12,12,0,12,0,2023-09-30,2026-06-30,53,SEK,SEK,True
NMAN.ST,11,11,0,11,0,2023-09-30,2026-06-30,46,SEK,SEK,True
NOLA-B.ST,11,11,0,11,0,2023-09-30,2026-06-30,38,SEK,SEK,True
NORION.ST,10,10,0,10,0,2023-09-30,2026-06-30,38,SEK,SEK,True
PACT.ST,10,10,0,10,0,2023-09-30,2026-06-30,42,SEK,SEK,True
PEAB-B.ST,11,11,0,11,0,2023-09-30,2026-06-30,37,SEK,SEK,True
PLAZ-B.ST,10,10,0,10,0,2023-09-30,2026-06-30,30,SEK,SEK,True
PNDX-B.ST,11,11,0,11,0,2023-09-30,2026-06-30,39,SEK,SEK,True
REJL-B.ST,11,11,0,11,0,2023-09-30,2026-06-30,37,SEK,SEK,True
SAAB-B.ST,11,11,0,11,0,2023-09-30,2026-06-30,40,SEK,SEK,True
SAGA-A.ST,11,11,0,11,0,2023-09-30,2026-06-30,53,SEK,SEK,True
SAVE.ST,11,11,0,11,0,2023-09-30,2026-06-30,30,SEK,SEK,True
SCA-B.ST,11,11,0,11,0,2023-09-30,2026-06-30,31,SEK,SEK,True
SCST.ST,9,9,0,9,0,2023-09-30,2026-06-30,37,SEK,SEK,True
SEB-A.ST,11,11,0,11,0,2023-09-30,2026-06-30,29,SEK,SEK,True
SECARE.ST,11,11,0,11,0,2023-09-30,2026-06-30,46,SEK,SEK,True
SECT-B.ST,11,11,0,5,6,2023-10-31,2026-07-31,42,SEK,SEK,True
SECU-B.ST,11,11,0,11,0,2023-09-30,2026-06-30,38,SEK,SEK,True
SFAST.ST,12,12,0,12,0,2023-09-30,2026-06-30,54,SEK,SEK,True
SHB-A.ST,11,11,0,11,0,2023-09-30,2026-06-30,38,SEK,SEK,True
SHOT.ST,11,11,0,11,0,2023-09-30,2026-06-30,50,SEK,SEK,True
SINT.ST,10,10,0,10,0,2023-09-30,2026-06-30,52,SEK,SEK,True
SOBI.ST,11,11,0,11,0,2023-09-30,2026-06-30,39,SEK,SEK,True
SVED-B.ST,10,10,0,10,0,2023-09-30,2026-06-30,60,SEK,SEK,True
SWEC-A.ST,11,11,0,11,0,2023-09-30,2026-06-30,46,SEK,SEK,True
SWEC-B.ST,11,11,0,11,0,2023-09-30,2026-06-30,46,SEK,SEK,True
SWED-A.ST,11,11,0,11,0,2023-09-30,2026-06-30,29,SEK,SEK,True
SYSR.ST,11,11,0,11,0,2023-10-31,2026-07-31,41,SEK,SEK,True
TEL2-B.ST,10,10,0,10,0,2023-09-30,2026-06-30,28,SEK,SEK,True
THULE.ST,10,10,0,10,0,2023-09-30,2026-06-30,41,SEK,SEK,True
TREL-B.ST,10,10,0,10,0,2023-09-30,2026-06-30,29,SEK,SEK,True
VBG-B.ST,11,11,0,11,0,2023-09-30,2026-06-30,51,SEK,SEK,True
VIT-B.ST,9,9,0,9,0,2023-09-30,2026-06-30,37,SEK,SEK,True
VITR.ST,10,10,0,10,0,2023-09-30,2026-06-30,34,SEK,SEK,True
VIVA.ST,11,11,0,11,0,2023-09-30,2026-06-30,59,SEK,SEK,True
VOLV-A.ST,11,11,0,11,0,2023-09-30,2026-06-30,29,SEK,SEK,True
WALL-B.ST,10,9,1,10,0,2023-09-30,2026-06-30,37,SEK,SEK,True
WIHL.ST,10,10,0,10,0,2023-09-30,2026-06-30,42,SEK,SEK,True
ZZ-B.ST,10,10,0,10,0,2023-09-30,2026-06-30,61,SEK,SEK,True
