ticker,report_period,report_date
AAK.ST,2024-Q1,2024-04-25
AAK.ST,2024-Q2,2024-07-18
AAK.ST,2024-Q3,2024-10-24
AAK.ST,2024-Q4,2025-02-05
AAK.ST,2025-Q1,2025-04-24
AAK.ST,2025-Q2,2025-07-17
AAK.ST,2025-Q3,2025-10-23
AAK.ST,2025-Q4,2026-02-05
AAK.ST,2026-Q1,2026-04-28
AAK.ST,2026-Q2,2026-07-17
ABB.ST,2024-Q1,2024-04-18
ABB.ST,2024-Q2,2024-07-18
ABB.ST,2024-Q3,2024-10-17
ABB.ST,2024-Q4,2025-01-30
ABB.ST,2025-Q1,2025-04-17
ABB.ST,2025-Q2,2025-07-17
ABB.ST,2025-Q3,2025-10-16
ABB.ST,2025-Q4,2026-01-29
ABB.ST,2026-Q1,2026-04-22
ABB.ST,2026-Q2,2026-07-16
ADDT-B.ST,2024-Q4,2024-05-16
ADDT-B.ST,2025-Q1,2024-07-12
ADDT-B.ST,2025-Q2,2024-10-24
ADDT-B.ST,2025-Q3,2025-02-04
ADDT-B.ST,2025-Q4,2025-05-15
ADDT-B.ST,2026-Q1,2025-07-15
ADDT-B.ST,2026-Q2,2025-10-23
ADDT-B.ST,2026-Q3,2026-02-05
ADDT-B.ST,2026-Q4,2026-05-20
ADDT-B.ST,2027-Q1,2026-07-14
ALIG.ST,2024-Q1,2024-04-25
ALIG.ST,2024-Q2,2024-07-18
ALIG.ST,2024-Q3,2024-10-29
ALIG.ST,2024-Q4,2025-02-13
ALIG.ST,2025-Q1,2025-04-24
ALIG.ST,2025-Q2,2025-07-18
ALIG.ST,2025-Q3,2025-10-23
ALIG.ST,2025-Q4,2026-02-10
ALIG.ST,2026-Q1,2026-04-28
ALIG.ST,2026-Q2,2026-07-17
ALIV-SDB.ST,2024-Q1,2024-04-26
ALIV-SDB.ST,2024-Q2,2024-07-19
ALIV-SDB.ST,2024-Q3,2024-10-18
ALIV-SDB.ST,2024-Q4,2025-01-31
ALIV-SDB.ST,2025-Q1,2025-04-16
ALIV-SDB.ST,2025-Q2,2025-07-18
ALIV-SDB.ST,2025-Q3,2025-10-17
ALIV-SDB.ST,2025-Q4,2026-01-30
ALIV-SDB.ST,2026-Q1,2026-04-17
ALIV-SDB.ST,2026-Q2,2026-07-17
ALLEI.ST,2024-Q1,2024-04-23
ALLEI.ST,2024-Q2,2024-07-19
ALLEI.ST,2024-Q3,2024-10-22
ALLEI.ST,2024-Q4,2025-01-24
ALLEI.ST,2025-Q1,2025-04-23
ALLEI.ST,2025-Q2,2025-07-18
ALLEI.ST,2025-Q3,2025-10-22
ALLEI.ST,2025-Q4,2026-01-27
ALLEI.ST,2026-Q1,2026-04-27
ALLEI.ST,2026-Q2,2026-07-17
ANOD-B.ST,2024-Q1,2024-04-25
ANOD-B.ST,2024-Q2,2024-07-12
ANOD-B.ST,2024-Q3,2024-10-24
ANOD-B.ST,2024-Q4,2025-01-31
ANOD-B.ST,2025-Q1,2025-04-25
ANOD-B.ST,2025-Q2,2025-07-14
ANOD-B.ST,2025-Q3,2025-10-24
ANOD-B.ST,2025-Q4,2026-02-03
ANOD-B.ST,2026-Q1,2026-04-28
ANOD-B.ST,2026-Q2,2026-07-15
ARJO-B.ST,2024-Q1,2024-04-18
ARJO-B.ST,2024-Q2,2024-07-12
ARJO-B.ST,2024-Q3,2024-10-17
ARJO-B.ST,2024-Q4,2025-01-30
ARJO-B.ST,2025-Q1,2025-04-29
ARJO-B.ST,2025-Q2,2025-07-11
ARJO-B.ST,2025-Q3,2025-10-22
ARJO-B.ST,2025-Q4,2026-01-30
ARJO-B.ST,2026-Q1,2026-04-22
ARJO-B.ST,2026-Q2,2026-07-14
ASSA-B.ST,2024-Q1,2024-04-24
ASSA-B.ST,2024-Q2,2024-07-17
ASSA-B.ST,2024-Q3,2024-10-23
ASSA-B.ST,2024-Q4,2025-02-05
ASSA-B.ST,2025-Q1,2025-04-23
ASSA-B.ST,2025-Q2,2025-07-17
ASSA-B.ST,2025-Q3,2025-10-21
ASSA-B.ST,2025-Q4,2026-02-05
ASSA-B.ST,2026-Q1,2026-04-28
ASSA-B.ST,2026-Q2,2026-07-17
ATCO-A.ST,2024-Q1,2024-04-24
ATCO-A.ST,2024-Q2,2024-07-18
ATCO-A.ST,2024-Q3,2024-10-23
ATCO-A.ST,2024-Q4,2025-01-28
ATCO-A.ST,2025-Q1,2025-04-29
ATCO-A.ST,2025-Q2,2025-07-18
ATCO-A.ST,2025-Q3,2025-10-23
ATCO-A.ST,2025-Q4,2026-01-27
ATCO-A.ST,2026-Q1,2026-04-28
ATCO-A.ST,2026-Q2,2026-07-16
ATCO-B.ST,2024-Q1,2024-04-24
ATCO-B.ST,2024-Q2,2024-07-18
ATCO-B.ST,2024-Q3,2024-10-23
ATCO-B.ST,2024-Q4,2025-01-28
ATCO-B.ST,2025-Q1,2025-04-29
ATCO-B.ST,2025-Q2,2025-07-18
ATCO-B.ST,2025-Q3,2025-10-23
ATCO-B.ST,2025-Q4,2026-01-27
ATCO-B.ST,2026-Q1,2026-04-28
ATCO-B.ST,2026-Q2,2026-07-16
ATRLJ-B.ST,2024-Q1,2024-04-12
ATRLJ-B.ST,2024-Q2,2024-07-09
ATRLJ-B.ST,2024-Q3,2024-10-11
ATRLJ-B.ST,2024-Q4,2025-01-31
ATRLJ-B.ST,2025-Q1,2025-04-11
ATRLJ-B.ST,2025-Q2,2025-07-04
ATRLJ-B.ST,2025-Q3,2025-10-10
ATRLJ-B.ST,2025-Q4,2026-01-30
ATRLJ-B.ST,2026-Q1,2026-04-10
ATRLJ-B.ST,2026-Q2,2026-07-03
ATT.ST,2023-Q4,2024-02-08
ATT.ST,2024-Q1,2024-04-24
ATT.ST,2024-Q2,2024-07-19
ATT.ST,2024-Q3,2024-10-24
ATT.ST,2024-Q4,2025-02-06
ATT.ST,2025-Q1,2025-05-07
ATT.ST,2025-Q2,2025-07-18
ATT.ST,2025-Q3,2025-10-24
ATT.ST,2025-Q4,2026-02-05
ATT.ST,2026-Q1,2026-05-06
ATT.ST,2026-Q2,2026-08-20
AXFO.ST,2024-Q1,2024-04-25
AXFO.ST,2024-Q2,2024-07-12
AXFO.ST,2024-Q3,2024-10-24
AXFO.ST,2024-Q4,2025-01-30
AXFO.ST,2025-Q1,2025-04-24
AXFO.ST,2025-Q2,2025-07-11
AXFO.ST,2025-Q3,2025-10-23
AXFO.ST,2025-Q4,2026-01-29
AXFO.ST,2026-Q1,2026-04-23
AXFO.ST,2026-Q2,2026-07-15
AZA.ST,2024-Q1,2024-04-19
AZA.ST,2024-Q2,2024-07-12
AZA.ST,2024-Q3,2024-10-18
AZA.ST,2024-Q4,2025-01-21
AZA.ST,2025-Q1,2025-04-15
AZA.ST,2025-Q2,2025-07-11
AZA.ST,2025-Q3,2025-10-17
AZA.ST,2025-Q4,2026-01-21
AZA.ST,2026-Q1,2026-04-21
AZA.ST,2026-Q2,2026-07-14
AZN.ST,2024-Q1,2024-04-25
AZN.ST,2024-Q2,2024-07-25
AZN.ST,2024-Q3,2024-11-12
AZN.ST,2024-Q4,2025-02-06
AZN.ST,2025-Q1,2025-04-29
AZN.ST,2025-Q2,2025-07-29
AZN.ST,2025-Q3,2025-11-06
AZN.ST,2025-Q4,2026-02-10
AZN.ST,2026-Q1,2026-04-29
AZN.ST,2026-Q2,2026-07-27
BAHN-B.ST,2023-Q4,2024-02-13
BAHN-B.ST,2024-Q1,2024-05-07
BAHN-B.ST,2024-Q2,2024-08-20
BAHN-B.ST,2024-Q3,2024-11-12
BAHN-B.ST,2024-Q4,2025-02-18
BAHN-B.ST,2025-Q1,2025-05-06
BAHN-B.ST,2025-Q2,2025-05-06
BAHN-B.ST,2025-Q3,2025-08-19
BAHN-B.ST,2025-Q4,2025-11-11
BAHN-B.ST,2026-Q1,2026-02-17
BAHN-B.ST,2026-Q2,2026-08-18
BALD-B.ST,2024-Q1,2024-05-03
BALD-B.ST,2024-Q2,2024-07-16
BALD-B.ST,2024-Q3,2024-10-25
BALD-B.ST,2024-Q4,2025-02-07
BALD-B.ST,2025-Q1,2025-05-08
BALD-B.ST,2025-Q2,2025-07-15
BALD-B.ST,2025-Q3,2025-10-28
BALD-B.ST,2025-Q4,2026-02-06
BALD-B.ST,2026-Q1,2026-05-08
BALD-B.ST,2026-Q2,2026-07-14
BEIA-B.ST,2024-Q1,2024-04-26
BEIA-B.ST,2024-Q2,2024-07-19
BEIA-B.ST,2024-Q3,2024-10-25
BEIA-B.ST,2024-Q4,2025-02-06
BEIA-B.ST,2025-Q1,2025-04-25
BEIA-B.ST,2025-Q2,2025-07-18
BEIA-B.ST,2025-Q3,2025-10-24
BEIA-B.ST,2025-Q4,2026-02-06
BEIA-B.ST,2026-Q1,2026-04-24
BEIA-B.ST,2026-Q2,2026-07-17
BEIJ-B.ST,2024-Q1,2024-04-23
BEIJ-B.ST,2024-Q2,2024-07-19
BEIJ-B.ST,2024-Q3,2024-10-24
BEIJ-B.ST,2024-Q4,2025-01-31
BEIJ-B.ST,2025-Q1,2025-04-24
BEIJ-B.ST,2025-Q2,2025-07-18
BEIJ-B.ST,2025-Q3,2025-10-24
BEIJ-B.ST,2025-Q4,2026-01-30
BEIJ-B.ST,2026-Q1,2026-04-23
BEIJ-B.ST,2026-Q2,2026-07-17
BERG-B.ST,2024-Q4,2024-05-15
BERG-B.ST,2025-Q1,2024-07-16
BERG-B.ST,2025-Q2,2024-10-23
BERG-B.ST,2025-Q3,2025-02-05
BERG-B.ST,2025-Q4,2025-05-09
BERG-B.ST,2026-Q1,2025-07-16
BERG-B.ST,2026-Q2,2025-10-22
BERG-B.ST,2026-Q3,2026-02-04
BERG-B.ST,2026-Q4,2026-05-13
BERG-B.ST,2027-Q1,2026-07-16
BETS-B.ST,2024-Q1,2024-04-26
BETS-B.ST,2024-Q2,2024-07-19
BETS-B.ST,2024-Q3,2024-10-24
BETS-B.ST,2024-Q4,2025-02-06
BETS-B.ST,2025-Q1,2025-04-29
BETS-B.ST,2025-Q2,2025-07-18
BETS-B.ST,2025-Q3,2025-10-24
BETS-B.ST,2025-Q4,2026-02-05
BETS-B.ST,2026-Q1,2026-04-24
BETS-B.ST,2026-Q2,2026-07-17
BILI-A.ST,2024-Q1,2024-04-24
BILI-A.ST,2024-Q2,2024-07-18
BILI-A.ST,2024-Q3,2024-10-23
BILI-A.ST,2024-Q4,2025-02-05
BILI-A.ST,2025-Q1,2025-04-25
BILI-A.ST,2025-Q2,2025-07-18
BILI-A.ST,2025-Q3,2025-10-23
BILI-A.ST,2025-Q4,2026-02-05
BILI-A.ST,2026-Q1,2026-04-29
BILI-A.ST,2026-Q2,2026-07-17
BIOG-B.ST,2024-Q1,2024-05-07
BIOG-B.ST,2024-Q2,2024-07-23
BIOG-B.ST,2024-Q3,2024-10-22
BIOG-B.ST,2024-Q4,2025-02-12
BIOG-B.ST,2025-Q1,2025-05-07
BIOG-B.ST,2025-Q2,2025-07-18
BIOG-B.ST,2025-Q3,2025-10-22
BIOG-B.ST,2025-Q4,2026-02-12
BIOG-B.ST,2026-Q1,2026-05-07
BIOG-B.ST,2026-Q2,2026-07-17
BOL.ST,2024-Q1,2024-04-23
BOL.ST,2024-Q2,2024-07-19
BOL.ST,2024-Q3,2024-10-22
BOL.ST,2024-Q4,2025-02-06
BOL.ST,2025-Q1,2025-04-23
BOL.ST,2025-Q2,2025-07-18
BOL.ST,2025-Q3,2025-10-22
BOL.ST,2025-Q4,2026-02-03
BOL.ST,2026-Q1,2026-04-28
BOL.ST,2026-Q2,2026-07-21
BORG.ST,2024-Q1,2024-05-16
BORG.ST,2024-Q2,2024-08-16
BORG.ST,2024-Q3,2024-08-16
BORG.ST,2024-Q4,2024-11-15
BORG.ST,2025-Q1,2025-02-20
BORG.ST,2025-Q2,2025-05-15
BORG.ST,2025-Q3,2025-08-15
BORG.ST,2025-Q4,2025-11-14
BORG.ST,2026-Q1,2026-02-13
BORG.ST,2026-Q2,2026-04-29
BRAV.ST,2024-Q1,2024-05-07
BRAV.ST,2024-Q2,2024-07-12
BRAV.ST,2024-Q3,2024-10-22
BRAV.ST,2024-Q4,2025-02-11
BRAV.ST,2025-Q1,2025-05-06
BRAV.ST,2025-Q2,2025-07-11
BRAV.ST,2025-Q3,2025-10-24
BRAV.ST,2025-Q4,2026-02-18
BRAV.ST,2026-Q1,2026-05-05
BRAV.ST,2026-Q2,2026-07-13
BTS-B.ST,2024-Q1,2024-05-03
BTS-B.ST,2024-Q2,2024-08-15
BTS-B.ST,2024-Q3,2024-11-08
BTS-B.ST,2024-Q4,2025-02-26
BTS-B.ST,2025-Q1,2025-05-16
BTS-B.ST,2025-Q2,2025-08-22
BTS-B.ST,2025-Q3,2025-11-12
BTS-B.ST,2025-Q4,2026-02-20
BTS-B.ST,2026-Q1,2026-05-21
BTS-B.ST,2026-Q2,2026-08-14
CAST.ST,2024-Q1,2024-05-03
CAST.ST,2024-Q2,2024-07-16
CAST.ST,2024-Q3,2024-10-25
CAST.ST,2024-Q4,2025-02-19
CAST.ST,2025-Q1,2025-05-05
CAST.ST,2025-Q2,2025-07-14
CAST.ST,2025-Q3,2025-10-23
CAST.ST,2025-Q4,2026-02-18
CAST.ST,2026-Q1,2026-04-24
CAST.ST,2026-Q2,2026-07-15
CATE.ST,2024-Q1,2024-04-25
CATE.ST,2024-Q2,2024-07-05
CATE.ST,2024-Q3,2024-10-25
CATE.ST,2024-Q4,2025-02-20
CATE.ST,2025-Q1,2025-04-28
CATE.ST,2025-Q2,2025-07-04
CATE.ST,2025-Q3,2025-10-24
CATE.ST,2025-Q4,2026-02-20
CATE.ST,2026-Q1,2026-04-23
CATE.ST,2026-Q2,2026-07-06
CIBUS.ST,2024-Q1,2024-04-23
CIBUS.ST,2024-Q2,2024-07-17
CIBUS.ST,2024-Q3,2024-11-05
CIBUS.ST,2024-Q4,2025-02-19
CIBUS.ST,2025-Q1,2025-04-23
CIBUS.ST,2025-Q2,2025-07-17
CIBUS.ST,2025-Q3,2025-11-04
CIBUS.ST,2025-Q4,2026-03-19
CIBUS.ST,2026-Q1,2026-04-29
CIBUS.ST,2026-Q2,2026-07-16
CLA-B.ST,2024-Q1,2024-04-26
CLA-B.ST,2024-Q2,2024-07-12
CLA-B.ST,2024-Q3,2024-10-25
CLA-B.ST,2024-Q4,2025-01-29
CLA-B.ST,2025-Q1,2025-05-07
CLA-B.ST,2025-Q2,2025-07-17
CLA-B.ST,2025-Q3,2025-11-05
CLA-B.ST,2025-Q4,2026-02-04
CLA-B.ST,2026-Q1,2026-05-06
CLA-B.ST,2026-Q2,2026-07-15
CLAS-B.ST,2024-Q3,2024-03-06
CLAS-B.ST,2024-Q4,2024-06-05
CLAS-B.ST,2025-Q1,2024-09-04
CLAS-B.ST,2025-Q2,2024-12-04
CLAS-B.ST,2025-Q3,2025-03-12
CLAS-B.ST,2025-Q4,2025-06-12
CLAS-B.ST,2026-Q1,2025-09-10
CLAS-B.ST,2026-Q2,2025-12-10
CLAS-B.ST,2026-Q3,2026-03-11
CLAS-B.ST,2026-Q4,2026-06-03
COOR.ST,2024-Q1,2024-04-24
COOR.ST,2024-Q2,2024-07-12
COOR.ST,2024-Q3,2024-10-24
COOR.ST,2024-Q4,2025-02-06
COOR.ST,2025-Q1,2025-04-23
COOR.ST,2025-Q2,2025-07-14
COOR.ST,2025-Q3,2025-10-23
COOR.ST,2025-Q4,2026-02-11
COOR.ST,2026-Q1,2026-04-22
COOR.ST,2026-Q2,2026-07-15
CTT.ST,2024-Q1,2024-04-26
CTT.ST,2024-Q2,2024-07-19
CTT.ST,2024-Q3,2024-10-25
CTT.ST,2024-Q4,2025-02-07
CTT.ST,2025-Q1,2025-04-25
CTT.ST,2025-Q2,2025-07-18
CTT.ST,2025-Q3,2025-10-24
CTT.ST,2025-Q4,2026-02-06
CTT.ST,2026-Q1,2026-04-28
CTT.ST,2026-Q2,2026-07-21
DIOS.ST,2024-Q1,2024-04-26
DIOS.ST,2024-Q2,2024-07-05
DIOS.ST,2024-Q3,2024-10-25
DIOS.ST,2024-Q4,2025-02-14
DIOS.ST,2025-Q1,2025-04-29
DIOS.ST,2025-Q2,2025-07-04
DIOS.ST,2025-Q3,2025-10-24
DIOS.ST,2025-Q4,2026-02-13
DIOS.ST,2026-Q1,2026-04-29
DIOS.ST,2026-Q2,2026-07-06
DOM.ST,2024-Q1,2024-04-19
DOM.ST,2024-Q2,2024-07-18
DOM.ST,2024-Q3,2024-10-23
DOM.ST,2024-Q4,2025-01-29
DOM.ST,2025-Q1,2025-04-24
DOM.ST,2025-Q2,2025-07-15
DOM.ST,2025-Q3,2025-10-23
DOM.ST,2025-Q4,2026-01-28
DOM.ST,2026-Q1,2026-04-23
DOM.ST,2026-Q2,2026-07-14
DUNI.ST,2024-Q1,2024-04-24
DUNI.ST,2024-Q2,2024-07-12
DUNI.ST,2024-Q3,2024-10-24
DUNI.ST,2024-Q4,2025-02-11
DUNI.ST,2025-Q1,2025-04-25
DUNI.ST,2025-Q2,2025-07-11
DUNI.ST,2025-Q3,2025-10-24
DUNI.ST,2025-Q4,2026-02-06
DUNI.ST,2026-Q1,2026-04-24
DUNI.ST,2026-Q2,2026-07-14
DYVOX.ST,2024-Q1,2024-04-23
DYVOX.ST,2024-Q2,2024-07-18
DYVOX.ST,2024-Q3,2024-10-23
DYVOX.ST,2024-Q4,2025-02-05
DYVOX.ST,2025-Q1,2025-04-25
DYVOX.ST,2025-Q2,2025-07-18
DYVOX.ST,2025-Q3,2025-10-23
DYVOX.ST,2025-Q4,2026-02-05
DYVOX.ST,2026-Q1,2026-04-24
DYVOX.ST,2026-Q2,2026-07-22
EAST.ST,2024-Q1,2024-04-24
EAST.ST,2024-Q2,2024-07-04
EAST.ST,2024-Q3,2024-10-24
EAST.ST,2024-Q4,2025-02-05
EAST.ST,2025-Q1,2025-04-28
EAST.ST,2025-Q2,2025-07-07
EAST.ST,2025-Q3,2025-10-23
EAST.ST,2025-Q4,2026-02-05
EAST.ST,2026-Q1,2026-04-28
EAST.ST,2026-Q2,2026-07-07
EKTA-B.ST,2024-Q3,2024-02-29
EKTA-B.ST,2024-Q4,2024-06-05
EKTA-B.ST,2025-Q1,2024-08-28
EKTA-B.ST,2025-Q2,2024-11-27
EKTA-B.ST,2025-Q3,2025-02-20
EKTA-B.ST,2025-Q4,2025-05-28
EKTA-B.ST,2026-Q1,2025-08-27
EKTA-B.ST,2026-Q2,2025-11-26
EKTA-B.ST,2026-Q3,2026-03-05
EKTA-B.ST,2026-Q4,2026-05-28
EMBRAC-B.ST,2024-Q4,2024-05-23
EMBRAC-B.ST,2025-Q1,2024-08-15
EMBRAC-B.ST,2025-Q2,2024-11-14
EMBRAC-B.ST,2025-Q3,2025-02-13
EMBRAC-B.ST,2025-Q4,2025-05-22
EMBRAC-B.ST,2026-Q1,2025-08-14
EMBRAC-B.ST,2026-Q2,2025-11-13
EMBRAC-B.ST,2026-Q3,2026-02-12
EMBRAC-B.ST,2026-Q4,2026-05-20
EMBRAC-B.ST,2027-Q1,2026-08-13
EPI-A.ST,2024-Q1,2024-04-23
EPI-A.ST,2024-Q2,2024-07-19
EPI-A.ST,2024-Q3,2024-10-25
EPI-A.ST,2024-Q4,2025-01-30
EPI-A.ST,2025-Q1,2025-04-29
EPI-A.ST,2025-Q2,2025-07-18
EPI-A.ST,2025-Q3,2025-10-29
EPI-A.ST,2025-Q4,2026-01-26
EPI-A.ST,2026-Q1,2026-04-29
EPI-A.ST,2026-Q2,2026-07-17
EPI-B.ST,2024-Q1,2024-04-23
EPI-B.ST,2024-Q2,2024-07-19
EPI-B.ST,2024-Q3,2024-10-25
EPI-B.ST,2024-Q4,2025-01-30
EPI-B.ST,2025-Q1,2025-04-29
EPI-B.ST,2025-Q2,2025-07-18
EPI-B.ST,2025-Q3,2025-10-29
EPI-B.ST,2025-Q4,2026-01-26
EPI-B.ST,2026-Q1,2026-04-29
EPI-B.ST,2026-Q2,2026-07-17
EQL.ST,2024-Q4,2024-05-14
EQL.ST,2025-Q1,2024-05-14
EQL.ST,2025-Q2,2024-08-08
EQL.ST,2025-Q3,2024-11-06
EQL.ST,2025-Q4,2025-02-05
EQL.ST,2026-Q1,2025-05-08
EQL.ST,2026-Q2,2025-08-08
EQL.ST,2026-Q3,2025-11-05
EQL.ST,2026-Q4,2026-02-03
EQL.ST,2027-Q1,2026-05-08
EQT.ST,2021-Q4,2022-01-19
EQT.ST,2022-Q2,2022-07-14
EQT.ST,2022-Q4,2023-01-18
EQT.ST,2023-Q2,2023-07-14
EQT.ST,2023-Q4,2024-01-18
EQT.ST,2024-Q2,2024-07-18
EQT.ST,2024-Q4,2025-01-23
EQT.ST,2025-Q2,2025-07-17
EQT.ST,2025-Q4,2026-01-22
EQT.ST,2026-Q2,2026-07-17
ERIC-B.ST,2024-Q1,2024-04-16
ERIC-B.ST,2024-Q2,2024-07-12
ERIC-B.ST,2024-Q3,2024-10-15
ERIC-B.ST,2024-Q4,2025-01-24
ERIC-B.ST,2025-Q1,2025-04-15
ERIC-B.ST,2025-Q2,2025-07-15
ERIC-B.ST,2025-Q3,2025-10-14
ERIC-B.ST,2025-Q4,2026-01-23
ERIC-B.ST,2026-Q1,2026-04-17
ERIC-B.ST,2026-Q2,2026-07-14
ESSITY-B.ST,2024-Q1,2024-04-25
ESSITY-B.ST,2024-Q2,2024-07-18
ESSITY-B.ST,2024-Q3,2024-10-23
ESSITY-B.ST,2024-Q4,2025-01-23
ESSITY-B.ST,2025-Q1,2025-04-24
ESSITY-B.ST,2025-Q2,2025-07-17
ESSITY-B.ST,2025-Q3,2025-10-23
ESSITY-B.ST,2025-Q4,2026-01-22
ESSITY-B.ST,2026-Q1,2026-04-23
ESSITY-B.ST,2026-Q2,2026-07-16
EVO.ST,2024-Q1,2024-04-24
EVO.ST,2024-Q2,2024-07-19
EVO.ST,2024-Q3,2024-10-24
EVO.ST,2024-Q4,2025-01-30
EVO.ST,2025-Q1,2025-04-30
EVO.ST,2025-Q2,2025-07-17
EVO.ST,2025-Q3,2025-10-23
EVO.ST,2025-Q4,2026-02-05
EVO.ST,2026-Q1,2026-04-22
EVO.ST,2026-Q2,2026-07-17
FABG.ST,2024-Q1,2024-04-25
FABG.ST,2024-Q2,2024-07-05
FABG.ST,2024-Q3,2024-10-22
FABG.ST,2024-Q4,2025-02-06
FABG.ST,2025-Q1,2025-04-14
FABG.ST,2025-Q2,2025-07-07
FABG.ST,2025-Q3,2025-10-21
FABG.ST,2025-Q4,2026-02-05
FABG.ST,2026-Q1,2026-04-23
FABG.ST,2026-Q2,2026-07-06
GENO.ST,2024-Q1,2024-02-15
GENO.ST,2024-Q2,2024-05-15
GENO.ST,2024-Q3,2024-08-20
GENO.ST,2024-Q4,2024-11-08
GENO.ST,2025-Q1,2025-02-14
GENO.ST,2025-Q2,2025-05-21
GENO.ST,2025-Q3,2025-08-12
GENO.ST,2025-Q4,2025-11-07
GENO.ST,2026-Q1,2026-02-12
GENO.ST,2026-Q2,2026-04-28
GETI-B.ST,2024-Q1,2024-04-22
GETI-B.ST,2024-Q2,2024-07-18
GETI-B.ST,2024-Q3,2024-10-18
GETI-B.ST,2024-Q4,2025-01-28
GETI-B.ST,2025-Q1,2025-04-22
GETI-B.ST,2025-Q2,2025-07-18
GETI-B.ST,2025-Q3,2025-10-21
GETI-B.ST,2025-Q4,2026-01-27
GETI-B.ST,2026-Q1,2026-04-21
GETI-B.ST,2026-Q2,2026-07-17
HANZA.ST,2024-Q1,2024-05-07
HANZA.ST,2024-Q2,2024-07-23
HANZA.ST,2024-Q3,2024-10-29
HANZA.ST,2024-Q4,2025-02-11
HANZA.ST,2025-Q1,2025-05-06
HANZA.ST,2025-Q2,2025-07-22
HANZA.ST,2025-Q3,2025-10-28
HANZA.ST,2025-Q4,2026-02-24
HANZA.ST,2026-Q1,2026-05-05
HANZA.ST,2026-Q2,2026-07-21
HEXA-B.ST,2024-Q1,2024-04-26
HEXA-B.ST,2024-Q2,2024-07-26
HEXA-B.ST,2024-Q3,2024-10-25
HEXA-B.ST,2024-Q4,2025-01-31
HEXA-B.ST,2025-Q1,2025-04-30
HEXA-B.ST,2025-Q2,2025-07-25
HEXA-B.ST,2025-Q3,2025-10-24
HEXA-B.ST,2025-Q4,2026-01-30
HEXA-B.ST,2026-Q1,2026-04-23
HEXA-B.ST,2026-Q2,2026-07-29
HMS.ST,2024-Q1,2024-04-16
HMS.ST,2024-Q2,2024-07-12
HMS.ST,2024-Q3,2024-10-18
HMS.ST,2024-Q4,2025-01-28
HMS.ST,2025-Q1,2025-04-23
HMS.ST,2025-Q2,2025-07-11
HMS.ST,2025-Q3,2025-10-21
HMS.ST,2025-Q4,2026-01-27
HMS.ST,2026-Q1,2026-04-23
HMS.ST,2026-Q2,2026-07-14
HOLM-A.ST,2026-Q2,2026-08-20
HPOL-B.ST,2024-Q1,2024-04-26
HPOL-B.ST,2024-Q2,2024-07-17
HPOL-B.ST,2024-Q3,2024-10-25
HPOL-B.ST,2024-Q4,2025-01-28
HPOL-B.ST,2025-Q1,2025-04-25
HPOL-B.ST,2025-Q2,2025-07-18
HPOL-B.ST,2025-Q3,2025-10-24
HPOL-B.ST,2025-Q4,2026-01-29
HPOL-B.ST,2026-Q1,2026-05-04
HPOL-B.ST,2026-Q2,2026-07-20
HTRO.ST,2024-Q1,2024-04-26
HTRO.ST,2024-Q2,2024-07-16
HTRO.ST,2024-Q3,2024-10-25
HTRO.ST,2024-Q4,2025-02-07
HTRO.ST,2025-Q1,2025-04-29
HTRO.ST,2025-Q2,2025-07-14
HTRO.ST,2025-Q3,2025-10-24
HTRO.ST,2025-Q4,2026-02-05
HTRO.ST,2026-Q1,2026-04-29
HTRO.ST,2026-Q2,2026-07-15
HUFV-A.ST,2023-Q4,2024-05-08
HUFV-A.ST,2024-Q1,2024-08-22
HUFV-A.ST,2024-Q2,2024-11-07
HUFV-A.ST,2024-Q3,2025-02-13
HUFV-A.ST,2024-Q4,2025-05-08
HUFV-A.ST,2025-Q1,2025-08-20
HUFV-A.ST,2025-Q2,2025-11-06
HUFV-A.ST,2025-Q3,2026-02-12
HUFV-A.ST,2025-Q4,2026-05-08
HUFV-A.ST,2026-Q1,2026-08-20
HUFV-A.ST,2026-Q2,2026-08-20
INDT.ST,2024-Q1,2024-04-25
INDT.ST,2024-Q2,2024-07-18
INDT.ST,2024-Q3,2024-10-25
INDT.ST,2024-Q4,2025-01-30
INDT.ST,2025-Q1,2025-04-25
INDT.ST,2025-Q2,2025-07-15
INDT.ST,2025-Q3,2025-10-21
INDT.ST,2025-Q4,2026-01-29
INDT.ST,2026-Q1,2026-04-24
INDT.ST,2026-Q2,2026-07-16
INTRUM.ST,2023-Q4,2024-01-25
INTRUM.ST,2024-Q1,2024-04-24
INTRUM.ST,2024-Q2,2024-07-18
INTRUM.ST,2024-Q3,2024-10-23
INTRUM.ST,2024-Q4,2025-01-30
INTRUM.ST,2025-Q1,2025-05-07
INTRUM.ST,2025-Q2,2025-07-25
INTRUM.ST,2025-Q3,2025-10-30
INTRUM.ST,2025-Q4,2026-01-29
INTRUM.ST,2026-Q1,2026-05-07
INWI.ST,2024-Q3,2024-10-22
INWI.ST,2024-Q4,2025-02-04
INWI.ST,2025-Q1,2025-04-24
INWI.ST,2025-Q2,2025-07-14
INWI.ST,2025-Q3,2025-10-21
INWI.ST,2025-Q4,2026-02-03
INWI.ST,2026-Q1,2026-04-28
INWI.ST,2026-Q2,2026-07-15
KAMBI.ST,2024-Q1,2024-04-24
KAMBI.ST,2024-Q2,2024-07-24
KAMBI.ST,2024-Q3,2024-11-06
KAMBI.ST,2024-Q4,2025-02-26
KAMBI.ST,2025-Q1,2025-04-30
KAMBI.ST,2025-Q2,2025-07-23
KAMBI.ST,2025-Q3,2025-11-05
KAMBI.ST,2025-Q4,2026-02-18
KAMBI.ST,2026-Q1,2026-04-29
KAMBI.ST,2026-Q2,2026-07-22
KNOW.ST,2024-Q1,2024-05-03
KNOW.ST,2024-Q2,2024-07-19
KNOW.ST,2024-Q3,2024-10-25
KNOW.ST,2024-Q4,2025-02-07
KNOW.ST,2025-Q1,2025-04-29
KNOW.ST,2025-Q2,2025-07-18
KNOW.ST,2025-Q3,2025-10-24
KNOW.ST,2025-Q4,2026-02-06
KNOW.ST,2026-Q1,2026-04-29
KNOW.ST,2026-Q2,2026-07-17
LAGR-B.ST,2024-Q4,2024-05-17
LAGR-B.ST,2025-Q1,2024-07-18
LAGR-B.ST,2025-Q2,2024-10-25
LAGR-B.ST,2025-Q3,2025-01-31
LAGR-B.ST,2025-Q4,2025-05-20
LAGR-B.ST,2026-Q1,2025-07-18
LAGR-B.ST,2026-Q2,2025-10-24
LAGR-B.ST,2026-Q3,2026-02-06
LAGR-B.ST,2026-Q4,2026-05-19
LAGR-B.ST,2027-Q1,2026-07-17
LIFCO-B.ST,2024-Q4,2025-01-31
LIFCO-B.ST,2025-Q1,2025-04-25
LIFCO-B.ST,2025-Q2,2025-07-14
LIFCO-B.ST,2025-Q3,2025-10-23
LIFCO-B.ST,2025-Q4,2026-01-30
LIFCO-B.ST,2026-Q1,2026-04-24
LIFCO-B.ST,2026-Q2,2026-07-14
LIME.ST,2024-Q1,2024-04-25
LIME.ST,2024-Q2,2024-07-12
LIME.ST,2024-Q3,2024-10-23
LIME.ST,2024-Q4,2025-02-12
LIME.ST,2025-Q1,2025-04-24
LIME.ST,2025-Q2,2025-07-12
LIME.ST,2025-Q3,2025-10-21
LIME.ST,2025-Q4,2026-02-12
LIME.ST,2026-Q1,2026-04-21
LIME.ST,2026-Q2,2026-07-14
LOOMIS.ST,2024-Q1,2024-05-06
LOOMIS.ST,2024-Q2,2024-07-24
LOOMIS.ST,2024-Q3,2024-10-29
LOOMIS.ST,2024-Q4,2025-02-05
LOOMIS.ST,2025-Q1,2025-05-07
LOOMIS.ST,2025-Q2,2025-07-25
LOOMIS.ST,2025-Q3,2025-10-31
LOOMIS.ST,2025-Q4,2026-02-04
LOOMIS.ST,2026-Q1,2026-05-07
LOOMIS.ST,2026-Q2,2026-07-24
LUMI.ST,2024-Q1,2024-05-01
LUMI.ST,2024-Q2,2024-07-30
LUMI.ST,2024-Q3,2024-11-06
LUMI.ST,2024-Q4,2025-02-20
LUMI.ST,2025-Q1,2025-05-08
LUMI.ST,2025-Q2,2025-08-06
LUMI.ST,2025-Q3,2025-11-06
LUMI.ST,2025-Q4,2026-02-20
LUMI.ST,2026-Q1,2026-05-06
LUMI.ST,2026-Q2,2026-08-06
MCAP.ST,2026-Q2,2026-07-21
MCOV-B.ST,2024-Q4,2025-02-12
MCOV-B.ST,2025-Q1,2025-04-29
MCOV-B.ST,2025-Q2,2025-07-24
MCOV-B.ST,2025-Q3,2025-11-05
MCOV-B.ST,2025-Q4,2026-02-10
MCOV-B.ST,2026-Q1,2026-04-29
MCOV-B.ST,2026-Q2,2026-07-22
MSAB-B.ST,2026-Q1,2026-01-27
MSAB-B.ST,2026-Q2,2026-04-28
MTG-B.ST,2024-Q1,2024-04-24
MTG-B.ST,2024-Q2,2024-07-18
MTG-B.ST,2024-Q3,2024-10-24
MTG-B.ST,2024-Q4,2025-02-06
MTG-B.ST,2025-Q1,2025-04-29
MTG-B.ST,2025-Q2,2025-07-18
MTG-B.ST,2025-Q3,2025-11-13
MTG-B.ST,2025-Q4,2026-02-05
MTG-B.ST,2026-Q1,2026-04-29
MTG-B.ST,2026-Q2,2026-07-21
MTRS.ST,2024-Q1,2024-04-24
MTRS.ST,2024-Q2,2024-07-17
MTRS.ST,2024-Q3,2024-10-22
MTRS.ST,2024-Q4,2025-02-05
MTRS.ST,2025-Q1,2025-04-29
MTRS.ST,2025-Q2,2025-07-18
MTRS.ST,2025-Q3,2025-10-24
MTRS.ST,2025-Q4,2026-01-29
MTRS.ST,2026-Q1,2026-04-28
MTRS.ST,2026-Q2,2026-07-17
MYCR.ST,2025-Q1,2025-04-25
MYCR.ST,2025-Q2,2025-07-11
MYCR.ST,2025-Q3,2025-10-23
MYCR.ST,2025-Q4,2026-02-05
MYCR.ST,2026-Q1,2026-04-24
MYCR.ST,2026-Q2,2026-07-14
NDA-SE.ST,2024-Q1,2024-04-18
NDA-SE.ST,2024-Q2,2024-07-15
NDA-SE.ST,2024-Q3,2024-10-17
NDA-SE.ST,2024-Q4,2025-01-30
NDA-SE.ST,2025-Q1,2025-04-16
NDA-SE.ST,2025-Q2,2025-07-17
NDA-SE.ST,2025-Q3,2025-10-16
NDA-SE.ST,2025-Q4,2026-01-29
NDA-SE.ST,2026-Q1,2026-04-22
NDA-SE.ST,2026-Q2,2026-07-16
NEWA-B.ST,2023-Q4,2024-04-25
NEWA-B.ST,2024-Q1,2024-08-15
NEWA-B.ST,2024-Q2,2024-11-07
NEWA-B.ST,2024-Q3,2025-02-06
NEWA-B.ST,2024-Q4,2025-04-24
NEWA-B.ST,2025-Q1,2025-08-14
NEWA-B.ST,2025-Q2,2025-11-07
NEWA-B.ST,2025-Q3,2026-02-05
NEWA-B.ST,2025-Q4,2026-04-23
NEWA-B.ST,2026-Q1,2026-08-20
NIBE-B.ST,2023-Q4,2024-05-16
NIBE-B.ST,2024-Q1,2024-08-16
NIBE-B.ST,2024-Q2,2024-11-15
NIBE-B.ST,2024-Q3,2025-02-14
NIBE-B.ST,2024-Q4,2025-05-15
NIBE-B.ST,2025-Q1,2025-08-22
NIBE-B.ST,2025-Q2,2025-11-14
NIBE-B.ST,2025-Q3,2026-02-12
NIBE-B.ST,2025-Q4,2026-05-19
NIBE-B.ST,2026-Q1,2026-08-21
NIBE-B.ST,2026-Q2,2026-08-21
NMAN.ST,2026-Q2,2026-07-16
NOLA-B.ST,2026-Q2,2026-07-17
NORION.ST,2024-Q1,2024-02-07
NORION.ST,2024-Q2,2024-04-23
NORION.ST,2024-Q3,2024-07-12
NORION.ST,2024-Q4,2024-10-18
NORION.ST,2025-Q1,2025-02-05
NORION.ST,2025-Q2,2025-04-24
NORION.ST,2025-Q3,2025-07-14
NORION.ST,2025-Q4,2025-10-17
NORION.ST,2026-Q1,2026-02-05
NORION.ST,2026-Q2,2026-04-23
PACT.ST,2024-Q1,2024-05-07
PACT.ST,2024-Q2,2024-07-12
PACT.ST,2024-Q3,2024-10-25
PACT.ST,2024-Q4,2025-02-11
PACT.ST,2025-Q1,2025-05-06
PACT.ST,2025-Q2,2025-07-14
PACT.ST,2025-Q3,2025-10-24
PACT.ST,2025-Q4,2026-02-10
PACT.ST,2026-Q1,2026-05-05
PACT.ST,2026-Q2,2026-07-16
PEAB-B.ST,2024-Q1,2024-05-06
PEAB-B.ST,2024-Q2,2024-07-16
PEAB-B.ST,2024-Q3,2024-10-25
PEAB-B.ST,2024-Q4,2025-02-06
PEAB-B.ST,2025-Q1,2025-05-06
PEAB-B.ST,2025-Q2,2025-07-15
PEAB-B.ST,2025-Q3,2025-10-24
PEAB-B.ST,2025-Q4,2026-02-04
PEAB-B.ST,2026-Q1,2026-04-29
PEAB-B.ST,2026-Q2,2026-07-14
PLAZ-B.ST,2026-Q2,2026-07-03
PNDX-B.ST,2024-Q1,2024-04-25
PNDX-B.ST,2024-Q2,2024-07-12
PNDX-B.ST,2024-Q3,2024-10-24
PNDX-B.ST,2024-Q4,2025-02-06
PNDX-B.ST,2025-Q1,2025-04-29
PNDX-B.ST,2025-Q2,2025-07-11
PNDX-B.ST,2025-Q3,2025-10-23
PNDX-B.ST,2025-Q4,2026-02-05
PNDX-B.ST,2026-Q1,2026-04-29
PNDX-B.ST,2026-Q2,2026-07-15
REJL-B.ST,2024-Q2,2024-07-15
REJL-B.ST,2024-Q3,2024-10-24
REJL-B.ST,2024-Q4,2025-02-06
REJL-B.ST,2025-Q1,2025-04-24
REJL-B.ST,2025-Q2,2025-07-15
REJL-B.ST,2025-Q3,2025-10-23
REJL-B.ST,2025-Q4,2026-02-05
REJL-B.ST,2026-Q1,2026-04-29
REJL-B.ST,2026-Q2,2026-07-15
SAAB-B.ST,2024-Q1,2024-04-26
SAAB-B.ST,2024-Q2,2024-07-19
SAAB-B.ST,2024-Q3,2024-10-22
SAAB-B.ST,2024-Q4,2025-02-07
SAAB-B.ST,2025-Q1,2025-04-25
SAAB-B.ST,2025-Q2,2025-07-18
SAAB-B.ST,2025-Q3,2025-10-24
SAAB-B.ST,2025-Q4,2026-02-05
SAAB-B.ST,2026-Q1,2026-04-23
SAAB-B.ST,2026-Q2,2026-07-17
SAVE.ST,2024-Q1,2024-04-23
SAVE.ST,2024-Q2,2024-07-23
SAVE.ST,2024-Q3,2024-10-25
SAVE.ST,2024-Q4,2025-01-28
SAVE.ST,2025-Q1,2025-04-24
SAVE.ST,2025-Q2,2025-07-18
SAVE.ST,2025-Q3,2025-10-21
SAVE.ST,2025-Q4,2026-01-28
SAVE.ST,2026-Q1,2026-04-24
SAVE.ST,2026-Q2,2026-07-17
SCA-B.ST,2024-Q1,2024-04-26
SCA-B.ST,2024-Q2,2024-07-26
SCA-B.ST,2024-Q3,2024-10-25
SCA-B.ST,2024-Q4,2025-01-31
SCA-B.ST,2025-Q1,2025-04-25
SCA-B.ST,2025-Q2,2025-07-25
SCA-B.ST,2025-Q3,2025-10-24
SCA-B.ST,2025-Q4,2026-01-30
SCA-B.ST,2026-Q1,2026-04-24
SCA-B.ST,2026-Q2,2026-07-22
SCST.ST,2024-Q4,2025-02-06
SCST.ST,2025-Q1,2025-04-29
SCST.ST,2025-Q2,2025-07-17
SCST.ST,2025-Q3,2025-10-23
SCST.ST,2025-Q4,2026-02-05
SCST.ST,2026-Q1,2026-04-28
SCST.ST,2026-Q2,2026-07-17
SEB-A.ST,2024-Q1,2024-04-24
SEB-A.ST,2024-Q2,2024-07-16
SEB-A.ST,2024-Q3,2024-10-24
SEB-A.ST,2024-Q4,2025-01-29
SEB-A.ST,2025-Q1,2025-04-29
SEB-A.ST,2025-Q2,2025-07-16
SEB-A.ST,2025-Q3,2025-10-23
SEB-A.ST,2025-Q4,2026-01-29
SEB-A.ST,2026-Q1,2026-04-29
SEB-A.ST,2026-Q2,2026-07-15
SECARE.ST,2024-Q1,2024-04-25
SECARE.ST,2024-Q2,2024-07-25
SECARE.ST,2024-Q3,2024-10-23
SECARE.ST,2024-Q4,2025-02-13
SECARE.ST,2025-Q1,2025-04-24
SECARE.ST,2025-Q2,2025-07-23
SECARE.ST,2025-Q3,2025-10-22
SECARE.ST,2025-Q4,2026-02-12
SECARE.ST,2026-Q1,2026-04-23
SECARE.ST,2026-Q2,2026-07-22
SECT-B.ST,2026-Q1,2025-09-04
SECT-B.ST,2026-Q2,2025-12-12
SECT-B.ST,2026-Q3,2026-03-06
SECT-B.ST,2026-Q4,2026-06-05
SECU-B.ST,2024-Q1,2024-05-08
SECU-B.ST,2024-Q2,2024-07-30
SECU-B.ST,2024-Q3,2024-11-06
SECU-B.ST,2024-Q4,2025-02-06
SECU-B.ST,2025-Q1,2025-05-08
SECU-B.ST,2025-Q2,2025-07-30
SECU-B.ST,2025-Q3,2025-11-06
SECU-B.ST,2025-Q4,2026-02-04
SECU-B.ST,2026-Q1,2026-04-28
SECU-B.ST,2026-Q2,2026-07-24
SFAST.ST,2026-Q2,2026-02-19
SHB-A.ST,2024-Q1,2024-04-24
SHB-A.ST,2024-Q2,2024-07-17
SHB-A.ST,2024-Q3,2024-10-23
SHB-A.ST,2024-Q4,2025-02-05
SHB-A.ST,2025-Q1,2025-04-30
SHB-A.ST,2025-Q2,2025-07-16
SHB-A.ST,2025-Q3,2025-10-22
SHB-A.ST,2025-Q4,2026-02-04
SHB-A.ST,2026-Q1,2026-04-22
SHB-A.ST,2026-Q2,2026-07-15
SHOT.ST,2024-Q1,2024-04-24
SHOT.ST,2024-Q2,2024-07-17
SHOT.ST,2024-Q3,2024-10-30
SHOT.ST,2024-Q4,2025-02-19
SHOT.ST,2025-Q1,2025-04-15
SHOT.ST,2025-Q2,2025-07-15
SHOT.ST,2025-Q3,2025-10-29
SHOT.ST,2025-Q4,2026-02-18
SHOT.ST,2026-Q1,2026-04-22
SHOT.ST,2026-Q2,2026-07-15
SINT.ST,2024-Q2,2024-04-24
SINT.ST,2024-Q3,2024-08-21
SINT.ST,2024-Q4,2024-11-06
SINT.ST,2025-Q1,2025-02-19
SINT.ST,2025-Q2,2025-04-30
SINT.ST,2025-Q3,2025-08-20
SINT.ST,2025-Q4,2025-11-05
SINT.ST,2026-Q1,2026-02-17
SINT.ST,2026-Q2,2026-04-29
SOBI.ST,2024-Q1,2024-04-25
SOBI.ST,2024-Q2,2024-07-16
SOBI.ST,2024-Q3,2024-10-24
SOBI.ST,2024-Q4,2025-02-05
SOBI.ST,2025-Q1,2025-04-29
SOBI.ST,2025-Q2,2025-07-16
SOBI.ST,2025-Q3,2025-10-20
SOBI.ST,2025-Q4,2026-02-05
SOBI.ST,2026-Q1,2026-04-28
SOBI.ST,2026-Q2,2026-07-16
SVED-B.ST,2024-Q1,2024-02-29
SVED-B.ST,2024-Q2,2024-04-24
SVED-B.ST,2024-Q3,2024-07-18
SVED-B.ST,2024-Q4,2024-10-25
SVED-B.ST,2025-Q1,2025-02-11
SVED-B.ST,2025-Q2,2025-04-29
SVED-B.ST,2025-Q3,2025-07-18
SVED-B.ST,2025-Q4,2025-10-29
SVED-B.ST,2026-Q1,2026-02-04
SVED-B.ST,2026-Q2,2026-04-23
SWEC-A.ST,2024-Q1,2024-05-16
SWEC-A.ST,2024-Q2,2024-07-16
SWEC-A.ST,2024-Q3,2024-10-30
SWEC-A.ST,2024-Q4,2025-02-07
SWEC-A.ST,2025-Q1,2025-04-29
SWEC-A.ST,2025-Q2,2025-07-16
SWEC-A.ST,2025-Q3,2025-10-29
SWEC-A.ST,2025-Q4,2026-02-11
SWEC-A.ST,2026-Q1,2026-04-28
SWEC-A.ST,2026-Q2,2026-07-17
SWEC-B.ST,2024-Q1,2024-05-16
SWEC-B.ST,2024-Q2,2024-07-16
SWEC-B.ST,2024-Q3,2024-10-30
SWEC-B.ST,2024-Q4,2025-02-07
SWEC-B.ST,2025-Q1,2025-04-29
SWEC-B.ST,2025-Q2,2025-07-16
SWEC-B.ST,2025-Q3,2025-10-29
SWEC-B.ST,2025-Q4,2026-02-11
SWEC-B.ST,2026-Q1,2026-04-28
SWEC-B.ST,2026-Q2,2026-07-17
SWED-A.ST,2024-Q1,2024-04-25
SWED-A.ST,2024-Q2,2024-07-16
SWED-A.ST,2024-Q3,2024-10-23
SWED-A.ST,2024-Q4,2025-01-23
SWED-A.ST,2025-Q1,2025-04-29
SWED-A.ST,2025-Q2,2025-07-17
SWED-A.ST,2025-Q3,2025-10-23
SWED-A.ST,2025-Q4,2026-01-29
SWED-A.ST,2026-Q1,2026-04-29
SWED-A.ST,2026-Q2,2026-07-17
SYSR.ST,2024-Q3,2024-03-05
SYSR.ST,2024-Q4,2024-06-04
SYSR.ST,2025-Q1,2024-08-29
SYSR.ST,2025-Q2,2024-12-04
SYSR.ST,2025-Q3,2025-03-06
SYSR.ST,2025-Q4,2025-06-05
SYSR.ST,2026-Q1,2025-08-28
SYSR.ST,2026-Q2,2025-12-04
SYSR.ST,2026-Q3,2026-03-05
SYSR.ST,2026-Q4,2026-06-10
TEL2-B.ST,2024-Q1,2024-04-18
TEL2-B.ST,2024-Q2,2024-07-17
TEL2-B.ST,2024-Q3,2024-10-22
TEL2-B.ST,2024-Q4,2025-01-28
TEL2-B.ST,2025-Q1,2025-04-23
TEL2-B.ST,2025-Q2,2025-07-17
TEL2-B.ST,2025-Q3,2025-10-21
TEL2-B.ST,2025-Q4,2026-01-28
TEL2-B.ST,2026-Q1,2026-04-22
TEL2-B.ST,2026-Q2,2026-07-16
THULE.ST,2024-Q1,2024-04-26
THULE.ST,2024-Q2,2024-07-17
THULE.ST,2024-Q3,2024-10-23
THULE.ST,2024-Q4,2025-02-07
THULE.ST,2025-Q1,2025-04-28
THULE.ST,2025-Q2,2025-07-15
THULE.ST,2025-Q3,2025-10-22
THULE.ST,2025-Q4,2026-02-10
THULE.ST,2026-Q1,2026-04-29
THULE.ST,2026-Q2,2026-07-20
TREL-B.ST,2024-Q1,2024-04-24
TREL-B.ST,2024-Q2,2024-07-18
TREL-B.ST,2024-Q3,2024-10-24
TREL-B.ST,2024-Q4,2025-01-28
TREL-B.ST,2025-Q1,2025-04-24
TREL-B.ST,2025-Q2,2025-07-17
TREL-B.ST,2025-Q3,2025-10-24
TREL-B.ST,2025-Q4,2026-01-29
TREL-B.ST,2026-Q1,2026-04-23
TREL-B.ST,2026-Q2,2026-07-16
VBG-B.ST,2024-Q1,2024-04-25
VBG-B.ST,2024-Q2,2024-07-19
VBG-B.ST,2024-Q3,2024-10-23
VBG-B.ST,2024-Q4,2025-02-19
VBG-B.ST,2025-Q1,2025-04-28
VBG-B.ST,2025-Q2,2025-07-17
VBG-B.ST,2025-Q3,2025-10-28
VBG-B.ST,2025-Q4,2026-02-18
VBG-B.ST,2026-Q1,2026-04-27
VBG-B.ST,2026-Q2,2026-07-17
VIT-B.ST,2024-Q1,2024-04-18
VIT-B.ST,2024-Q2,2024-07-12
VIT-B.ST,2024-Q3,2024-10-17
VIT-B.ST,2024-Q4,2025-02-05
VIT-B.ST,2025-Q1,2025-04-23
VIT-B.ST,2025-Q2,2025-07-11
VIT-B.ST,2025-Q3,2025-10-16
VIT-B.ST,2025-Q4,2026-02-06
VIT-B.ST,2026-Q1,2026-04-23
VIT-B.ST,2026-Q2,2026-07-14
VITR.ST,2025-Q4,2026-02-03
VITR.ST,2026-Q1,2026-04-23
VITR.ST,2026-Q2,2026-07-16
VIVA.ST,2024-Q2,2024-02-22
VIVA.ST,2024-Q3,2024-05-16
VIVA.ST,2024-Q4,2024-08-28
VIVA.ST,2025-Q1,2024-11-20
VIVA.ST,2025-Q2,2025-02-20
VIVA.ST,2025-Q3,2025-05-15
VIVA.ST,2025-Q4,2025-08-28
VIVA.ST,2026-Q1,2025-11-20
VIVA.ST,2026-Q2,2026-08-20
WALL-B.ST,2026-Q2,2026-07-06
