ticker,company,isin,price_currency,report_currency
AAK,AAK,SE0011337708,SEK,SEK
ABB,ABB,CH0012221716,SEK,USD
ADDT B,Addtech,SE0014781795,SEK,SEK
ALIG,Alimak,SE0007158910,SEK,SEK
ALIV SDB,Autoliv,SE0021309614,SEK,USD
ALLEI,Alleima,SE0017615644,SEK,SEK
ANOD B,Addnode,SE0017885767,SEK,SEK
ARJO B,Arjo,SE0010468116,SEK,SEK
ASSA B,Assa Abloy,SE0007100581,SEK,SEK
ATCO A,Atlas Copco A,SE0017486889,SEK,SEK
ATCO B,Atlas Copco B,SE0017486897,SEK,SEK
ATRLJ B,Atrium Ljungberg,SE0024320832,SEK,SEK
ATT,Attendo,SE0007666110,SEK,SEK
AXFO,Axfood,SE0006993770,SEK,SEK
AZA,Avanza Bank,SE0012454072,SEK,SEK
AZN,AstraZeneca,GB0009895292,SEK,USD
BAHN B,Bahnhof,SE0010442418,SEK,SEK
BALD B,Fast Balder,SE0017832488,SEK,SEK
BEIA B,Beijer Alma,SE0011090547,SEK,SEK
BEIJ B,Beijer Ref AB (publ),nan,SEK,SEK
BERG B,Bergman & Beving,SE0000101362,SEK,SEK
BETS B,Betsson,SE0022726485,SEK,EUR
BILI A,Bilia,SE0009921588,SEK,SEK
BIOG B,BioGaia,SE0017769995,SEK,SEK
BOL,Boliden,SE0020050417,SEK,SEK
BORG,Björn Borg,SE0021921327,SEK,SEK
BRAV,Bravida,SE0007491303,SEK,SEK
BTS B,BTS Group,SE0000805426,SEK,SEK
CAST,Castellum,SE0000379190,SEK,SEK
CATE,Catena,SE0001664707,SEK,SEK
CIBUS,Cibus Real Estate,SE0010832204,SEK,EUR
CLA B,Cloetta,SE0002626861,SEK,SEK
CLAS B,Clas Ohlson,SE0000584948,SEK,SEK
COOR,Coor Service Management,SE0007158829,SEK,SEK
CTT,CTT Systems,SE0000418923,SEK,SEK
DIOS,Diös Fastigheter,SE0001634262,SEK,SEK
DOM,Dometic,SE0007691613,SEK,SEK
DUNI,Duni,SE0000616716,SEK,SEK
DYVOX,Dynavox Group,SE0017105620,SEK,SEK
EAST,Eastnine,SE0022050183,SEK,EUR
EKTA B,Elekta,SE0000163628,SEK,SEK
EMBRAC B,Embracer,SE0023615885,SEK,SEK
EPI A,Epiroc A,SE0015658109,SEK,SEK
EPI B,Epiroc B,SE0015658117,SEK,SEK
EQL,EQL Pharma,SE0005497732,SEK,SEK
EQT,EQT,SE0012853455,SEK,EUR
ERIC B,Ericsson B,SE0000108656,SEK,SEK
ESSITY B,Essity B,SE0009922164,SEK,SEK
EVO,Evolution,SE0012673267,SEK,EUR
FABG,Fabege,SE0011166974,SEK,SEK
FOI B,Fenix Outdoor International AG,nan,SEK,EUR
GENO,Genovis AB (publ.),nan,SEK,SEK
GETI B,Getinge AB (publ),nan,SEK,SEK
HANZA,Hanza AB (publ),nan,SEK,SEK
HEXA B,Hexagon AB (publ),nan,SEK,EUR
HMS,HMS Networks AB (publ),nan,SEK,SEK
HOLM A,Holmen AB (publ),nan,SEK,SEK
HPOL B,HEXPOL AB (publ),nan,SEK,SEK
HTRO,Hexatronic Group AB (publ),nan,SEK,SEK
HUFV A,Hufvudstaden AB (publ),nan,SEK,SEK
INDT,Indutrade AB (publ),nan,SEK,SEK
INDU A,AB Industrivärden (publ),nan,SEK,SEK
INTRUM,Intrum AB (publ),nan,SEK,SEK
INVE A,Investor AB (publ),nan,SEK,SEK
INWI,Inwido AB (publ),nan,SEK,SEK
KAMBI,Kambi Group plc,nan,SEK,EUR
KNOW,Knowit AB (publ),nan,SEK,SEK
LAGR B,Lagercrantz Group AB (publ),nan,SEK,SEK
LIFCO B,Lifco AB (publ),nan,SEK,SEK
LIME,Lime Technologies AB (publ),nan,SEK,SEK
LOOMIS,Loomis AB (publ),nan,SEK,SEK
LUMI,Lundin Mining Corporation,nan,SEK,USD
MCAP,MedCap AB (publ),nan,SEK,SEK
MCOV B,Medicover AB (publ),nan,SEK,EUR
MSAB B,Micro Systemation AB (publ),nan,SEK,SEK
MTG B,Modern Times Group MTG AB,nan,SEK,SEK
MTRS,Munters Group AB (publ),nan,SEK,SEK
MYCR,Mycronic AB (publ),nan,SEK,SEK
NDA SE,Nordea Bank Abp,nan,SEK,EUR
NEWA B,New Wave Group AB (publ),nan,SEK,SEK
NIBE B,NIBE Industrier AB (publ),nan,SEK,SEK
NMAN,Nederman Holding AB (publ),nan,SEK,SEK
NOLA B,Nolato AB (publ),nan,SEK,SEK
NORION,Norion Bank AB (publ),nan,SEK,SEK
PACT,Proact IT Group AB (publ),nan,SEK,SEK
PEAB B,Peab AB (publ),nan,SEK,SEK
PLAZ B,Platzer Fastigheter Holding AB (publ),nan,SEK,SEK
PNDX B,Pandox AB (publ),nan,SEK,SEK
REJL B,Rejlers AB (publ),nan,SEK,SEK
SAAB B,Saab AB (publ),nan,SEK,SEK
SAGA A,AB Sagax (publ),nan,SEK,SEK
SAVE,Nordnet AB (publ),nan,SEK,SEK
SCA B,Svenska Cellulosa Aktiebolaget SCA (publ),nan,SEK,SEK
SCST,Scandi Standard AB (publ),nan,SEK,SEK
SEB A,Skandinaviska Enskilda Banken AB (publ),nan,SEK,SEK
SECARE,Swedencare AB (publ),nan,SEK,SEK
SECT B,Sectra AB (publ),nan,SEK,SEK
SECU B,Securitas AB (publ),nan,SEK,SEK
SFAST,Stenhus Fastigheter i Norden AB (publ),nan,SEK,SEK
SHB A,Svenska Handelsbanken AB (publ),nan,SEK,SEK
SHOT,Scandic Hotels Group AB (publ),nan,SEK,SEK
SINT,SinterCast AB (publ),nan,SEK,SEK
SOBI,Swedish Orphan Biovitrum AB (publ),nan,SEK,SEK
SVED B,Svedbergs Group AB (publ),nan,SEK,SEK
SWEC A,Sweco AB (publ),nan,SEK,SEK
SWEC B,Sweco AB (publ),nan,SEK,SEK
SWED A,Swedbank AB (publ),nan,SEK,SEK
SYSR,Systemair AB (publ),nan,SEK,SEK
TEL2 B,Tele2 AB (publ),nan,SEK,SEK
THULE,Thule Group AB (publ),nan,SEK,SEK
TREL B,Trelleborg AB (publ),nan,SEK,SEK
VBG B,VBG Group AB (publ),nan,SEK,SEK
VIT B,Vitec Software Group AB (publ),nan,SEK,SEK
VITR,Vitrolife AB (publ),nan,SEK,SEK
VIVA,Viva Wine Group AB,nan,SEK,SEK
VOLV A,AB Volvo (publ),nan,SEK,SEK
WALL B,Wallenstam AB (publ),nan,SEK,SEK
WIHL,Wihlborgs Fastigheter AB (publ),nan,SEK,SEK
ZZ B,Zinzino AB (publ),nan,SEK,SEK
