ticker,report_date_start,report_date_end,date_status,expected_eps,expected_eps_low,expected_eps_high,expected_eps_currency,expected_eps_metric,expected_eps_verified,source,observed_date
AAK.ST,2026-10-23,2026-10-23,confirmed,3.54,3.51,3.57,SEK,Yahoo EPS Estimate (definition unverified),False,Yahoo Finance / calendarEvents,2026-09-15
AAK.ST,2026-10-23,2026-10-23,confirmed,3.585,3.57,3.6,SEK,Yahoo EPS Estimate (definition unverified),False,Yahoo Finance / calendarEvents,2026-09-17
AAK.ST,2026-10-23,2026-10-23,confirmed,,,,,,False,Börskollen / rapportkalender,2026-09-19
AAK.ST,2026-10-23,2026-10-23,confirmed,3.585,3.57,3.6,SEK,Yahoo EPS Estimate (definition unverified),False,Yahoo Finance / calendarEvents,2026-09-20
AAK.ST,2026-10-23,2026-10-23,confirmed,3.4575,3.22,3.6,SEK,Yahoo EPS Estimate (definition unverified),False,Yahoo Finance / calendarEvents,2026-10-04
ABB.ST,2026-10-20,2026-10-20,confirmed,0.81667,0.79,0.85,USD,Yahoo EPS Estimate (definition unverified),False,Yahoo Finance / calendarEvents,2026-09-15
ABB.ST,2026-10-20,2026-10-20,confirmed,0.8225,0.79,0.85,USD,Yahoo EPS Estimate (definition unverified),False,Yahoo Finance / calendarEvents,2026-09-17
ABB.ST,2026-10-20,2026-10-20,confirmed,,,,,,False,Börskollen / rapportkalender,2026-09-17
ABB.ST,2026-10-20,2026-10-20,confirmed,0.8225,0.79,0.85,USD,Yahoo EPS Estimate (definition unverified),False,Yahoo Finance / calendarEvents,2026-09-20
ABB.ST,2026-10-20,2026-10-20,confirmed,0.82667,0.79,0.85,USD,Yahoo EPS Estimate (definition unverified),False,Yahoo Finance / calendarEvents,2026-10-04
ABB.ST,2026-10-20,2026-10-20,confirmed,,,,,,False,MFN / bolagets rapportkalender,2026-10-06
ABB.ST,2026-10-20,2026-10-20,confirmed,,,,,,False,MFN / bolagets rapportkalender,2026-10-07
ADDT-B.ST,2026-10-22,2026-10-22,confirmed,2.25206,2.00617,2.6,SEK,Yahoo EPS Estimate (definition unverified),False,Yahoo Finance / calendarEvents,2026-09-15
ADDT-B.ST,2026-10-22,2026-10-22,confirmed,,,,,,False,Börskollen / rapportkalender,2026-09-17
ADDT-B.ST,2026-10-22,2026-10-22,confirmed,2.25206,2.00617,2.6,SEK,Yahoo EPS Estimate (definition unverified),False,Yahoo Finance / calendarEvents,2026-09-20
ALIG.ST,2026-10-23,2026-10-23,confirmed,,,,SEK,Yahoo EPS Estimate (definition unverified),False,Yahoo Finance / calendarEvents,2026-09-15
ALIG.ST,2026-10-23,2026-10-23,confirmed,,,,,,False,Börskollen / rapportkalender,2026-09-19
ALIG.ST,2026-10-23,2026-10-23,confirmed,,,,SEK,Yahoo EPS Estimate (definition unverified),False,Yahoo Finance / calendarEvents,2026-09-20
ALIV-SDB.ST,2026-10-23,2026-10-23,confirmed,2.14267,1.918,2.33,USD,Yahoo EPS Estimate (definition unverified),False,Yahoo Finance / calendarEvents,2026-09-15
ALIV-SDB.ST,2026-10-23,2026-10-23,confirmed,,,,,,False,Börskollen / rapportkalender,2026-09-19
ALIV-SDB.ST,2026-10-23,2026-10-23,confirmed,2.14267,1.918,2.33,USD,Yahoo EPS Estimate (definition unverified),False,Yahoo Finance / calendarEvents,2026-09-20
ALIV-SDB.ST,2026-10-23,2026-10-23,confirmed,2.15267,1.918,2.34,USD,Yahoo EPS Estimate (definition unverified),False,Yahoo Finance / calendarEvents,2026-09-27
ALLEI.ST,2026-10-26,2026-10-26,confirmed,0.79,0.67,0.9,SEK,Yahoo EPS Estimate (definition unverified),False,Yahoo Finance / calendarEvents,2026-09-15
ALLEI.ST,2026-10-26,2026-10-26,confirmed,,,,,,False,Börskollen / rapportkalender,2026-09-26
ALLEI.ST,2026-10-26,2026-10-26,confirmed,0.79,0.67,0.9,SEK,Yahoo EPS Estimate (definition unverified),False,Yahoo Finance / calendarEvents,2026-09-27
ALLEI.ST,2026-10-26,2026-10-26,confirmed,0.78,0.64,0.9,SEK,Yahoo EPS Estimate (definition unverified),False,Yahoo Finance / calendarEvents,2026-10-04
ANOD-B.ST,2026-10-23,2026-10-23,confirmed,0.45444,0.4,0.50887,SEK,Yahoo EPS Estimate (definition unverified),False,Yahoo Finance / calendarEvents,2026-09-15
ANOD-B.ST,2026-10-23,2026-10-23,confirmed,,,,,,False,Börskollen / rapportkalender,2026-09-19
ANOD-B.ST,2026-10-23,2026-10-23,confirmed,0.45444,0.4,0.50887,SEK,Yahoo EPS Estimate (definition unverified),False,Yahoo Finance / calendarEvents,2026-09-20
ANOD-B.ST,2026-10-23,2026-10-23,confirmed,0.44323,0.41,0.47646,SEK,Yahoo EPS Estimate (definition unverified),False,Yahoo Finance / calendarEvents,2026-10-04
ARJO-B.ST,2026-10-22,2026-10-22,confirmed,0.40413,0.40413,0.40413,SEK,Yahoo EPS Estimate (definition unverified),False,Yahoo Finance / calendarEvents,2026-09-15
ARJO-B.ST,2026-10-22,2026-10-22,confirmed,,,,,,False,Börskollen / rapportkalender,2026-09-17
ARJO-B.ST,2026-10-22,2026-10-22,confirmed,0.40413,0.40413,0.40413,SEK,Yahoo EPS Estimate (definition unverified),False,Yahoo Finance / calendarEvents,2026-09-20
ARJO-B.ST,2026-10-22,2026-10-22,confirmed,0.4,0.4,0.4,SEK,Yahoo EPS Estimate (definition unverified),False,Yahoo Finance / calendarEvents,2026-09-27
ARJO-B.ST,2026-10-22,2026-10-22,confirmed,0.40434,0.40434,0.40434,SEK,Yahoo EPS Estimate (definition unverified),False,Yahoo Finance / calendarEvents,2026-10-04
ASSA-B.ST,2026-10-27,2026-10-27,confirmed,4.39044,4.13,4.88208,SEK,Yahoo EPS Estimate (definition unverified),False,Yahoo Finance / calendarEvents,2026-09-15
ASSA-B.ST,2026-10-27,2026-10-27,confirmed,4.38844,4.11,4.88208,SEK,Yahoo EPS Estimate (definition unverified),False,Yahoo Finance / calendarEvents,2026-09-17
ASSA-B.ST,2026-10-27,2026-10-27,confirmed,,,,,,False,Börskollen / rapportkalender,2026-09-26
ASSA-B.ST,2026-10-27,2026-10-27,confirmed,4.36638,4.11,4.88208,SEK,Yahoo EPS Estimate (definition unverified),False,Yahoo Finance / calendarEvents,2026-09-27
ASSA-B.ST,2026-10-27,2026-10-27,confirmed,4.35803,4.11,4.88208,SEK,Yahoo EPS Estimate (definition unverified),False,Yahoo Finance / calendarEvents,2026-10-04
ATCO-A.ST,2026-10-22,2026-10-22,confirmed,1.66484,1.6,1.73,SEK,Yahoo EPS Estimate (definition unverified),False,Yahoo Finance / calendarEvents,2026-09-15
ATCO-A.ST,2026-10-22,2026-10-22,confirmed,,,,,,False,Börskollen / rapportkalender,2026-09-17
ATCO-A.ST,2026-10-22,2026-10-22,confirmed,1.66484,1.6,1.73,SEK,Yahoo EPS Estimate (definition unverified),False,Yahoo Finance / calendarEvents,2026-09-20
ATCO-B.ST,2026-10-22,2026-10-22,confirmed,,,,SEK,Yahoo EPS Estimate (definition unverified),False,Yahoo Finance / calendarEvents,2026-09-15
ATRLJ-B.ST,2026-10-09,2026-10-09,confirmed,0.51,0.51,0.51,SEK,Yahoo EPS Estimate (definition unverified),False,Yahoo Finance / calendarEvents,2026-09-15
ATRLJ-B.ST,2026-10-09,2026-10-09,confirmed,,,,,,False,Börskollen / rapportkalender,2026-09-17
ATRLJ-B.ST,2026-10-09,2026-10-09,confirmed,0.51,0.51,0.51,SEK,Yahoo EPS Estimate (definition unverified),False,Yahoo Finance / calendarEvents,2026-09-20
ATRLJ-B.ST,2026-10-09,2026-10-09,confirmed,0.52,0.52,0.52,SEK,Yahoo EPS Estimate (definition unverified),False,Yahoo Finance / calendarEvents,2026-10-04
ATRLJ-B.ST,2026-10-09,2026-10-09,confirmed,,,,,,False,MFN / bolagets rapportkalender,2026-10-06
ATRLJ-B.ST,2026-10-09,2026-10-09,confirmed,,,,,,False,MFN / bolagets rapportkalender,2026-10-07
ATT.ST,2026-11-06,2026-11-06,confirmed,,,,SEK,Yahoo EPS Estimate (definition unverified),False,Yahoo Finance / calendarEvents,2026-09-15
ATT.ST,2026-11-06,2026-11-06,confirmed,,,,,,False,Börskollen / rapportkalender,2026-10-03
ATT.ST,2026-11-06,2026-11-06,confirmed,,,,SEK,Yahoo EPS Estimate (definition unverified),False,Yahoo Finance / calendarEvents,2026-10-04
AXFO.ST,2026-10-22,2026-10-22,confirmed,3.59333,3.54,3.63,SEK,Yahoo EPS Estimate (definition unverified),False,Yahoo Finance / calendarEvents,2026-09-15
AXFO.ST,2026-10-22,2026-10-22,confirmed,3.54333,3.48,3.61,SEK,Yahoo EPS Estimate (definition unverified),False,Yahoo Finance / calendarEvents,2026-09-15
AXFO.ST,2026-10-22,2026-10-22,confirmed,,,,,,False,Börskollen / rapportkalender,2026-09-17
AXFO.ST,2026-10-22,2026-10-22,confirmed,3.54333,3.48,3.61,SEK,Yahoo EPS Estimate (definition unverified),False,Yahoo Finance / calendarEvents,2026-09-20
AZA.ST,2026-10-16,2026-10-16,confirmed,5.04616,4.85272,5.14416,SEK,Yahoo EPS Estimate (definition unverified),False,Yahoo Finance / calendarEvents,2026-09-15
AZA.ST,2026-10-16,2026-10-16,confirmed,,,,,,False,Börskollen / rapportkalender,2026-09-17
AZA.ST,2026-10-16,2026-10-16,confirmed,5.04616,4.85272,5.14416,SEK,Yahoo EPS Estimate (definition unverified),False,Yahoo Finance / calendarEvents,2026-09-20
AZA.ST,2026-10-16,2026-10-16,confirmed,5.02866,4.85272,5.14416,SEK,Yahoo EPS Estimate (definition unverified),False,Yahoo Finance / calendarEvents,2026-10-04
AZN.ST,2026-10-30,2026-10-30,confirmed,2.685,2.67,2.7,USD,Yahoo EPS Estimate (definition unverified),False,Yahoo Finance / calendarEvents,2026-09-15
AZN.ST,2026-10-30,2026-10-30,confirmed,,,,,,False,Börskollen / rapportkalender,2026-09-26
AZN.ST,2026-10-30,2026-10-30,confirmed,2.685,2.67,2.7,USD,Yahoo EPS Estimate (definition unverified),False,Yahoo Finance / calendarEvents,2026-09-27
BALD-B.ST,2026-10-23,2026-10-23,confirmed,1.34,1.34,1.34,SEK,Yahoo EPS Estimate (definition unverified),False,Yahoo Finance / calendarEvents,2026-09-15
BALD-B.ST,2026-10-23,2026-10-23,confirmed,,,,,,False,Börskollen / rapportkalender,2026-09-19
BALD-B.ST,2026-10-23,2026-10-23,confirmed,1.34,1.34,1.34,SEK,Yahoo EPS Estimate (definition unverified),False,Yahoo Finance / calendarEvents,2026-09-20
BALD-B.ST,2026-10-23,2026-10-23,confirmed,1.31,1.31,1.31,SEK,Yahoo EPS Estimate (definition unverified),False,Yahoo Finance / calendarEvents,2026-10-04
BEIA-B.ST,2026-10-23,2026-10-23,confirmed,3.54907,3.34722,3.7,SEK,Yahoo EPS Estimate (definition unverified),False,Yahoo Finance / calendarEvents,2026-09-15
BEIA-B.ST,2026-10-23,2026-10-23,confirmed,,,,,,False,Börskollen / rapportkalender,2026-09-19
BEIA-B.ST,2026-10-23,2026-10-23,confirmed,3.54907,3.34722,3.7,SEK,Yahoo EPS Estimate (definition unverified),False,Yahoo Finance / calendarEvents,2026-09-20
BEIA-B.ST,2026-10-23,2026-10-23,confirmed,3.54748,3.34243,3.7,SEK,Yahoo EPS Estimate (definition unverified),False,Yahoo Finance / calendarEvents,2026-10-04
BEIJ-B.ST,2026-10-22,2026-10-22,confirmed,1.63,1.6,1.66,SEK,Yahoo EPS Estimate (definition unverified),False,Yahoo Finance / calendarEvents,2026-09-15
BEIJ-B.ST,2026-10-22,2026-10-22,confirmed,,,,,,False,Börskollen / rapportkalender,2026-09-17
BEIJ-B.ST,2026-10-22,2026-10-22,confirmed,1.63,1.6,1.66,SEK,Yahoo EPS Estimate (definition unverified),False,Yahoo Finance / calendarEvents,2026-09-20
BEIJ-B.ST,2026-10-22,2026-10-22,confirmed,1.66,1.66,1.66,SEK,Yahoo EPS Estimate (definition unverified),False,Yahoo Finance / calendarEvents,2026-10-04
BERG-B.ST,2026-10-21,2026-10-21,confirmed,2.27667,2.2,2.43,SEK,Yahoo EPS Estimate (definition unverified),False,Yahoo Finance / calendarEvents,2026-09-15
BERG-B.ST,2026-10-21,2026-10-21,confirmed,,,,,,False,Börskollen / rapportkalender,2026-09-17
BERG-B.ST,2026-10-21,2026-10-21,confirmed,2.27667,2.2,2.43,SEK,Yahoo EPS Estimate (definition unverified),False,Yahoo Finance / calendarEvents,2026-09-20
BERG-B.ST,2026-10-21,2026-10-21,confirmed,,,,,,False,MFN / bolagets rapportkalender,2026-10-07
BETS-B.ST,2026-10-22,2026-10-22,confirmed,2.7935,2.719,2.868,EUR,Yahoo EPS Estimate (definition unverified),False,Yahoo Finance / calendarEvents,2026-09-15
BETS-B.ST,2026-10-22,2026-10-22,confirmed,,,,,,False,Börskollen / rapportkalender,2026-09-17
BETS-B.ST,2026-10-22,2026-10-22,confirmed,2.7935,2.719,2.868,EUR,Yahoo EPS Estimate (definition unverified),False,Yahoo Finance / calendarEvents,2026-09-20
BILI-A.ST,2026-10-23,2026-10-23,confirmed,2.20754,2.09,2.32508,SEK,Yahoo EPS Estimate (definition unverified),False,Yahoo Finance / calendarEvents,2026-09-15
BILI-A.ST,2026-10-23,2026-10-23,confirmed,2.23,2.09,2.37,SEK,Yahoo EPS Estimate (definition unverified),False,Yahoo Finance / calendarEvents,2026-09-18
BILI-A.ST,2026-10-23,2026-10-23,confirmed,,,,,,False,Börskollen / rapportkalender,2026-09-19
BILI-A.ST,2026-10-23,2026-10-23,confirmed,2.23168,2.09,2.37337,SEK,Yahoo EPS Estimate (definition unverified),False,Yahoo Finance / calendarEvents,2026-09-20
BIOG-B.ST,2026-10-22,2026-10-22,confirmed,0.85,0.7,1.0,SEK,Yahoo EPS Estimate (definition unverified),False,Yahoo Finance / calendarEvents,2026-09-15
BIOG-B.ST,2026-10-22,2026-10-22,confirmed,,,,,,False,Börskollen / rapportkalender,2026-09-17
BIOG-B.ST,2026-10-22,2026-10-22,confirmed,0.85,0.7,1.0,SEK,Yahoo EPS Estimate (definition unverified),False,Yahoo Finance / calendarEvents,2026-09-20
BIOG-B.ST,2026-10-22,2026-10-22,confirmed,0.895,0.79,1.0,SEK,Yahoo EPS Estimate (definition unverified),False,Yahoo Finance / calendarEvents,2026-09-27
BIOG-B.ST,2026-10-22,2026-10-22,confirmed,0.845,0.79,0.9,SEK,Yahoo EPS Estimate (definition unverified),False,Yahoo Finance / calendarEvents,2026-10-04
BOL.ST,2026-10-29,2026-10-29,confirmed,10.72369,9.34,11.52,SEK,Yahoo EPS Estimate (definition unverified),False,Yahoo Finance / calendarEvents,2026-09-15
BOL.ST,2026-10-29,2026-10-29,confirmed,,,,,,False,Börskollen / rapportkalender,2026-09-26
BOL.ST,2026-10-29,2026-10-29,confirmed,10.72369,9.34,11.52,SEK,Yahoo EPS Estimate (definition unverified),False,Yahoo Finance / calendarEvents,2026-09-27
BOL.ST,2026-10-29,2026-10-29,confirmed,10.52462,9.34,11.4,SEK,Yahoo EPS Estimate (definition unverified),False,Yahoo Finance / calendarEvents,2026-10-04
BORG.ST,2026-10-23,2026-10-23,confirmed,,,,,,False,Börskollen / rapportkalender,2026-09-19
BRAV.ST,2026-10-23,2026-10-23,confirmed,1.52316,1.28947,1.65,SEK,Yahoo EPS Estimate (definition unverified),False,Yahoo Finance / calendarEvents,2026-09-15
BRAV.ST,2026-10-23,2026-10-23,confirmed,1.45974,1.28947,1.63,SEK,Yahoo EPS Estimate (definition unverified),False,Yahoo Finance / calendarEvents,2026-09-17
BRAV.ST,2026-10-23,2026-10-23,confirmed,,,,,,False,Börskollen / rapportkalender,2026-09-19
BRAV.ST,2026-10-23,2026-10-23,confirmed,1.45974,1.28947,1.63,SEK,Yahoo EPS Estimate (definition unverified),False,Yahoo Finance / calendarEvents,2026-09-20
BRAV.ST,2026-10-23,2026-10-23,confirmed,1.54508,1.46016,1.63,SEK,Yahoo EPS Estimate (definition unverified),False,Yahoo Finance / calendarEvents,2026-10-04
BTS-B.ST,2026-11-06,2026-11-06,confirmed,,,,SEK,Yahoo EPS Estimate (definition unverified),False,Yahoo Finance / calendarEvents,2026-09-15
BTS-B.ST,2026-11-06,2026-11-06,confirmed,,,,,,False,Börskollen / rapportkalender,2026-10-03
BTS-B.ST,2026-11-06,2026-11-06,confirmed,,,,SEK,Yahoo EPS Estimate (definition unverified),False,Yahoo Finance / calendarEvents,2026-10-04
CAST.ST,2026-10-22,2026-10-22,confirmed,2.0502,1.85039,2.25,SEK,Yahoo EPS Estimate (definition unverified),False,Yahoo Finance / calendarEvents,2026-09-15
CAST.ST,2026-10-22,2026-10-22,confirmed,,,,,,False,Börskollen / rapportkalender,2026-09-17
CAST.ST,2026-10-22,2026-10-22,confirmed,2.0502,1.85039,2.25,SEK,Yahoo EPS Estimate (definition unverified),False,Yahoo Finance / calendarEvents,2026-09-20
CAST.ST,2026-10-22,2026-10-22,confirmed,2.20346,1.85039,2.51,SEK,Yahoo EPS Estimate (definition unverified),False,Yahoo Finance / calendarEvents,2026-10-04
CATE.ST,2026-10-23,2026-10-23,confirmed,,,,SEK,Yahoo EPS Estimate (definition unverified),False,Yahoo Finance / calendarEvents,2026-09-15
CATE.ST,2026-10-23,2026-10-23,confirmed,,,,,,False,Börskollen / rapportkalender,2026-09-19
CATE.ST,2026-10-23,2026-10-23,confirmed,,,,SEK,Yahoo EPS Estimate (definition unverified),False,Yahoo Finance / calendarEvents,2026-09-20
CATE.ST,2026-10-23,2026-10-23,confirmed,7.04,7.04,7.04,SEK,Yahoo EPS Estimate (definition unverified),False,Yahoo Finance / calendarEvents,2026-10-04
CIBUS.ST,2026-11-04,2026-11-04,confirmed,0.28,0.28,0.28,EUR,Yahoo EPS Estimate (definition unverified),False,Yahoo Finance / calendarEvents,2026-09-15
CIBUS.ST,2026-11-04,2026-11-04,confirmed,,,,,,False,Börskollen / rapportkalender,2026-10-03
CIBUS.ST,2026-11-04,2026-11-04,confirmed,,,,EUR,Yahoo EPS Estimate (definition unverified),False,Yahoo Finance / calendarEvents,2026-10-04
CLA-B.ST,2026-11-04,2026-11-04,confirmed,0.61,0.61,0.61,SEK,Yahoo EPS Estimate (definition unverified),False,Yahoo Finance / calendarEvents,2026-09-15
CLA-B.ST,2026-11-04,2026-11-04,confirmed,,,,,,False,Börskollen / rapportkalender,2026-10-03
CLA-B.ST,2026-11-04,2026-11-04,confirmed,0.61,0.61,0.61,SEK,Yahoo EPS Estimate (definition unverified),False,Yahoo Finance / calendarEvents,2026-10-04
CLAS-B.ST,2026-12-03,2026-12-03,confirmed,6.05701,6.04,6.08102,SEK,Yahoo EPS Estimate (definition unverified),False,Yahoo Finance / calendarEvents,2026-09-15
COOR.ST,2026-10-22,2026-10-22,confirmed,0.91217,0.9,0.92434,SEK,Yahoo EPS Estimate (definition unverified),False,Yahoo Finance / calendarEvents,2026-09-15
COOR.ST,2026-10-22,2026-10-22,confirmed,,,,,,False,Börskollen / rapportkalender,2026-09-17
COOR.ST,2026-10-22,2026-10-22,confirmed,0.91217,0.9,0.92434,SEK,Yahoo EPS Estimate (definition unverified),False,Yahoo Finance / calendarEvents,2026-09-20
CTT.ST,2026-10-27,2026-10-27,confirmed,,,,SEK,Yahoo EPS Estimate (definition unverified),False,Yahoo Finance / calendarEvents,2026-09-15
CTT.ST,2026-10-27,2026-10-27,confirmed,,,,,,False,Börskollen / rapportkalender,2026-09-26
CTT.ST,2026-10-27,2026-10-27,confirmed,,,,SEK,Yahoo EPS Estimate (definition unverified),False,Yahoo Finance / calendarEvents,2026-09-27
DIOS.ST,2026-10-23,2026-10-23,confirmed,,,,SEK,Yahoo EPS Estimate (definition unverified),False,Yahoo Finance / calendarEvents,2026-09-15
DIOS.ST,2026-10-23,2026-10-23,confirmed,,,,,,False,Börskollen / rapportkalender,2026-09-19
DIOS.ST,2026-10-23,2026-10-23,confirmed,,,,SEK,Yahoo EPS Estimate (definition unverified),False,Yahoo Finance / calendarEvents,2026-09-20
DOM.ST,2026-10-22,2026-10-22,confirmed,0.46218,0.42,0.51655,SEK,Yahoo EPS Estimate (definition unverified),False,Yahoo Finance / calendarEvents,2026-09-15
DOM.ST,2026-10-22,2026-10-22,confirmed,,,,,,False,Börskollen / rapportkalender,2026-09-17
DOM.ST,2026-10-22,2026-10-22,confirmed,0.46218,0.42,0.51655,SEK,Yahoo EPS Estimate (definition unverified),False,Yahoo Finance / calendarEvents,2026-09-20
DOM.ST,2026-10-22,2026-10-22,confirmed,0.46552,0.42,0.51655,SEK,Yahoo EPS Estimate (definition unverified),False,Yahoo Finance / calendarEvents,2026-10-04
DUNI.ST,2026-10-23,2026-10-23,confirmed,,,,SEK,Yahoo EPS Estimate (definition unverified),False,Yahoo Finance / calendarEvents,2026-09-15
DUNI.ST,2026-10-23,2026-10-23,confirmed,,,,,,False,Börskollen / rapportkalender,2026-09-19
DUNI.ST,2026-10-23,2026-10-23,confirmed,,,,SEK,Yahoo EPS Estimate (definition unverified),False,Yahoo Finance / calendarEvents,2026-09-20
DYVOX.ST,2026-10-21,2026-10-21,confirmed,0.8,0.8,0.8,SEK,Yahoo EPS Estimate (definition unverified),False,Yahoo Finance / calendarEvents,2026-09-15
DYVOX.ST,2026-10-21,2026-10-21,confirmed,,,,,,False,Börskollen / rapportkalender,2026-09-17
DYVOX.ST,2026-10-21,2026-10-21,confirmed,0.8,0.8,0.8,SEK,Yahoo EPS Estimate (definition unverified),False,Yahoo Finance / calendarEvents,2026-09-20
DYVOX.ST,2026-10-21,2026-10-21,confirmed,0.76,0.76,0.76,SEK,Yahoo EPS Estimate (definition unverified),False,Yahoo Finance / calendarEvents,2026-09-27
DYVOX.ST,2026-10-21,2026-10-21,confirmed,,,,,,False,MFN / bolagets rapportkalender,2026-10-07
EAST.ST,2026-10-22,2026-10-22,confirmed,0.883,0.883,0.883,EUR,Yahoo EPS Estimate (definition unverified),False,Yahoo Finance / calendarEvents,2026-09-15
EAST.ST,2026-10-22,2026-10-22,confirmed,,,,,,False,Börskollen / rapportkalender,2026-09-17
EAST.ST,2026-10-22,2026-10-22,confirmed,0.883,0.883,0.883,EUR,Yahoo EPS Estimate (definition unverified),False,Yahoo Finance / calendarEvents,2026-09-20
EKTA-B.ST,2026-11-25,2026-11-25,confirmed,0.81377,0.7,0.94587,SEK,Yahoo EPS Estimate (definition unverified),False,Yahoo Finance / calendarEvents,2026-09-15
EKTA-B.ST,2026-11-25,2026-11-25,confirmed,0.77951,0.57397,0.94587,SEK,Yahoo EPS Estimate (definition unverified),False,Yahoo Finance / calendarEvents,2026-09-20
EKTA-B.ST,2026-11-25,2026-11-25,confirmed,0.75443,0.57397,0.94587,SEK,Yahoo EPS Estimate (definition unverified),False,Yahoo Finance / calendarEvents,2026-10-04
EMBRAC-B.ST,2026-11-11,2026-11-11,confirmed,0.6245,0.5,0.69349,SEK,Yahoo EPS Estimate (definition unverified),False,Yahoo Finance / calendarEvents,2026-09-15
EPI-A.ST,2026-10-28,2026-10-28,confirmed,2.18219,1.9819,2.32,SEK,Yahoo EPS Estimate (definition unverified),False,Yahoo Finance / calendarEvents,2026-09-15
EPI-A.ST,2026-10-28,2026-10-28,confirmed,2.18406,1.99314,2.32,SEK,Yahoo EPS Estimate (definition unverified),False,Yahoo Finance / calendarEvents,2026-09-27
EPI-A.ST,2026-10-28,2026-10-28,confirmed,2.17406,1.99314,2.32,SEK,Yahoo EPS Estimate (definition unverified),False,Yahoo Finance / calendarEvents,2026-10-04
EPI-B.ST,2026-10-28,2026-10-28,confirmed,,,,SEK,Yahoo EPS Estimate (definition unverified),False,Yahoo Finance / calendarEvents,2026-09-15
EPI-B.ST,2026-10-28,2026-10-28,confirmed,,,,,,False,Börskollen / rapportkalender,2026-09-26
EPI-B.ST,2026-10-28,2026-10-28,confirmed,,,,SEK,Yahoo EPS Estimate (definition unverified),False,Yahoo Finance / calendarEvents,2026-09-27
EQL.ST,2026-11-05,2026-11-05,confirmed,,,,,,False,Börskollen / rapportkalender,2026-10-03
EQT.ST,2026-10-15,2026-10-15,confirmed,,,,EUR,Yahoo EPS Estimate (definition unverified),False,Yahoo Finance / calendarEvents,2026-09-15
ERIC-B.ST,2026-10-15,2026-10-15,confirmed,1.54894,1.3,1.92,SEK,Yahoo EPS Estimate (definition unverified),False,Yahoo Finance / calendarEvents,2026-09-15
ERIC-B.ST,2026-10-15,2026-10-15,confirmed,,,,,,False,Börskollen / rapportkalender,2026-09-17
ERIC-B.ST,2026-10-15,2026-10-15,confirmed,1.54894,1.3,1.92,SEK,Yahoo EPS Estimate (definition unverified),False,Yahoo Finance / calendarEvents,2026-09-20
ERIC-B.ST,2026-10-15,2026-10-15,confirmed,1.52894,1.3,1.82,SEK,Yahoo EPS Estimate (definition unverified),False,Yahoo Finance / calendarEvents,2026-09-27
ERIC-B.ST,2026-10-15,2026-10-15,confirmed,1.44411,1.02,1.82,SEK,Yahoo EPS Estimate (definition unverified),False,Yahoo Finance / calendarEvents,2026-10-04
ERIC-B.ST,2026-10-15,2026-10-15,confirmed,,,,,,False,MFN / bolagets rapportkalender,2026-10-06
ERIC-B.ST,2026-10-15,2026-10-15,confirmed,,,,,,False,MFN / bolagets rapportkalender,2026-10-07
ESSITY-B.ST,2026-10-22,2026-10-22,confirmed,4.5455,4.42649,4.7,SEK,Yahoo EPS Estimate (definition unverified),False,Yahoo Finance / calendarEvents,2026-09-15
ESSITY-B.ST,2026-10-22,2026-10-22,confirmed,,,,,,False,Börskollen / rapportkalender,2026-09-17
ESSITY-B.ST,2026-10-22,2026-10-22,confirmed,4.5455,4.42649,4.7,SEK,Yahoo EPS Estimate (definition unverified),False,Yahoo Finance / calendarEvents,2026-09-20
ESSITY-B.ST,2026-10-22,2026-10-22,confirmed,4.35912,3.8,4.7,SEK,Yahoo EPS Estimate (definition unverified),False,Yahoo Finance / calendarEvents,2026-09-27
ESSITY-B.ST,2026-10-22,2026-10-22,confirmed,4.2441,3.8,4.51,SEK,Yahoo EPS Estimate (definition unverified),False,Yahoo Finance / calendarEvents,2026-10-04
EVO.ST,2026-10-23,2026-10-23,confirmed,1.33522,1.3,1.38,EUR,Yahoo EPS Estimate (definition unverified),False,Yahoo Finance / calendarEvents,2026-09-15
EVO.ST,2026-10-23,2026-10-23,confirmed,,,,,,False,Börskollen / rapportkalender,2026-09-19
EVO.ST,2026-10-23,2026-10-23,confirmed,1.33522,1.3,1.38,EUR,Yahoo EPS Estimate (definition unverified),False,Yahoo Finance / calendarEvents,2026-09-20
EVO.ST,2026-10-23,2026-10-23,confirmed,1.33781,1.3,1.38,EUR,Yahoo EPS Estimate (definition unverified),False,Yahoo Finance / calendarEvents,2026-10-04
FABG.ST,2026-10-21,2026-10-21,confirmed,1.28047,1.21141,1.34,SEK,Yahoo EPS Estimate (definition unverified),False,Yahoo Finance / calendarEvents,2026-09-15
FABG.ST,2026-10-21,2026-10-21,confirmed,,,,,,False,Börskollen / rapportkalender,2026-09-17
FABG.ST,2026-10-21,2026-10-21,confirmed,1.28047,1.21141,1.34,SEK,Yahoo EPS Estimate (definition unverified),False,Yahoo Finance / calendarEvents,2026-09-20
FABG.ST,2026-10-21,2026-10-21,confirmed,,,,,,False,MFN / bolagets rapportkalender,2026-10-07
FOI-B.ST,2026-10-28,2026-10-28,confirmed,,,,EUR,Yahoo EPS Estimate (definition unverified),False,Yahoo Finance / calendarEvents,2026-09-15
FOI-B.ST,2026-10-28,2026-10-28,confirmed,,,,,,False,Börskollen / rapportkalender,2026-09-26
FOI-B.ST,2026-10-28,2026-10-28,confirmed,,,,EUR,Yahoo EPS Estimate (definition unverified),False,Yahoo Finance / calendarEvents,2026-09-27
GETI-B.ST,2026-10-21,2026-10-21,confirmed,2.64074,2.29074,3.04149,SEK,Yahoo EPS Estimate (definition unverified),False,Yahoo Finance / calendarEvents,2026-09-15
GETI-B.ST,2026-10-21,2026-10-21,confirmed,,,,,,False,Börskollen / rapportkalender,2026-09-17
GETI-B.ST,2026-10-21,2026-10-21,confirmed,2.64074,2.29074,3.04149,SEK,Yahoo EPS Estimate (definition unverified),False,Yahoo Finance / calendarEvents,2026-09-20
GETI-B.ST,2026-10-21,2026-10-21,confirmed,2.53773,2.07093,2.76,SEK,Yahoo EPS Estimate (definition unverified),False,Yahoo Finance / calendarEvents,2026-09-27
GETI-B.ST,2026-10-21,2026-10-21,confirmed,2.53699,2.07093,2.76,SEK,Yahoo EPS Estimate (definition unverified),False,Yahoo Finance / calendarEvents,2026-10-04
GETI-B.ST,2026-10-21,2026-10-21,confirmed,,,,,,False,MFN / bolagets rapportkalender,2026-10-07
HANZA.ST,2026-10-27,2026-10-27,confirmed,1.62501,1.54,1.71002,SEK,Yahoo EPS Estimate (definition unverified),False,Yahoo Finance / calendarEvents,2026-09-15
HANZA.ST,2026-10-27,2026-10-27,confirmed,,,,,,False,Börskollen / rapportkalender,2026-09-26
HANZA.ST,2026-10-27,2026-10-27,confirmed,1.62,1.54,1.7,SEK,Yahoo EPS Estimate (definition unverified),False,Yahoo Finance / calendarEvents,2026-09-27
HANZA.ST,2026-10-27,2026-10-27,confirmed,1.60852,1.52,1.69704,SEK,Yahoo EPS Estimate (definition unverified),False,Yahoo Finance / calendarEvents,2026-10-04
HEXA-B.ST,2026-10-23,2026-10-23,confirmed,0.07276,0.07,0.08,EUR,Yahoo EPS Estimate (definition unverified),False,Yahoo Finance / calendarEvents,2026-09-15
HEXA-B.ST,2026-10-23,2026-10-23,confirmed,,,,,,False,Börskollen / rapportkalender,2026-09-19
HEXA-B.ST,2026-10-23,2026-10-23,confirmed,0.07276,0.07,0.08,EUR,Yahoo EPS Estimate (definition unverified),False,Yahoo Finance / calendarEvents,2026-09-20
HEXA-B.ST,2026-10-23,2026-10-23,confirmed,0.07424,0.07,0.08,EUR,Yahoo EPS Estimate (definition unverified),False,Yahoo Finance / calendarEvents,2026-10-04
HMS.ST,2026-10-21,2026-10-21,confirmed,3.83923,3.64,4.26,SEK,Yahoo EPS Estimate (definition unverified),False,Yahoo Finance / calendarEvents,2026-09-15
HMS.ST,2026-10-21,2026-10-21,confirmed,,,,,,False,Börskollen / rapportkalender,2026-09-17
HMS.ST,2026-10-21,2026-10-21,confirmed,3.79923,3.64,4.1,SEK,Yahoo EPS Estimate (definition unverified),False,Yahoo Finance / calendarEvents,2026-09-20
HMS.ST,2026-10-21,2026-10-21,confirmed,3.87,3.64,4.1,SEK,Yahoo EPS Estimate (definition unverified),False,Yahoo Finance / calendarEvents,2026-09-27
HMS.ST,2026-10-21,2026-10-21,confirmed,3.94187,3.73,4.1,SEK,Yahoo EPS Estimate (definition unverified),False,Yahoo Finance / calendarEvents,2026-10-04
HMS.ST,2026-10-21,2026-10-21,confirmed,,,,,,False,MFN / bolagets rapportkalender,2026-10-07
HPOL-B.ST,2026-10-23,2026-10-23,confirmed,1.555,1.51,1.6,SEK,Yahoo EPS Estimate (definition unverified),False,Yahoo Finance / calendarEvents,2026-09-15
HPOL-B.ST,2026-10-23,2026-10-23,confirmed,,,,,,False,Börskollen / rapportkalender,2026-09-19
HPOL-B.ST,2026-10-23,2026-10-23,confirmed,1.555,1.51,1.6,SEK,Yahoo EPS Estimate (definition unverified),False,Yahoo Finance / calendarEvents,2026-09-20
HPOL-B.ST,2026-10-23,2026-10-23,confirmed,1.54,1.51,1.6,SEK,Yahoo EPS Estimate (definition unverified),False,Yahoo Finance / calendarEvents,2026-09-27
HPOL-B.ST,2026-10-23,2026-10-23,confirmed,1.5325,1.48,1.6,SEK,Yahoo EPS Estimate (definition unverified),False,Yahoo Finance / calendarEvents,2026-10-04
HTRO.ST,2026-10-22,2026-10-22,confirmed,0.645,0.63,0.66,SEK,Yahoo EPS Estimate (definition unverified),False,Yahoo Finance / calendarEvents,2026-09-15
HTRO.ST,2026-10-22,2026-10-22,confirmed,,,,,,False,Börskollen / rapportkalender,2026-09-17
HTRO.ST,2026-10-22,2026-10-22,confirmed,0.645,0.63,0.66,SEK,Yahoo EPS Estimate (definition unverified),False,Yahoo Finance / calendarEvents,2026-09-20
HTRO.ST,2026-10-22,2026-10-22,confirmed,0.635,0.61,0.66,SEK,Yahoo EPS Estimate (definition unverified),False,Yahoo Finance / calendarEvents,2026-10-04
HUFV-A.ST,2026-11-05,2026-11-05,confirmed,1.25,1.25,1.25,SEK,Yahoo EPS Estimate (definition unverified),False,Yahoo Finance / calendarEvents,2026-09-15
HUFV-A.ST,2026-11-05,2026-11-05,confirmed,1.3397,1.25,1.4294,SEK,Yahoo EPS Estimate (definition unverified),False,Yahoo Finance / calendarEvents,2026-09-17
HUFV-A.ST,2026-11-05,2026-11-05,confirmed,,,,,,False,Börskollen / rapportkalender,2026-10-03
HUFV-A.ST,2026-11-05,2026-11-05,confirmed,1.3397,1.25,1.4294,SEK,Yahoo EPS Estimate (definition unverified),False,Yahoo Finance / calendarEvents,2026-10-04
INDT.ST,2026-10-23,2026-10-23,confirmed,,,,SEK,Yahoo EPS Estimate (definition unverified),False,Yahoo Finance / calendarEvents,2026-09-15
INDT.ST,2026-10-23,2026-10-23,confirmed,,,,,,False,Börskollen / rapportkalender,2026-09-19
INDT.ST,2026-10-23,2026-10-23,confirmed,2.3,2.3,2.3,SEK,Yahoo EPS Estimate (definition unverified),False,Yahoo Finance / calendarEvents,2026-09-20
INDU-A.ST,2026-10-07,2026-10-07,confirmed,,,,,,False,MFN / bolagets rapportkalender,2026-10-06
INDU-A.ST,2026-10-07,2026-10-07,confirmed,,,,,,False,MFN / bolagets rapportkalender,2026-10-07
INTRUM.ST,2026-10-23,2026-10-23,confirmed,,,,SEK,Yahoo EPS Estimate (definition unverified),False,Yahoo Finance / calendarEvents,2026-09-15
INTRUM.ST,2026-10-23,2026-10-23,confirmed,,,,,,False,Börskollen / rapportkalender,2026-09-19
INTRUM.ST,2026-10-23,2026-10-23,confirmed,,,,SEK,Yahoo EPS Estimate (definition unverified),False,Yahoo Finance / calendarEvents,2026-09-20
INVE-A.ST,2026-10-16,2026-10-16,confirmed,,,,,,False,MFN / bolagets rapportkalender,2026-10-06
INVE-A.ST,2026-10-16,2026-10-16,confirmed,,,,,,False,MFN / bolagets rapportkalender,2026-10-07
INWI.ST,2026-10-21,2026-10-21,confirmed,3.86,3.86,3.86,SEK,Yahoo EPS Estimate (definition unverified),False,Yahoo Finance / calendarEvents,2026-09-15
INWI.ST,2026-10-21,2026-10-21,confirmed,,,,,,False,Börskollen / rapportkalender,2026-09-17
INWI.ST,2026-10-21,2026-10-21,confirmed,3.86,3.86,3.86,SEK,Yahoo EPS Estimate (definition unverified),False,Yahoo Finance / calendarEvents,2026-09-20
INWI.ST,2026-10-21,2026-10-21,confirmed,3.88,3.88,3.88,SEK,Yahoo EPS Estimate (definition unverified),False,Yahoo Finance / calendarEvents,2026-10-04
INWI.ST,2026-10-21,2026-10-21,confirmed,,,,,,False,MFN / bolagets rapportkalender,2026-10-07
KAMBI.ST,2026-11-04,2026-11-04,confirmed,0.18,0.18,0.18,EUR,Yahoo EPS Estimate (definition unverified),False,Yahoo Finance / calendarEvents,2026-09-15
KAMBI.ST,2026-11-04,2026-11-04,confirmed,,,,,,False,Börskollen / rapportkalender,2026-10-03
KAMBI.ST,2026-11-04,2026-11-04,confirmed,0.18,0.18,0.18,EUR,Yahoo EPS Estimate (definition unverified),False,Yahoo Finance / calendarEvents,2026-10-04
KNOW.ST,2026-10-23,2026-10-23,confirmed,0.48945,0.4489,0.53,SEK,Yahoo EPS Estimate (definition unverified),False,Yahoo Finance / calendarEvents,2026-09-15
KNOW.ST,2026-10-23,2026-10-23,confirmed,,,,,,False,Börskollen / rapportkalender,2026-09-19
KNOW.ST,2026-10-23,2026-10-23,confirmed,0.48945,0.4489,0.53,SEK,Yahoo EPS Estimate (definition unverified),False,Yahoo Finance / calendarEvents,2026-09-20
LAGR-B.ST,2026-10-23,2026-10-23,confirmed,1.47697,1.44091,1.53,SEK,Yahoo EPS Estimate (definition unverified),False,Yahoo Finance / calendarEvents,2026-09-15
LAGR-B.ST,2026-10-23,2026-10-23,confirmed,,,,,,False,Börskollen / rapportkalender,2026-09-19
LAGR-B.ST,2026-10-23,2026-10-23,confirmed,1.47697,1.44091,1.53,SEK,Yahoo EPS Estimate (definition unverified),False,Yahoo Finance / calendarEvents,2026-09-20
LAGR-B.ST,2026-10-23,2026-10-23,confirmed,1.48697,1.44091,1.53,SEK,Yahoo EPS Estimate (definition unverified),False,Yahoo Finance / calendarEvents,2026-10-04
LIFCO-B.ST,2026-10-23,2026-10-23,confirmed,2.48025,2.1105,2.85,SEK,Yahoo EPS Estimate (definition unverified),False,Yahoo Finance / calendarEvents,2026-09-15
LIFCO-B.ST,2026-10-23,2026-10-23,confirmed,,,,,,False,Börskollen / rapportkalender,2026-09-19
LIFCO-B.ST,2026-10-23,2026-10-23,confirmed,2.48025,2.1105,2.85,SEK,Yahoo EPS Estimate (definition unverified),False,Yahoo Finance / calendarEvents,2026-09-20
LIFCO-B.ST,2026-10-23,2026-10-23,confirmed,2.45025,2.1105,2.79,SEK,Yahoo EPS Estimate (definition unverified),False,Yahoo Finance / calendarEvents,2026-10-04
LIME.ST,2026-10-20,2026-10-20,confirmed,2.36961,2.33922,2.4,SEK,Yahoo EPS Estimate (definition unverified),False,Yahoo Finance / calendarEvents,2026-09-15
LIME.ST,2026-10-20,2026-10-20,confirmed,,,,,,False,Börskollen / rapportkalender,2026-09-17
LIME.ST,2026-10-20,2026-10-20,confirmed,2.36961,2.33922,2.4,SEK,Yahoo EPS Estimate (definition unverified),False,Yahoo Finance / calendarEvents,2026-09-20
LIME.ST,2026-10-20,2026-10-20,confirmed,2.365,2.33,2.4,SEK,Yahoo EPS Estimate (definition unverified),False,Yahoo Finance / calendarEvents,2026-09-27
LIME.ST,2026-10-20,2026-10-20,confirmed,2.36526,2.33053,2.4,SEK,Yahoo EPS Estimate (definition unverified),False,Yahoo Finance / calendarEvents,2026-10-04
LIME.ST,2026-10-20,2026-10-20,confirmed,,,,,,False,MFN / bolagets rapportkalender,2026-10-06
LIME.ST,2026-10-20,2026-10-20,confirmed,,,,,,False,MFN / bolagets rapportkalender,2026-10-07
LOOMIS.ST,2026-10-30,2026-10-30,confirmed,10.325,10.14,10.51,SEK,Yahoo EPS Estimate (definition unverified),False,Yahoo Finance / calendarEvents,2026-09-15
LOOMIS.ST,2026-10-30,2026-10-30,confirmed,,,,,,False,Börskollen / rapportkalender,2026-09-26
LOOMIS.ST,2026-10-30,2026-10-30,confirmed,10.325,10.14,10.51,SEK,Yahoo EPS Estimate (definition unverified),False,Yahoo Finance / calendarEvents,2026-09-27
LUMI.ST,2026-11-04,2026-11-04,confirmed,0.27,0.21,0.35,USD,Yahoo EPS Estimate (definition unverified),False,Yahoo Finance / calendarEvents,2026-09-15
LUMI.ST,2026-11-04,2026-11-04,confirmed,,,,,,False,Börskollen / rapportkalender,2026-10-03
LUMI.ST,2026-11-04,2026-11-04,confirmed,0.27,0.21,0.35,USD,Yahoo EPS Estimate (definition unverified),False,Yahoo Finance / calendarEvents,2026-10-04
MCAP.ST,2026-10-23,2026-10-23,confirmed,,,,SEK,Yahoo EPS Estimate (definition unverified),False,Yahoo Finance / calendarEvents,2026-09-15
MCAP.ST,2026-10-23,2026-10-23,confirmed,,,,,,False,Börskollen / rapportkalender,2026-09-19
MCAP.ST,2026-10-23,2026-10-23,confirmed,,,,SEK,Yahoo EPS Estimate (definition unverified),False,Yahoo Finance / calendarEvents,2026-09-20
MCOV-B.ST,2026-11-04,2026-11-04,confirmed,,,,EUR,Yahoo EPS Estimate (definition unverified),False,Yahoo Finance / calendarEvents,2026-09-15
MCOV-B.ST,2026-11-04,2026-11-04,confirmed,,,,,,False,Börskollen / rapportkalender,2026-10-03
MCOV-B.ST,2026-11-04,2026-11-04,confirmed,,,,EUR,Yahoo EPS Estimate (definition unverified),False,Yahoo Finance / calendarEvents,2026-10-04
MSAB-B.ST,2026-10-23,2026-10-23,confirmed,,,,,,False,Börskollen / rapportkalender,2026-09-19
MTG-B.ST,2026-11-05,2026-11-05,confirmed,4.105,3.97,4.24,SEK,Yahoo EPS Estimate (definition unverified),False,Yahoo Finance / calendarEvents,2026-09-15
MTG-B.ST,2026-11-05,2026-11-05,confirmed,,,,,,False,Börskollen / rapportkalender,2026-10-03
MTG-B.ST,2026-11-05,2026-11-05,confirmed,4.105,3.97,4.24,SEK,Yahoo EPS Estimate (definition unverified),False,Yahoo Finance / calendarEvents,2026-10-04
MTRS.ST,2026-10-23,2026-10-23,confirmed,1.6389,1.62935,1.64846,SEK,Yahoo EPS Estimate (definition unverified),False,Yahoo Finance / calendarEvents,2026-09-15
MTRS.ST,2026-10-23,2026-10-23,confirmed,,,,,,False,Börskollen / rapportkalender,2026-09-19
MTRS.ST,2026-10-23,2026-10-23,confirmed,1.6389,1.62935,1.64846,SEK,Yahoo EPS Estimate (definition unverified),False,Yahoo Finance / calendarEvents,2026-09-20
MTRS.ST,2026-10-23,2026-10-23,confirmed,1.31695,0.91,1.64846,SEK,Yahoo EPS Estimate (definition unverified),False,Yahoo Finance / calendarEvents,2026-09-27
MYCR.ST,2026-10-22,2026-10-22,confirmed,1.73786,1.64,1.9,SEK,Yahoo EPS Estimate (definition unverified),False,Yahoo Finance / calendarEvents,2026-09-15
MYCR.ST,2026-10-22,2026-10-22,confirmed,,,,,,False,Börskollen / rapportkalender,2026-09-17
MYCR.ST,2026-10-22,2026-10-22,confirmed,1.73786,1.64,1.9,SEK,Yahoo EPS Estimate (definition unverified),False,Yahoo Finance / calendarEvents,2026-09-20
NDA-SE.ST,2026-10-15,2026-10-15,confirmed,0.3735,0.37,0.3805,EUR,Yahoo EPS Estimate (definition unverified),False,Yahoo Finance / calendarEvents,2026-09-15
NDA-SE.ST,2026-10-15,2026-10-15,confirmed,,,,,,False,Börskollen / rapportkalender,2026-09-17
NDA-SE.ST,2026-10-15,2026-10-15,confirmed,0.3735,0.37,0.3805,EUR,Yahoo EPS Estimate (definition unverified),False,Yahoo Finance / calendarEvents,2026-09-20
NDA-SE.ST,2026-10-15,2026-10-15,confirmed,0.36583,0.35748,0.37,EUR,Yahoo EPS Estimate (definition unverified),False,Yahoo Finance / calendarEvents,2026-10-04
NEWA-B.ST,2026-11-11,2026-11-11,confirmed,1.79333,1.72,1.86,SEK,Yahoo EPS Estimate (definition unverified),False,Yahoo Finance / calendarEvents,2026-09-15
NIBE-B.ST,2026-11-17,2026-11-17,confirmed,0.47228,0.44588,0.5,SEK,Yahoo EPS Estimate (definition unverified),False,Yahoo Finance / calendarEvents,2026-09-15
NIBE-B.ST,2026-11-17,2026-11-17,confirmed,0.46357,0.42,0.5,SEK,Yahoo EPS Estimate (definition unverified),False,Yahoo Finance / calendarEvents,2026-09-17
NIBE-B.ST,2026-11-17,2026-11-17,confirmed,0.46177,0.42,0.5,SEK,Yahoo EPS Estimate (definition unverified),False,Yahoo Finance / calendarEvents,2026-10-04
NMAN.ST,2026-10-21,2026-10-21,confirmed,,,,SEK,Yahoo EPS Estimate (definition unverified),False,Yahoo Finance / calendarEvents,2026-09-15
NMAN.ST,2026-10-21,2026-10-21,confirmed,,,,,,False,Börskollen / rapportkalender,2026-09-17
NMAN.ST,2026-10-21,2026-10-21,confirmed,,,,SEK,Yahoo EPS Estimate (definition unverified),False,Yahoo Finance / calendarEvents,2026-09-20
NMAN.ST,2026-10-21,2026-10-21,confirmed,,,,,,False,MFN / bolagets rapportkalender,2026-10-07
NOLA-B.ST,2026-10-29,2026-10-29,confirmed,0.765,0.7,0.83,SEK,Yahoo EPS Estimate (definition unverified),False,Yahoo Finance / calendarEvents,2026-09-15
NOLA-B.ST,2026-10-29,2026-10-29,confirmed,,,,,,False,Börskollen / rapportkalender,2026-09-26
NOLA-B.ST,2026-10-29,2026-10-29,confirmed,0.765,0.7,0.83,SEK,Yahoo EPS Estimate (definition unverified),False,Yahoo Finance / calendarEvents,2026-09-27
NORION.ST,2026-10-22,2026-10-22,confirmed,,,,,,False,Börskollen / rapportkalender,2026-09-17
PACT.ST,2026-10-22,2026-10-22,confirmed,,,,SEK,Yahoo EPS Estimate (definition unverified),False,Yahoo Finance / calendarEvents,2026-09-15
PACT.ST,2026-10-22,2026-10-22,confirmed,,,,,,False,Börskollen / rapportkalender,2026-09-17
PACT.ST,2026-10-22,2026-10-22,confirmed,,,,SEK,Yahoo EPS Estimate (definition unverified),False,Yahoo Finance / calendarEvents,2026-09-20
PEAB-B.ST,2026-10-28,2026-10-28,confirmed,4.20667,3.22,6.0,SEK,Yahoo EPS Estimate (definition unverified),False,Yahoo Finance / calendarEvents,2026-09-15
PEAB-B.ST,2026-10-28,2026-10-28,confirmed,,,,,,False,Börskollen / rapportkalender,2026-09-26
PEAB-B.ST,2026-10-28,2026-10-28,confirmed,4.20667,3.22,6.0,SEK,Yahoo EPS Estimate (definition unverified),False,Yahoo Finance / calendarEvents,2026-09-27
PLAZ-B.ST,2026-10-16,2026-10-16,confirmed,1.68,1.68,1.68,SEK,Yahoo EPS Estimate (definition unverified),False,Yahoo Finance / calendarEvents,2026-09-15
PLAZ-B.ST,2026-10-16,2026-10-16,confirmed,,,,,,False,Börskollen / rapportkalender,2026-09-17
PLAZ-B.ST,2026-10-16,2026-10-16,confirmed,1.68,1.68,1.68,SEK,Yahoo EPS Estimate (definition unverified),False,Yahoo Finance / calendarEvents,2026-09-20
PLAZ-B.ST,2026-10-16,2026-10-16,confirmed,,,,,,False,MFN / bolagets rapportkalender,2026-10-06
PLAZ-B.ST,2026-10-16,2026-10-16,confirmed,,,,,,False,MFN / bolagets rapportkalender,2026-10-07
PNDX-B.ST,2026-10-22,2026-10-22,confirmed,3.96652,3.96652,3.96652,SEK,Yahoo EPS Estimate (definition unverified),False,Yahoo Finance / calendarEvents,2026-09-15
PNDX-B.ST,2026-10-22,2026-10-22,confirmed,,,,,,False,Börskollen / rapportkalender,2026-09-17
PNDX-B.ST,2026-10-22,2026-10-22,confirmed,3.96652,3.96652,3.96652,SEK,Yahoo EPS Estimate (definition unverified),False,Yahoo Finance / calendarEvents,2026-09-20
REJL-B.ST,2026-10-22,2026-10-22,confirmed,1.74,1.74,1.74,SEK,Yahoo EPS Estimate (definition unverified),False,Yahoo Finance / calendarEvents,2026-09-15
REJL-B.ST,2026-10-22,2026-10-22,confirmed,,,,,,False,Börskollen / rapportkalender,2026-09-17
REJL-B.ST,2026-10-22,2026-10-22,confirmed,1.74,1.74,1.74,SEK,Yahoo EPS Estimate (definition unverified),False,Yahoo Finance / calendarEvents,2026-09-20
SAAB-B.ST,2026-10-23,2026-10-23,confirmed,2.41446,2.04,2.74124,SEK,Yahoo EPS Estimate (definition unverified),False,Yahoo Finance / calendarEvents,2026-09-15
SAAB-B.ST,2026-10-23,2026-10-23,confirmed,,,,,,False,Börskollen / rapportkalender,2026-09-19
SAAB-B.ST,2026-10-23,2026-10-23,confirmed,2.41446,2.04,2.74124,SEK,Yahoo EPS Estimate (definition unverified),False,Yahoo Finance / calendarEvents,2026-09-20
SAAB-B.ST,2026-10-23,2026-10-23,confirmed,2.4828,2.04,2.89281,SEK,Yahoo EPS Estimate (definition unverified),False,Yahoo Finance / calendarEvents,2026-10-04
SAGA-A.ST,2026-10-22,2026-10-22,confirmed,,,,,,False,Börskollen / rapportkalender,2026-09-17
SAVE.ST,2026-10-22,2026-10-22,confirmed,3.75292,3.61388,3.96,SEK,Yahoo EPS Estimate (definition unverified),False,Yahoo Finance / calendarEvents,2026-09-15
SAVE.ST,2026-10-22,2026-10-22,confirmed,,,,,,False,Börskollen / rapportkalender,2026-09-17
SAVE.ST,2026-10-22,2026-10-22,confirmed,3.75292,3.61388,3.96,SEK,Yahoo EPS Estimate (definition unverified),False,Yahoo Finance / calendarEvents,2026-09-20
SAVE.ST,2026-10-22,2026-10-22,confirmed,3.69625,3.61388,3.79,SEK,Yahoo EPS Estimate (definition unverified),False,Yahoo Finance / calendarEvents,2026-10-04
SCA-B.ST,2026-10-23,2026-10-23,confirmed,0.97184,0.87,1.11,SEK,Yahoo EPS Estimate (definition unverified),False,Yahoo Finance / calendarEvents,2026-09-15
SCA-B.ST,2026-10-23,2026-10-23,confirmed,,,,,,False,Börskollen / rapportkalender,2026-09-19
SCA-B.ST,2026-10-23,2026-10-23,confirmed,0.97184,0.87,1.11,SEK,Yahoo EPS Estimate (definition unverified),False,Yahoo Finance / calendarEvents,2026-09-20
SCA-B.ST,2026-10-23,2026-10-23,confirmed,0.95612,0.87,1.04,SEK,Yahoo EPS Estimate (definition unverified),False,Yahoo Finance / calendarEvents,2026-09-27
SCA-B.ST,2026-10-23,2026-10-23,confirmed,0.98327,0.91478,1.01,SEK,Yahoo EPS Estimate (definition unverified),False,Yahoo Finance / calendarEvents,2026-10-04
SCST.ST,2026-10-20,2026-10-20,confirmed,2.0,2.0,2.0,SEK,Yahoo EPS Estimate (definition unverified),False,Yahoo Finance / calendarEvents,2026-09-15
SCST.ST,2026-10-20,2026-10-20,confirmed,,,,,,False,Börskollen / rapportkalender,2026-09-17
SCST.ST,2026-10-20,2026-10-20,confirmed,2.3,2.3,2.3,SEK,Yahoo EPS Estimate (definition unverified),False,Yahoo Finance / calendarEvents,2026-09-18
SCST.ST,2026-10-20,2026-10-20,confirmed,,,,,,False,MFN / bolagets rapportkalender,2026-10-06
SCST.ST,2026-10-20,2026-10-20,confirmed,,,,,,False,MFN / bolagets rapportkalender,2026-10-07
SEB-A.ST,2026-10-22,2026-10-22,confirmed,4.1117,3.99802,4.22537,SEK,Yahoo EPS Estimate (definition unverified),False,Yahoo Finance / calendarEvents,2026-09-15
SEB-A.ST,2026-10-22,2026-10-22,confirmed,,,,,,False,Börskollen / rapportkalender,2026-09-17
SEB-A.ST,2026-10-22,2026-10-22,confirmed,4.1117,3.99802,4.22537,SEK,Yahoo EPS Estimate (definition unverified),False,Yahoo Finance / calendarEvents,2026-09-20
SEB-A.ST,2026-10-22,2026-10-22,confirmed,4.0436,3.93278,4.2,SEK,Yahoo EPS Estimate (definition unverified),False,Yahoo Finance / calendarEvents,2026-10-04
SECARE.ST,2026-10-21,2026-10-21,confirmed,0.35179,0.33358,0.37,SEK,Yahoo EPS Estimate (definition unverified),False,Yahoo Finance / calendarEvents,2026-09-15
SECARE.ST,2026-10-21,2026-10-21,confirmed,,,,,,False,Börskollen / rapportkalender,2026-09-17
SECARE.ST,2026-10-21,2026-10-21,confirmed,0.35179,0.33358,0.37,SEK,Yahoo EPS Estimate (definition unverified),False,Yahoo Finance / calendarEvents,2026-09-20
SECARE.ST,2026-10-21,2026-10-21,confirmed,0.345,0.32,0.37,SEK,Yahoo EPS Estimate (definition unverified),False,Yahoo Finance / calendarEvents,2026-09-27
SECARE.ST,2026-10-21,2026-10-21,confirmed,0.32758,0.31515,0.34,SEK,Yahoo EPS Estimate (definition unverified),False,Yahoo Finance / calendarEvents,2026-10-04
SECARE.ST,2026-10-21,2026-10-21,confirmed,,,,,,False,MFN / bolagets rapportkalender,2026-10-07
SECT-B.ST,2026-11-25,2026-11-25,confirmed,0.85,0.85,0.85,SEK,Yahoo EPS Estimate (definition unverified),False,Yahoo Finance / calendarEvents,2026-09-15
SECU-B.ST,2026-10-23,2026-10-23,confirmed,3.48283,3.31787,3.54,SEK,Yahoo EPS Estimate (definition unverified),False,Yahoo Finance / calendarEvents,2026-09-15
SECU-B.ST,2026-10-23,2026-10-23,confirmed,,,,,,False,Börskollen / rapportkalender,2026-09-19
SECU-B.ST,2026-10-23,2026-10-23,confirmed,3.48283,3.31787,3.54,SEK,Yahoo EPS Estimate (definition unverified),False,Yahoo Finance / calendarEvents,2026-09-20
SECU-B.ST,2026-10-23,2026-10-23,confirmed,3.49364,3.31787,3.64,SEK,Yahoo EPS Estimate (definition unverified),False,Yahoo Finance / calendarEvents,2026-10-04
SHB-A.ST,2026-10-21,2026-10-21,confirmed,2.90219,2.9,2.90438,SEK,Yahoo EPS Estimate (definition unverified),False,Yahoo Finance / calendarEvents,2026-09-15
SHB-A.ST,2026-10-21,2026-10-21,confirmed,,,,,,False,Börskollen / rapportkalender,2026-09-17
SHB-A.ST,2026-10-21,2026-10-21,confirmed,2.90219,2.9,2.90438,SEK,Yahoo EPS Estimate (definition unverified),False,Yahoo Finance / calendarEvents,2026-09-20
SHB-A.ST,2026-10-21,2026-10-21,confirmed,2.92146,2.9,2.96,SEK,Yahoo EPS Estimate (definition unverified),False,Yahoo Finance / calendarEvents,2026-09-27
SHB-A.ST,2026-10-21,2026-10-21,confirmed,2.95479,2.90438,3.0,SEK,Yahoo EPS Estimate (definition unverified),False,Yahoo Finance / calendarEvents,2026-10-04
SHOT.ST,2026-11-10,2026-11-10,confirmed,3.5,3.5,3.5,SEK,Yahoo EPS Estimate (definition unverified),False,Yahoo Finance / calendarEvents,2026-09-15
SINT.ST,2026-11-04,2026-11-04,confirmed,,,,,,False,Börskollen / rapportkalender,2026-10-03
SOBI.ST,2026-10-27,2026-10-27,confirmed,6.115,5.55,6.68,SEK,Yahoo EPS Estimate (definition unverified),False,Yahoo Finance / calendarEvents,2026-09-15
SOBI.ST,2026-10-27,2026-10-27,confirmed,,,,,,False,Börskollen / rapportkalender,2026-09-26
SOBI.ST,2026-10-27,2026-10-27,confirmed,5.95333,5.55,6.68,SEK,Yahoo EPS Estimate (definition unverified),False,Yahoo Finance / calendarEvents,2026-09-27
SVED-B.ST,2026-10-22,2026-10-22,confirmed,,,,,,False,Börskollen / rapportkalender,2026-09-17
SWEC-B.ST,2026-10-29,2026-10-29,confirmed,1.63,1.56,1.7,SEK,Yahoo EPS Estimate (definition unverified),False,Yahoo Finance / calendarEvents,2026-09-15
SWEC-B.ST,2026-10-29,2026-10-29,confirmed,,,,,,False,Börskollen / rapportkalender,2026-09-26
SWEC-B.ST,2026-10-29,2026-10-29,confirmed,1.63,1.56,1.7,SEK,Yahoo EPS Estimate (definition unverified),False,Yahoo Finance / calendarEvents,2026-09-27
SWEC-B.ST,2026-10-29,2026-10-29,confirmed,1.56333,1.43,1.7,SEK,Yahoo EPS Estimate (definition unverified),False,Yahoo Finance / calendarEvents,2026-10-04
SWED-A.ST,2026-10-22,2026-10-22,confirmed,7.49913,7.29,7.70738,SEK,Yahoo EPS Estimate (definition unverified),False,Yahoo Finance / calendarEvents,2026-09-15
SWED-A.ST,2026-10-22,2026-10-22,confirmed,7.46684,7.29,7.70738,SEK,Yahoo EPS Estimate (definition unverified),False,Yahoo Finance / calendarEvents,2026-09-17
SWED-A.ST,2026-10-22,2026-10-22,confirmed,,,,,,False,Börskollen / rapportkalender,2026-09-17
SWED-A.ST,2026-10-22,2026-10-22,confirmed,7.46684,7.29,7.70738,SEK,Yahoo EPS Estimate (definition unverified),False,Yahoo Finance / calendarEvents,2026-09-20
SWED-A.ST,2026-10-22,2026-10-22,confirmed,7.40489,7.29,7.5,SEK,Yahoo EPS Estimate (definition unverified),False,Yahoo Finance / calendarEvents,2026-10-04
TEL2-B.ST,2026-10-20,2026-10-20,confirmed,3.15,2.68,3.62,SEK,Yahoo EPS Estimate (definition unverified),False,Yahoo Finance / calendarEvents,2026-09-15
TEL2-B.ST,2026-10-20,2026-10-20,confirmed,,,,,,False,Börskollen / rapportkalender,2026-09-17
TEL2-B.ST,2026-10-20,2026-10-20,confirmed,3.15,2.68,3.62,SEK,Yahoo EPS Estimate (definition unverified),False,Yahoo Finance / calendarEvents,2026-09-20
TEL2-B.ST,2026-10-20,2026-10-20,confirmed,,,,,,False,MFN / bolagets rapportkalender,2026-10-06
TEL2-B.ST,2026-10-20,2026-10-20,confirmed,,,,,,False,MFN / bolagets rapportkalender,2026-10-07
THULE.ST,2026-10-22,2026-10-22,confirmed,3.34254,3.0927,3.55,SEK,Yahoo EPS Estimate (definition unverified),False,Yahoo Finance / calendarEvents,2026-09-15
THULE.ST,2026-10-22,2026-10-22,confirmed,,,,,,False,Börskollen / rapportkalender,2026-09-17
THULE.ST,2026-10-22,2026-10-22,confirmed,3.33254,3.0927,3.55,SEK,Yahoo EPS Estimate (definition unverified),False,Yahoo Finance / calendarEvents,2026-09-20
THULE.ST,2026-10-22,2026-10-22,confirmed,3.31254,3.0,3.55,SEK,Yahoo EPS Estimate (definition unverified),False,Yahoo Finance / calendarEvents,2026-09-27
THULE.ST,2026-10-22,2026-10-22,confirmed,3.31966,3.0,3.55,SEK,Yahoo EPS Estimate (definition unverified),False,Yahoo Finance / calendarEvents,2026-10-04
TREL-B.ST,2026-10-22,2026-10-22,confirmed,5.1084,4.95276,5.2,SEK,Yahoo EPS Estimate (definition unverified),False,Yahoo Finance / calendarEvents,2026-10-04
TREL-B.ST,2026-10-23,2026-10-23,confirmed,5.07482,4.9039,5.3,SEK,Yahoo EPS Estimate (definition unverified),False,Yahoo Finance / calendarEvents,2026-09-15
TREL-B.ST,2026-10-23,2026-10-23,confirmed,,,,,,False,Börskollen / rapportkalender,2026-09-19
TREL-B.ST,2026-10-23,2026-10-23,confirmed,5.07482,4.9039,5.3,SEK,Yahoo EPS Estimate (definition unverified),False,Yahoo Finance / calendarEvents,2026-09-20
VBG-B.ST,2026-10-27,2026-10-27,confirmed,4.1,4.1,4.1,SEK,Yahoo EPS Estimate (definition unverified),False,Yahoo Finance / calendarEvents,2026-09-15
VBG-B.ST,2026-10-27,2026-10-27,confirmed,,,,,,False,Börskollen / rapportkalender,2026-09-26
VBG-B.ST,2026-10-27,2026-10-27,confirmed,3.97,3.97,3.97,SEK,Yahoo EPS Estimate (definition unverified),False,Yahoo Finance / calendarEvents,2026-09-27
VIT-B.ST,2026-10-23,2026-10-23,confirmed,3.02928,3.02928,3.02928,SEK,Yahoo EPS Estimate (definition unverified),False,Yahoo Finance / calendarEvents,2026-09-15
VIT-B.ST,2026-10-23,2026-10-23,confirmed,,,,,,False,Börskollen / rapportkalender,2026-09-19
VIT-B.ST,2026-10-23,2026-10-23,confirmed,3.02928,3.02928,3.02928,SEK,Yahoo EPS Estimate (definition unverified),False,Yahoo Finance / calendarEvents,2026-09-20
VIT-B.ST,2026-10-23,2026-10-23,confirmed,3.07388,3.07388,3.07388,SEK,Yahoo EPS Estimate (definition unverified),False,Yahoo Finance / calendarEvents,2026-10-04
VITR.ST,2026-10-22,2026-10-22,confirmed,0.88,0.88,0.88,SEK,Yahoo EPS Estimate (definition unverified),False,Yahoo Finance / calendarEvents,2026-09-15
VITR.ST,2026-10-22,2026-10-22,confirmed,,,,,,False,Börskollen / rapportkalender,2026-09-17
VITR.ST,2026-10-22,2026-10-22,confirmed,0.88,0.88,0.88,SEK,Yahoo EPS Estimate (definition unverified),False,Yahoo Finance / calendarEvents,2026-09-20
WALL-B.ST,2026-10-15,2026-10-15,confirmed,0.55,0.55,0.55,SEK,Yahoo EPS Estimate (definition unverified),False,Yahoo Finance / calendarEvents,2026-09-15
WALL-B.ST,2026-10-15,2026-10-15,confirmed,,,,,,False,Börskollen / rapportkalender,2026-09-17
WALL-B.ST,2026-10-15,2026-10-15,confirmed,0.55,0.55,0.55,SEK,Yahoo EPS Estimate (definition unverified),False,Yahoo Finance / calendarEvents,2026-09-20
WALL-B.ST,2026-10-15,2026-10-15,confirmed,0.54,0.54,0.54,SEK,Yahoo EPS Estimate (definition unverified),False,Yahoo Finance / calendarEvents,2026-10-04
WALL-B.ST,2026-10-15,2026-10-15,confirmed,,,,,,False,MFN / bolagets rapportkalender,2026-10-06
WALL-B.ST,2026-10-15,2026-10-15,confirmed,,,,,,False,MFN / bolagets rapportkalender,2026-10-07
WIHL.ST,2026-10-21,2026-10-21,confirmed,,,,SEK,Yahoo EPS Estimate (definition unverified),False,Yahoo Finance / calendarEvents,2026-09-15
WIHL.ST,2026-10-21,2026-10-21,confirmed,,,,,,False,Börskollen / rapportkalender,2026-09-17
WIHL.ST,2026-10-21,2026-10-21,confirmed,,,,SEK,Yahoo EPS Estimate (definition unverified),False,Yahoo Finance / calendarEvents,2026-09-20
WIHL.ST,2026-10-21,2026-10-21,confirmed,,,,,,False,MFN / bolagets rapportkalender,2026-10-07
