ticker,company,mfn_slug,mfn_url,status,last_checked
AAK.ST,AAK,aak,https://mfn.se/all/a/aak,resolved,2026-09-15T19:40:00+00:00
ABB.ST,ABB,abb,https://mfn.se/all/a/abb,resolved,2026-09-15T19:40:01+00:00
ADDT-B.ST,Addtech,addtech,https://mfn.se/all/a/addtech,resolved,2026-09-15T19:40:06+00:00
ALIG.ST,Alimak,alimak-group,https://mfn.se/all/a/alimak-group,resolved,2026-09-15T19:40:09+00:00
ALIV-SDB.ST,Autoliv,autoliv,https://mfn.se/all/a/autoliv,resolved,2026-09-15T19:40:11+00:00
ALLEI.ST,Alleima,alleima,https://mfn.se/all/a/alleima,resolved,2026-09-15T19:40:14+00:00
ANOD-B.ST,Addnode,addnode-group,https://mfn.se/all/a/addnode-group,resolved,2026-09-15T19:40:18+00:00
ARJO-B.ST,Arjo,arjo,https://mfn.se/all/a/arjo,resolved,2026-09-15T19:40:19+00:00
ASSA-B.ST,Assa Abloy,assa-abloy,https://mfn.se/all/a/assa-abloy,resolved,2026-09-15T19:40:22+00:00
ATCO-A.ST,Atlas Copco A,atlas-copco,https://mfn.se/all/a/atlas-copco,resolved,2026-09-15T19:40:24+00:00
ATCO-B.ST,Atlas Copco B,atlas-copco,https://mfn.se/all/a/atlas-copco,resolved,2026-09-15T19:40:28+00:00
ATRLJ-B.ST,Atrium Ljungberg,atrium-ljungberg,https://mfn.se/all/a/atrium-ljungberg,resolved,2026-09-15T19:40:33+00:00
ATT.ST,Attendo,attendo,https://mfn.se/all/a/attendo,resolved,2026-09-15T19:40:34+00:00
AXFO.ST,Axfood,axfood,https://mfn.se/all/a/axfood,resolved,2026-09-15T19:40:39+00:00
AZA.ST,Avanza Bank,avanza-bank,https://mfn.se/all/a/avanza-bank,resolved,2026-09-15T19:40:41+00:00
AZN.ST,AstraZeneca,astrazeneca,https://mfn.se/all/a/astrazeneca,resolved,2026-09-15T19:40:42+00:00
BAHN-B.ST,Bahnhof,bahnhof,https://mfn.se/all/a/bahnhof,resolved,2026-09-15T19:40:49+00:00
BALD-B.ST,Fast Balder,,,unresolved,2026-09-22T19:43:34+00:00
BEIA-B.ST,Beijer Alma,beijer-alma,https://mfn.se/all/a/beijer-alma,resolved,2026-09-15T19:40:53+00:00
BEIJ-B.ST,Beijer Ref AB (publ),beijer-ref,https://mfn.se/all/a/beijer-ref,resolved,2026-09-15T19:40:55+00:00
BERG-B.ST,Bergman & Beving,bergman-and-beving,https://mfn.se/all/a/bergman-and-beving,resolved,2026-09-15T19:40:58+00:00
BETS-B.ST,Betsson,betsson,https://mfn.se/all/a/betsson,resolved,2026-09-15T19:41:02+00:00
BILI-A.ST,Bilia,bilia,https://mfn.se/all/a/bilia,resolved,2026-09-15T19:41:03+00:00
BIOG-B.ST,BioGaia,biogaia,https://mfn.se/all/a/biogaia,resolved,2026-09-15T19:41:04+00:00
BOL.ST,Boliden,boliden,https://mfn.se/all/a/boliden,resolved,2026-09-15T19:41:07+00:00
BORG.ST,Björn Borg,bjorn-borg,https://mfn.se/all/a/bjorn-borg,resolved,2026-09-15T19:41:09+00:00
BRAV.ST,Bravida,bravida-holding,https://mfn.se/all/a/bravida-holding,resolved,2026-09-15T19:41:11+00:00
BTS-B.ST,BTS Group,bts-group,https://mfn.se/all/a/bts-group,resolved,2026-09-15T19:41:16+00:00
CAST.ST,Castellum,castellum,https://mfn.se/all/a/castellum,resolved,2026-09-15T19:41:17+00:00
CATE.ST,Catena,catena,https://mfn.se/all/a/catena,resolved,2026-09-15T19:41:19+00:00
CIBUS.ST,Cibus Real Estate,cibus-real-estate,https://mfn.se/all/a/cibus-real-estate,resolved,2026-09-15T19:41:21+00:00
CLA-B.ST,Cloetta,cloetta,https://mfn.se/all/a/cloetta,resolved,2026-09-15T19:41:25+00:00
CLAS-B.ST,Clas Ohlson,clas-ohlson,https://mfn.se/all/a/clas-ohlson,resolved,2026-09-15T19:41:27+00:00
COOR.ST,Coor Service Management,coor-service-management-holding,https://mfn.se/all/a/coor-service-management-holding,resolved,2026-09-15T19:41:31+00:00
CTT.ST,CTT Systems,ctt-systems,https://mfn.se/all/a/ctt-systems,resolved,2026-09-15T19:41:32+00:00
DIOS.ST,Diös Fastigheter,dios,https://mfn.se/all/a/dios,resolved,2026-09-15T19:41:34+00:00
DOM.ST,Dometic,dometic-group,https://mfn.se/all/a/dometic-group,resolved,2026-09-15T19:41:36+00:00
DUNI.ST,Duni,duni,https://mfn.se/all/a/duni,resolved,2026-09-15T19:41:38+00:00
DYVOX.ST,Dynavox Group,dynavox-group,https://mfn.se/all/a/dynavox-group,resolved,2026-09-15T19:41:40+00:00
EAST.ST,Eastnine,eastnine,https://mfn.se/all/a/eastnine,resolved,2026-09-15T19:41:41+00:00
EKTA-B.ST,Elekta,elekta,https://mfn.se/all/a/elekta,resolved,2026-09-15T19:41:43+00:00
EMBRAC-B.ST,Embracer,embracer-group,https://mfn.se/all/a/embracer-group,resolved,2026-09-15T19:41:47+00:00
EPI-A.ST,Epiroc A,epiroc,https://mfn.se/all/a/epiroc,resolved,2026-09-15T19:41:49+00:00
EPI-B.ST,Epiroc B,epiroc,https://mfn.se/all/a/epiroc,resolved,2026-09-15T19:41:53+00:00
EQL.ST,EQL Pharma,eql-pharma,https://mfn.se/all/a/eql-pharma,resolved,2026-09-15T19:41:57+00:00
EQT.ST,EQT,eqt,https://mfn.se/all/a/eqt,resolved,2026-09-15T19:41:59+00:00
ERIC-B.ST,Ericsson B,ericsson,https://mfn.se/all/a/ericsson,resolved,2026-09-15T19:42:03+00:00
ESSITY-B.ST,Essity B,essity,https://mfn.se/all/a/essity,resolved,2026-09-15T19:42:05+00:00
EVO.ST,Evolution,evolution,https://mfn.se/all/a/evolution,resolved,2026-09-15T19:42:07+00:00
FABG.ST,Fabege,fabege,https://mfn.se/all/a/fabege,resolved,2026-09-15T19:42:11+00:00
FOI-B.ST,Fenix Outdoor International AG,enersense-international,https://mfn.se/all/a/enersense-international,resolved,2026-09-15T19:42:17+00:00
GENO.ST,Genovis AB (publ.),genovis,https://mfn.se/all/a/genovis,resolved,2026-09-15T19:42:24+00:00
GETI-B.ST,Getinge AB (publ),getinge,https://mfn.se/all/a/getinge,resolved,2026-09-15T19:42:27+00:00
HANZA.ST,Hanza AB (publ),hanza,https://mfn.se/all/a/hanza,resolved,2026-09-15T19:42:28+00:00
HEXA-B.ST,Hexagon AB (publ),hexagon,https://mfn.se/all/a/hexagon,resolved,2026-09-15T19:42:30+00:00
HMS.ST,HMS Networks AB (publ),hms-networks,https://mfn.se/all/a/hms-networks,resolved,2026-09-15T19:42:34+00:00
HOLM-A.ST,Holmen AB (publ),holmen,https://mfn.se/all/a/holmen,resolved,2026-09-15T19:42:36+00:00
HPOL-B.ST,HEXPOL AB (publ),hexpol,https://mfn.se/all/a/hexpol,resolved,2026-09-15T19:42:38+00:00
HTRO.ST,Hexatronic Group AB (publ),hexatronic-group,https://mfn.se/all/a/hexatronic-group,resolved,2026-09-15T19:42:39+00:00
HUFV-A.ST,Hufvudstaden AB (publ),hufvudstaden,https://mfn.se/all/a/hufvudstaden,resolved,2026-09-15T19:42:42+00:00
INDT.ST,Indutrade AB (publ),indutrade,https://mfn.se/all/a/indutrade,resolved,2026-09-15T19:42:45+00:00
INDU-A.ST,AB Industrivärden (publ),industrivarden,https://mfn.se/all/a/industrivarden,resolved,2026-09-15T19:42:46+00:00
INTRUM.ST,Intrum AB (publ),intrum,https://mfn.se/all/a/intrum,resolved,2026-09-15T19:42:50+00:00
INVE-A.ST,Investor AB (publ),investor,https://mfn.se/all/a/investor,resolved,2026-09-15T19:42:55+00:00
INWI.ST,Inwido AB (publ),inwido,https://mfn.se/all/a/inwido,resolved,2026-09-15T19:42:58+00:00
KAMBI.ST,Kambi Group plc,kambi-group,https://mfn.se/all/a/kambi-group,resolved,2026-09-15T19:43:00+00:00
KNOW.ST,Knowit AB (publ),knowit,https://mfn.se/all/a/knowit,resolved,2026-09-15T19:43:02+00:00
LAGR-B.ST,Lagercrantz Group AB (publ),lagercrantz-group,https://mfn.se/all/a/lagercrantz-group,resolved,2026-09-15T19:43:04+00:00
LIFCO-B.ST,Lifco AB (publ),lifco,https://mfn.se/all/a/lifco,resolved,2026-09-15T19:43:07+00:00
LIME.ST,Lime Technologies AB (publ),lime-technologies,https://mfn.se/all/a/lime-technologies,resolved,2026-09-15T19:43:10+00:00
LOOMIS.ST,Loomis AB (publ),loomis,https://mfn.se/all/a/loomis,resolved,2026-09-15T19:43:12+00:00
LUMI.ST,Lundin Mining Corporation,,,unresolved,2026-09-22T19:45:01+00:00
MCAP.ST,MedCap AB (publ),medcap,https://mfn.se/all/a/medcap,resolved,2026-09-15T19:43:19+00:00
MCOV-B.ST,Medicover AB (publ),medicover,https://mfn.se/all/a/medicover,resolved,2026-09-15T19:43:20+00:00
MSAB-B.ST,Micro Systemation AB (publ),micro-systemation,https://mfn.se/all/a/micro-systemation,resolved,2026-09-15T19:43:22+00:00
MTG-B.ST,Modern Times Group MTG AB,,,unresolved,2026-09-22T19:45:08+00:00
MTRS.ST,Munters Group AB (publ),munters-group,https://mfn.se/all/a/munters-group,resolved,2026-09-15T19:43:29+00:00
MYCR.ST,Mycronic AB (publ),mycronic,https://mfn.se/all/a/mycronic,resolved,2026-09-15T19:43:32+00:00
NDA-SE.ST,Nordea Bank Abp,,,unresolved,2026-09-22T19:45:15+00:00
NEWA-B.ST,New Wave Group AB (publ),new-wave-group,https://mfn.se/all/a/new-wave-group,resolved,2026-09-15T19:43:39+00:00
NIBE-B.ST,NIBE Industrier AB (publ),nibe-industrier,https://mfn.se/all/a/nibe-industrier,resolved,2026-09-15T19:43:42+00:00
NMAN.ST,Nederman Holding AB (publ),nederman-holding,https://mfn.se/all/a/nederman-holding,resolved,2026-09-15T19:43:44+00:00
NOLA-B.ST,Nolato AB (publ),nolato,https://mfn.se/all/a/nolato,resolved,2026-09-15T19:43:45+00:00
NORION.ST,Norion Bank AB (publ),norion-bank,https://mfn.se/all/a/norion-bank,resolved,2026-09-15T19:43:48+00:00
PACT.ST,Proact IT Group AB (publ),proact-it-group,https://mfn.se/all/a/proact-it-group,resolved,2026-09-15T19:43:50+00:00
PEAB-B.ST,Peab AB (publ),peab,https://mfn.se/all/a/peab,resolved,2026-09-15T19:43:52+00:00
PLAZ-B.ST,Platzer Fastigheter Holding AB (publ),platzer-fastigheter-holding,https://mfn.se/all/a/platzer-fastigheter-holding,resolved,2026-09-15T19:43:58+00:00
PNDX-B.ST,Pandox AB (publ),pandox,https://mfn.se/all/a/pandox,resolved,2026-09-15T19:44:01+00:00
REJL-B.ST,Rejlers AB (publ),rejlers,https://mfn.se/all/a/rejlers,resolved,2026-09-15T19:44:04+00:00
SAAB-B.ST,Saab AB (publ),saab,https://mfn.se/all/a/saab,resolved,2026-09-15T19:44:10+00:00
SAGA-A.ST,AB Sagax (publ),sagax,https://mfn.se/all/a/sagax,resolved,2026-09-15T19:44:16+00:00
SAVE.ST,Nordnet AB (publ),nordnet,https://mfn.se/all/a/nordnet,resolved,2026-09-15T19:44:18+00:00
SCA-B.ST,Svenska Cellulosa Aktiebolaget SCA (publ),,,unresolved,2026-09-22T19:45:42+00:00
SCST.ST,Scandi Standard AB (publ),scandi-standard,https://mfn.se/all/a/scandi-standard,resolved,2026-09-15T19:44:31+00:00
SEB-A.ST,Skandinaviska Enskilda Banken AB (publ),,,unresolved,2026-09-22T19:45:49+00:00
SECARE.ST,Swedencare AB (publ),swedencare,https://mfn.se/all/a/swedencare,resolved,2026-09-15T19:44:39+00:00
SECT-B.ST,Sectra AB (publ),sectra,https://mfn.se/all/a/sectra,resolved,2026-09-15T19:44:42+00:00
SECU-B.ST,Securitas AB (publ),securitas,https://mfn.se/all/a/securitas,resolved,2026-09-15T19:44:47+00:00
SFAST.ST,Stenhus Fastigheter i Norden AB (publ),norden,https://mfn.se/all/a/norden,resolved,2026-09-15T19:45:05+00:00
SHB-A.ST,Svenska Handelsbanken AB (publ),,,unresolved,2026-09-22T19:46:00+00:00
SHOT.ST,Scandic Hotels Group AB (publ),scandic-hotels-group,https://mfn.se/all/a/scandic-hotels-group,resolved,2026-09-15T19:45:19+00:00
SINT.ST,SinterCast AB (publ),sintercast,https://mfn.se/all/a/sintercast,resolved,2026-09-15T19:45:22+00:00
SOBI.ST,Swedish Orphan Biovitrum AB (publ),swedish-orphan-biovitrum,https://mfn.se/all/a/swedish-orphan-biovitrum,resolved,2026-09-15T19:45:24+00:00
SVED-B.ST,Svedbergs Group AB (publ),svedbergs-group,https://mfn.se/all/a/svedbergs-group,resolved,2026-09-15T19:45:28+00:00
SWEC-A.ST,Sweco AB (publ),sweco,https://mfn.se/all/a/sweco,resolved,2026-09-15T19:45:29+00:00
SWEC-B.ST,Sweco AB (publ),sweco,https://mfn.se/all/a/sweco,resolved,2026-09-15T19:45:31+00:00
SWED-A.ST,Swedbank AB (publ),swedbank,https://mfn.se/all/a/swedbank,resolved,2026-09-15T19:45:33+00:00
SYSR.ST,Systemair AB (publ),systemair,https://mfn.se/all/a/systemair,resolved,2026-09-15T19:45:38+00:00
TEL2-B.ST,Tele2 AB (publ),tele2,https://mfn.se/all/a/tele2,resolved,2026-09-15T19:45:43+00:00
THULE.ST,Thule Group AB (publ),thule-group,https://mfn.se/all/a/thule-group,resolved,2026-09-15T19:45:45+00:00
TREL-B.ST,Trelleborg AB (publ),trelleborg,https://mfn.se/all/a/trelleborg,resolved,2026-09-15T19:45:48+00:00
VBG-B.ST,VBG Group AB (publ),vbg-group,https://mfn.se/all/a/vbg-group,resolved,2026-09-15T19:45:53+00:00
VIT-B.ST,Vitec Software Group AB (publ),vitec-software-group,https://mfn.se/all/a/vitec-software-group,resolved,2026-09-15T19:45:54+00:00
VITR.ST,Vitrolife AB (publ),vitrolife,https://mfn.se/all/a/vitrolife,resolved,2026-09-15T19:45:56+00:00
VIVA.ST,Viva Wine Group AB,viva-wine-group,https://mfn.se/all/a/viva-wine-group,resolved,2026-09-15T19:45:58+00:00
VOLV-A.ST,AB Volvo (publ),volvo,https://mfn.se/all/a/volvo,resolved,2026-09-15T19:46:03+00:00
WALL-B.ST,Wallenstam AB (publ),wallenstam,https://mfn.se/all/a/wallenstam,resolved,2026-09-15T19:46:09+00:00
WIHL.ST,Wihlborgs Fastigheter AB (publ),wihlborgs-fastigheter,https://mfn.se/all/a/wihlborgs-fastigheter,resolved,2026-09-15T19:46:13+00:00
ZZ-B.ST,Zinzino AB (publ),zinzino,https://mfn.se/all/a/zinzino,resolved,2026-09-15T19:46:17+00:00
